Year,CustomerId,Surname,CreditScore,Geography,Gender,Age,Tenure,Balance,NumOfProducts,HasCrCard,IsActiveMember,EstimatedSalary,Exited
2025,15603771,Martin,732,France,Female,40,1,168305.52,1,1,1,29347.24,1
2025,15606672,Bartlett,716,France,Female,53,3,143102.29,2,1,1,98199.73,0
2025,15607261,Dupont,672,France,Male,27,5,114284.48,2,1,0,181830.3,0
2025,15600760,Neumann,660,France,Female,37,3,0.0,1,1,0,107493.89,0
2025,15603779,Alonso,547,France,Male,39,4,90486.58,1,0,0,134958.59,0
2025,15601772,Martinez,714,Germany,Male,30,3,162462.04,1,1,1,100387.76,0
2025,15607509,Koch,630,Germany,Female,18,9,83041.62,1,1,1,176460.04,0
2025,15602679,Wolf,662,France,Female,46,9,0.0,1,0,0,163381.55,0
2025,15602305,Fischer,625,France,Male,42,0,133598.49,2,0,1,195308.76,0
2025,15609215,Martin,731,France,Male,37,8,0.0,1,1,1,29226.14,0
2025,15603625,Dubois,564,France,Male,57,4,0.0,1,1,1,110116.08,0
2025,15604236,Becker,795,Spain,Female,53,3,0.0,1,1,0,195626.49,0
2025,15609005,Chu,823,Spain,Male,44,2,0.0,1,0,0,171785.5,0
2025,15605924,Klein,586,France,Female,23,1,0.0,1,0,0,81110.56,0
2025,15603093,Durand,676,France,Female,33,7,0.0,2,1,0,133450.08,0
2025,15607590,Simon,506,France,Female,41,6,146107.82,2,1,0,35522.76,0
2025,15604736,Schulz,762,Germany,Female,42,5,89413.08,1,0,1,82650.48,1
2025,15604366,Garcia,699,France,Female,46,8,93035.6,2,0,0,28697.73,1
2025,15604056,Mitchell,617,Germany,Female,31,10,130816.31,2,1,0,146075.22,0
2025,15604178,Sanchez,598,France,Female,46,6,55013.85,2,0,1,134277.3,0
2025,15601287,Robert,639,Spain,Female,31,3,123206.23,2,1,0,69484.22,0
2025,15608343,Meyer,492,France,Female,29,9,97822.81,1,0,1,135181.14,0
2025,15604623,Michel,512,France,Male,49,8,0.0,2,1,1,36435.6,0
2025,15602066,Alvarez,758,Germany,Male,31,6,139983.66,1,1,1,30641.29,0
2025,15609099,Hoffmann,642,Germany,Female,46,2,159595.1,1,1,1,45471.5,1
2025,15605950,Dominguez,630,France,Female,35,0,0.0,1,1,0,84310.0,0
2025,15601547,Bernard,850,Germany,Male,49,3,133765.76,1,0,1,124704.8,1
2025,15607599,Simon,698,Germany,Male,38,2,123374.54,1,0,0,56899.62,0
2025,15600313,Klein,644,France,Male,30,7,0.0,2,0,1,166451.63,0
2025,15608321,Meyer,639,France,Male,27,10,0.0,2,1,0,55542.1,0
2025,15603916,Gomez,632,Spain,Male,35,3,59684.84,1,1,0,105835.02,0
2025,15605943,Weber,737,France,Female,27,1,108515.0,2,1,1,85874.95,0
2025,15603162,Mitchell,725,France,Female,34,7,0.0,1,1,1,190503.5,0
2025,15602010,Gomez,694,Spain,Female,39,4,0.0,2,1,0,12130.02,0
2025,15607296,Schulz,791,France,Female,42,3,0.0,1,1,0,135882.59,0
2025,15604163,Schmidt,659,France,Female,39,6,140577.88,1,1,1,197965.22,0
2025,15608426,Moreau,610,Germany,Female,43,10,116240.73,1,1,1,30459.93,1
2025,15604080,Moreau,569,Germany,Male,45,3,126128.69,1,1,1,83945.47,1
2025,15604026,He,738,Germany,Female,36,3,113372.37,1,0,1,198190.12,0
2025,15602345,Petit,589,France,Female,52,6,163032.69,1,1,0,70413.73,0
2025,15600324,Richter,624,France,Female,48,8,89955.19,1,1,0,54195.12,0
2025,15602733,Martin,656,France,Male,24,0,0.0,1,1,1,131987.39,0
2025,15600704,Schulz,626,Germany,Female,53,0,37219.24,2,1,1,170917.62,1
2025,15605877,Rodriguez,615,France,Female,66,10,58340.93,1,0,0,44873.64,0
2025,15607875,He,698,Spain,Female,52,2,125232.97,2,0,1,106410.66,0
2025,15601651,Koch,692,France,Male,39,3,0.0,2,0,1,173860.85,0
2025,15600585,Gutierrez,710,France,Female,27,6,124951.8,2,0,1,82469.67,0
2025,15604625,Ruiz,639,Germany,Female,30,7,111258.25,2,1,1,145824.04,0
2025,15603939,Moreau,724,France,Male,37,6,76366.47,2,0,1,103014.71,0
2025,15601603,Chidiebere,734,France,Female,34,9,0.0,2,0,0,152799.71,0
2025,15605581,Klein,739,Germany,Female,42,6,117706.06,1,0,0,138520.86,1
2025,15605459,Thomas,578,France,Male,35,9,85664.07,2,1,1,27538.1,0
2025,15604165,Dominguez,745,France,Male,31,3,128633.85,2,1,0,178463.67,0
2025,15607796,Weber,738,Spain,Male,42,9,97683.73,1,1,0,186703.2,0
2025,15605112,Hernandez,606,France,Female,39,6,77885.85,1,1,0,47623.9,1
2025,15606700,Garcia,520,France,Male,40,2,121219.82,1,0,0,93738.79,0
2025,15604531,Schmidt,625,Spain,Female,48,4,0.0,1,1,1,154501.38,1
2025,15609223,Perez,401,Germany,Female,23,1,132686.95,1,1,0,60508.8,0
2025,15601241,Munoz,816,Germany,Female,34,5,94543.83,2,0,0,81902.78,1
2025,15605250,Alonso,845,Spain,Male,39,6,124589.65,2,0,1,142860.28,0
2025,15605045,Navarro,616,France,Male,47,10,0.0,3,0,0,13159.76,1
2025,15600147,Chu,565,Spain,Male,35,7,0.0,2,1,1,186981.86,0
2025,15602263,Dupont,587,Germany,Female,40,8,135528.08,2,0,0,16031.69,1
2025,15605451,Muller,462,France,Male,32,2,148563.41,2,1,1,189399.88,0
2025,15605346,Schmidt,619,France,Male,51,6,178027.15,1,1,1,180527.07,0
2025,15604259,Dubois,478,Spain,Male,39,5,164283.14,2,1,1,146314.12,0
2025,15605360,Torres,582,Germany,Male,49,3,112916.79,1,1,1,26936.49,1
2025,15601721,Moreau,522,Germany,Female,54,6,118179.97,1,1,0,196171.4,1
2025,15603229,Gutierrez,647,Spain,Male,49,9,0.0,1,1,1,37493.15,0
2025,15608478,Michel,752,France,Male,34,10,98301.48,2,1,1,105451.82,0
2025,15608262,Gomez,470,Spain,Male,41,7,0.0,2,1,0,39013.42,0
2025,15603462,Michel,690,Germany,Female,33,7,116125.95,2,0,1,14097.51,0
2025,15609136,Wagner,569,Germany,Male,39,8,89685.14,2,1,0,143210.65,0
2025,15601995,Dupont,497,France,Male,29,4,0.0,1,1,0,65305.5,0
2025,15603286,Lefebvre,597,Spain,Female,30,9,0.0,2,0,1,196713.1,0
2025,15603463,Petit,710,Spain,Female,37,0,0.0,2,1,1,38227.98,0
2025,15608498,Rodriguez,503,France,Female,40,2,71940.23,2,1,0,174330.2,0
2025,15607617,Gomez,755,Germany,Female,44,1,120825.45,1,1,1,14375.08,1
2025,15607675,Richter,667,France,Male,32,7,101378.31,1,1,0,173819.99,0
2025,15606028,Fischer,572,Spain,Female,26,8,0.0,2,1,0,160112.86,0
2025,15607190,Laurent,609,Spain,Male,44,2,0.0,1,1,1,119265.4,0
2025,15608589,Muller,768,Germany,Male,67,8,138151.73,1,0,1,195649.59,1
2025,15605136,Rodriguez,482,France,Male,36,10,135935.09,1,0,0,125172.71,0
2025,15604958,Dupont,736,Germany,Female,44,3,123548.71,2,1,1,78222.38,1
2025,15607093,Wagner,496,France,Female,54,6,0.0,2,1,0,37216.35,0
2025,15603035,Perez,683,Spain,Male,48,10,89101.98,2,1,0,81998.96,0
2025,15606293,Rodriguez,646,France,Female,49,1,0.0,1,0,0,37802.63,0
2025,15606488,Gomez,728,France,Female,48,1,103343.84,1,1,0,121877.14,0
2025,15601185,Dupont,731,Germany,Male,28,9,127422.88,1,0,1,163156.15,0
2025,15600516,Braun,668,Germany,Male,27,4,142960.7,1,1,1,34009.99,0
2025,15604749,Perez,800,France,Male,36,3,76272.85,1,1,1,64495.74,0
2025,15601062,Schwarz,703,Spain,Male,42,1,82516.53,1,1,1,25100.22,0
2025,15602919,Muller,645,France,Female,25,7,195026.31,2,0,1,104582.99,0
2025,15601400,Braun,666,Germany,Female,21,0,75410.76,2,1,0,56402.99,0
2025,15608487,Zimmermann,594,Germany,Female,40,8,135134.24,1,1,1,19672.25,1
2025,15608310,Petit,616,France,Female,45,8,96356.31,2,1,1,60302.65,1
2025,15603002,Schneider,777,France,Female,32,0,163051.4,1,1,1,66686.62,0
2025,15605002,Romero,533,Spain,Female,35,7,0.0,2,0,1,183490.73,1
2025,15603205,Lopez,685,France,Female,35,2,145253.91,1,0,0,93477.77,1
2025,15605880,Becker,638,France,Male,33,4,0.0,1,0,0,40459.38,0
2025,15607142,Richter,732,Spain,Male,47,7,103103.0,2,0,1,185476.64,0
2025,15605857,Dominguez,567,France,Male,40,5,92476.42,2,1,0,75006.79,0
2025,15606401,Hill,487,France,Female,40,3,107073.09,1,1,1,143181.6,0
2025,15604172,Wagner,588,France,Male,44,8,59416.39,1,0,0,38257.96,1
2025,15602059,Fischer,742,France,Male,34,9,0.0,2,1,0,143030.18,0
2025,15605616,Michel,511,France,Male,37,4,0.0,1,0,0,56924.04,0
2025,15606296,Leroy,648,France,Female,31,7,0.0,2,1,1,103344.41,0
2025,15608168,Garcia,468,France,Female,32,5,0.0,2,0,0,124895.62,0
2025,15606602,Gomez,689,France,Female,35,9,0.0,2,0,0,46182.38,0
2025,15605069,Dupont,564,France,Male,52,3,120415.2,1,0,0,154277.48,0
2025,15600526,Romero,692,Spain,Female,34,1,0.0,2,0,0,41717.67,0
2025,15600143,Bernard,442,France,Male,65,3,144971.34,1,1,0,194592.3,1
2025,15609709,Neumann,588,France,Male,43,2,0.0,2,1,1,186439.19,0
2025,15604343,Schröder,628,Germany,Male,45,4,102212.55,1,1,1,38146.5,1
2025,15600709,Dubois,631,France,Male,33,3,89337.46,1,1,0,80130.93,1
2025,15600477,Sanchez,585,Germany,Female,32,0,116659.51,1,0,1,58637.57,1
2025,15606080,Schmidt,640,Germany,Male,46,10,111929.19,2,1,0,51921.42,1
2025,15602966,Schneider,636,France,Female,28,7,0.0,1,1,0,45883.39,0
2025,15605471,Leroy,681,Germany,Female,44,6,112259.66,1,1,1,132572.56,1
2025,15603015,Zimmermann,592,France,Male,43,6,0.0,2,0,0,18310.61,0
2025,15606742,Smith,653,France,Male,23,0,73635.14,1,0,1,144416.59,0
2025,15606231,Richter,683,Spain,Male,30,7,0.0,1,1,0,33384.35,0
2025,15607457,Schmidt,726,Germany,Female,31,0,125398.59,1,1,0,52918.03,0
2025,15608858,Dominguez,639,Germany,Male,48,1,99365.21,1,0,1,24495.09,1
2025,15603327,Gutierrez,754,Spain,Male,30,2,0.0,1,1,1,179692.33,0
2025,15606975,Martin,773,France,Female,31,4,106641.54,1,0,1,134612.28,0
2025,15600640,Dominguez,613,France,Male,57,1,100481.77,2,1,1,199006.62,0
2025,15601161,Dominguez,392,France,Male,42,9,78452.87,2,1,1,104449.44,0
2025,15606378,Braun,801,Germany,Female,53,8,143726.8,2,1,0,143587.73,1
2025,15606245,Hargrave,579,France,Male,47,2,140202.25,2,0,0,65992.48,0
2025,15608493,Meyer,683,France,Male,44,2,0.0,1,0,1,143266.34,0
2025,15600959,Chidiebere,668,France,Male,42,2,0.0,1,1,0,38446.27,0
2025,15606383,Dubois,696,Germany,Male,35,5,149336.64,1,1,1,31140.67,1
2025,15604447,Mitchell,702,Germany,Female,47,6,93423.92,2,0,0,105355.76,1
2025,15603640,Wagner,471,Spain,Female,47,2,128610.69,1,1,1,166275.94,0
2025,15600281,Chidiebere,596,Spain,Male,52,6,0.0,2,1,1,30596.17,0
2025,15606944,Alvarez,616,France,Female,37,9,0.0,2,1,1,186548.36,0
2025,15609318,Smith,493,Spain,Male,31,0,0.0,1,1,0,152819.09,0
2025,15604423,Schröder,610,France,Male,18,10,0.0,1,0,1,163423.92,0
2025,15607983,Torres,706,France,Male,40,10,0.0,2,1,0,178036.39,0
2025,15601243,Thomas,763,Spain,Female,36,9,138963.59,2,1,1,172630.99,0
2025,15603535,Dominguez,613,France,Male,18,9,55164.44,1,0,1,175386.92,0
2025,15603422,Muller,689,France,Male,46,1,0.0,1,1,1,156668.7,0
2025,15604909,Bauer,445,Spain,Male,47,1,76822.91,1,1,0,139311.11,0
2025,15609247,Neumann,657,Spain,Male,27,8,0.0,2,0,1,195712.01,0
2025,15606656,Rodriguez,754,Germany,Male,41,6,131490.72,1,1,1,83762.37,1
2025,15604025,Muller,476,France,Male,34,1,0.0,2,0,0,155961.16,0
2025,15606289,Alvarez,597,France,Female,34,7,0.0,1,1,0,37647.62,0
2025,15607896,Mitchell,812,Spain,Male,46,6,115496.7,1,0,1,57893.54,0
2025,15604443,Thomas,715,France,Female,33,6,162712.3,2,1,0,27563.84,0
2025,15603859,Munoz,723,Spain,Female,62,7,0.0,2,1,0,77391.55,0
2025,15604933,Dominguez,700,Spain,Male,34,10,141783.35,2,0,0,149294.06,1
2025,15605034,Schäfer,763,Spain,Male,31,10,0.0,2,1,1,168177.06,0
2025,15602745,Hoffmann,807,Germany,Male,55,3,131086.95,1,1,1,81735.75,1
2025,15600361,Moreau,826,Spain,Male,40,0,0.0,1,0,1,104834.83,0
2025,15609529,Weber,537,France,Female,35,5,0.0,1,1,1,123029.44,0
2025,15607871,Torres,592,France,Male,25,9,123283.61,1,0,1,13121.03,0
2025,15607294,Schmidt,625,France,Male,43,7,102918.29,2,1,0,50255.51,0
2025,15609474,Torres,735,France,Male,35,7,0.0,2,1,0,11444.98,0
2025,15607005,Michel,605,Germany,Female,31,6,118452.32,2,1,1,160196.92,0
2025,15609804,Schwarz,642,Spain,Male,25,6,0.0,3,1,0,167424.48,0
2025,15605444,Wagner,850,France,Male,45,5,106934.04,1,1,0,105808.84,0
2025,15600169,Schneider,642,Spain,Male,52,5,0.0,1,1,0,122724.76,1
2025,15600082,Krüger,532,Spain,Female,50,2,69713.61,1,1,1,46827.49,0
2025,15609696,Torres,525,Spain,Male,35,10,0.0,3,0,1,186167.81,1
2025,15600572,Thomas,850,France,Male,49,5,132496.77,1,1,0,88611.57,0
2025,15604908,Chidiebere,755,France,Female,29,7,112133.14,1,1,0,15975.59,0
2025,15603914,Romero,662,France,Male,32,4,104081.96,1,1,1,107231.5,0
2025,15606190,Gutierrez,618,France,Female,45,2,0.0,1,0,1,114784.45,0
2025,15607035,Wolf,715,France,Male,35,3,131600.29,1,1,0,69201.17,0
2025,15608076,Klein,599,France,Female,32,5,94143.42,2,1,0,81052.49,0
2025,15607960,He,721,France,Male,36,6,0.0,2,1,0,76928.13,1
2025,15609472,Leroy,678,Spain,Female,46,3,67792.54,1,1,1,72485.18,0
2025,15609871,Moreno,771,Spain,Male,28,8,0.0,2,0,0,163411.03,0
2025,15600383,Meyer,736,Germany,Female,41,0,101230.86,2,1,0,90035.08,1
2025,15604179,Petit,652,Germany,Male,41,0,82890.17,3,0,1,169912.14,1
2025,15607591,Braun,501,Spain,Female,36,1,99518.16,1,1,1,75706.65,1
2025,15602464,Diaz,567,France,Female,67,7,127430.18,1,1,1,19088.51,1
2025,15608999,Schmidt,640,Spain,Male,37,1,0.0,2,1,0,198017.36,0
2025,15607783,Bartlett,582,France,Male,58,1,0.0,2,0,1,142746.32,0
2025,15603206,Schäfer,800,France,Female,47,6,147163.84,2,1,1,100806.1,0
2025,15603452,Gomez,661,France,Male,47,4,69900.84,1,1,0,142043.36,1
2025,15600418,Wolf,796,France,Female,42,3,0.0,1,0,0,107646.19,0
2025,15602071,Hernandez,824,Germany,Male,41,2,108069.08,1,1,0,174893.17,1
2025,15604037,Fischer,692,France,Female,46,9,153030.53,2,1,0,45535.66,1
2025,15604145,Zimmermann,808,France,Female,42,6,0.0,1,1,1,93854.71,0
2025,15604630,Bartlett,632,Germany,Male,31,6,131509.56,1,1,0,108537.51,1
2025,15607165,Bartlett,656,Germany,Male,42,0,99868.29,2,1,0,142907.33,1
2025,15609961,Schneider,618,France,Male,44,3,0.0,1,1,0,64715.94,1
2025,15605123,Leroy,598,Germany,Male,30,3,123481.11,1,1,1,73109.51,0
2025,15600574,Hill,850,Germany,Female,42,1,144115.03,1,1,1,10191.23,1
2025,15608120,Bauer,793,France,Male,18,3,66231.81,1,1,1,67874.43,0
2025,15602668,Hoffmann,513,France,Female,34,4,0.0,1,1,0,179360.76,0
2025,15606671,Richter,647,France,Male,36,6,99570.32,1,1,0,194925.21,0
2025,15605018,Muller,605,France,Male,21,10,40497.23,2,1,0,110112.31,0
2025,15608737,Romero,382,Spain,Female,55,4,0.0,2,1,0,33362.64,0
2025,15601534,Romero,503,France,Male,39,7,81352.47,2,1,1,22277.13,0
2025,15603317,Schäfer,638,France,Female,36,4,0.0,1,0,1,36166.57,0
2025,15608068,Schröder,632,Germany,Male,41,4,130324.66,1,0,1,184469.37,1
2025,15608228,Mitchell,702,France,Female,25,6,0.0,2,0,0,123437.37,0
2025,15607475,Becker,521,Germany,Female,31,3,119725.97,1,1,1,186152.54,0
2025,15606285,Leroy,750,France,Male,33,7,117384.09,1,1,1,77296.83,0
2025,15602738,Weber,813,France,Male,41,1,87745.66,1,1,1,113221.21,0
2025,15605114,Jimenez,596,France,Male,49,7,147072.64,2,1,1,20391.62,0
2025,15604238,Schmidt,622,France,Female,50,5,143530.95,2,0,0,108090.17,0
2025,15601890,Wolf,738,France,Male,35,10,0.0,3,1,1,140677.19,1
2025,15604108,Hargrave,607,France,Male,31,1,0.0,2,1,1,33144.17,0
2025,15608665,Leroy,641,Spain,Male,20,10,0.0,2,1,1,14115.0,0
2025,15605833,Martinez,598,France,Male,27,4,0.0,1,1,1,62284.46,0
2025,15604750,Schmidt,618,France,Male,44,1,132922.32,1,1,0,179711.98,0
2025,15605865,Chu,778,Spain,Female,55,7,0.0,3,1,0,105609.07,1
2025,15607620,Zimmermann,600,France,Female,30,9,0.0,2,0,1,154895.44,0
2025,15601394,Schneider,404,France,Male,41,9,38812.54,2,1,1,71574.56,0
2025,15609723,Romero,548,Germany,Male,41,2,122775.42,1,1,1,139071.23,1
2025,15603285,Garcia,642,Spain,Male,31,2,39680.66,2,1,1,17109.47,0
2025,15602401,Schulz,823,Spain,Male,51,5,0.0,1,1,0,115728.96,0
2025,15607924,Klein,466,France,Female,40,8,129843.98,1,1,0,137045.07,1
2025,15603528,Dubois,548,Spain,Female,46,1,0.0,2,0,0,110349.36,0
2025,15607098,Laurent,570,Germany,Male,50,8,152594.11,1,1,0,118138.96,1
2025,15601430,Schwarz,512,France,Female,40,5,0.0,2,1,0,84181.02,0
2025,15603574,Richard,780,Spain,Female,20,9,78737.16,1,1,0,31066.15,0
2025,15607064,Sanchez,593,Germany,Female,42,0,144089.26,2,0,0,176871.33,1
2025,15607225,Chidiebere,743,Spain,Male,23,0,0.0,1,1,0,186579.08,0
2025,15608105,Richter,533,Spain,Female,41,8,0.0,1,1,0,176525.46,0
2025,15606346,Obinna,657,France,Male,43,6,155195.22,2,1,1,155479.49,0
2025,15608245,Becker,686,Germany,Male,42,9,148472.62,1,1,1,54086.35,1
2025,15600955,Garcia,640,France,Male,43,0,69436.58,1,0,0,24556.22,1
2025,15607544,Leroy,487,France,Female,25,4,0.0,1,1,0,24511.8,0
2025,15607224,Laurent,516,France,Male,57,3,0.0,1,1,0,175104.48,0
2025,15608503,Perez,721,France,Male,44,6,89558.61,1,1,0,53801.83,0
2025,15603399,Laurent,596,France,Male,39,3,100807.58,2,1,1,104792.42,0
2025,15604538,Gomez,683,Germany,Female,38,9,115336.89,1,1,1,82072.13,0
2025,15606606,Braun,663,France,Female,29,0,101647.75,2,1,0,59881.22,0
2025,15606876,Lefebvre,699,Spain,Female,29,6,162689.04,2,1,0,187169.81,0
2025,15606090,Braun,580,France,Male,27,2,92381.97,1,0,1,182465.39,0
2025,15606461,Gomez,565,France,Female,36,6,0.0,1,1,1,134075.91,0
2025,15603341,Hill,617,France,Male,46,2,0.0,1,1,1,78157.49,0
2025,15606711,Lefebvre,831,France,Male,49,8,0.0,1,1,0,62467.43,0
2025,15604927,Bernard,747,France,Female,27,3,0.0,1,1,0,120179.24,1
2025,15600871,Garcia,646,France,Male,46,10,135521.96,1,1,1,106318.21,0
2025,15600004,Chidiebere,552,France,Female,25,6,0.0,1,1,1,125323.68,0
2025,15603305,Weber,780,Spain,Female,47,0,0.0,1,0,0,14851.7,0
2025,15601142,Diaz,621,Germany,Male,25,5,117681.65,2,1,0,134841.27,0
2025,15603360,Smith,775,Spain,Male,38,9,105615.51,1,0,0,125349.38,0
2025,15609679,Schwarz,530,France,Female,43,3,0.0,2,0,1,69815.11,0
2025,15607254,Martinez,581,France,Male,35,8,117648.61,2,1,0,95303.92,0
2025,15600007,Bernard,772,Spain,Female,30,10,0.0,1,1,1,25486.13,0
2025,15608813,Thomas,679,Germany,Male,18,7,134980.92,1,1,0,151142.26,1
2025,15607926,Mitchell,655,Spain,Female,40,8,121814.67,2,0,1,86440.33,0
2025,15606033,Jimenez,754,France,Male,30,9,0.0,2,1,0,190484.62,0
2025,15607918,Hoffmann,657,Germany,Female,22,2,113102.05,2,1,1,11478.91,0
2025,15609311,Schäfer,523,France,Female,24,1,0.0,1,1,0,109786.79,0
2025,15602971,Wagner,643,France,Female,40,0,23384.43,2,0,1,108635.64,0
2025,15604760,Diaz,707,France,Female,44,7,0.0,1,0,1,125172.33,1
2025,15606574,Garcia,699,Germany,Female,58,2,183939.53,2,1,0,11266.37,1
2025,15609332,Boni,686,France,Female,49,7,98128.19,2,1,1,144201.22,0
2025,15601553,Schulz,695,Spain,Male,41,4,134331.08,1,0,0,72151.99,0
2025,15604881,Gomez,710,France,Male,36,5,97880.27,1,1,0,109046.39,0
2025,15609108,Mitchell,653,Spain,Male,52,3,108076.53,2,0,1,47728.86,0
2025,15609454,Schwarz,705,Spain,Male,42,8,110262.4,2,1,0,126541.86,0
2025,15608069,Martinez,616,Germany,Male,33,4,152958.67,2,1,0,123590.0,0
2025,15601284,Jimenez,484,France,Female,51,4,0.0,1,1,1,43476.94,0
2025,15609277,Garcia,540,France,Female,53,7,162156.81,2,1,1,50870.17,0
2025,15607536,Weber,644,France,Male,48,6,85746.16,1,1,1,130890.58,1
2025,15603736,Hoffmann,684,France,Male,42,10,0.0,3,1,1,112555.79,0
2025,15605407,Onio,707,Spain,Female,32,8,0.0,1,1,0,197191.29,0
2025,15604860,Schneider,445,Spain,Female,46,5,0.0,2,1,1,170641.57,0
2025,15600389,Zimmermann,449,France,Female,32,4,0.0,2,1,1,152483.92,0
2025,15602394,Torres,655,Germany,Female,38,1,95813.01,1,1,0,149201.38,1
2025,15602518,Krüger,635,Germany,Female,20,3,149027.32,2,1,0,67409.26,0
2025,15606585,Dupont,483,France,Male,30,1,0.0,1,1,1,143547.1,0
2025,15601472,Torres,664,France,Male,30,8,130944.84,1,1,1,156529.1,0
2025,15601001,Richter,563,Germany,Male,55,1,134915.89,2,1,1,36852.81,1
2025,15602734,Bauer,683,Germany,Male,39,7,109227.28,1,1,1,38616.28,0
2025,15609877,Weber,681,Spain,Female,51,7,90386.61,1,0,1,173144.05,0
2025,15609001,Smith,779,Spain,Female,43,0,0.0,2,1,1,194664.09,0
2025,15600913,Wagner,674,France,Male,33,8,0.0,1,1,0,146789.17,0
2025,15605466,Perez,642,Germany,Male,28,2,151330.53,1,1,0,190879.12,0
2025,15607384,Lopez,573,France,Female,54,2,0.0,2,1,1,44052.9,0
2025,15602598,Hargrave,609,France,Female,26,5,0.0,2,1,1,130905.27,0
2025,15607637,Romero,622,Germany,Male,58,6,97478.95,2,1,1,112793.23,1
2025,15609150,Chidiebere,608,Germany,Female,40,9,138238.78,1,0,0,155550.33,1
2025,15607124,Gomez,492,Spain,Male,23,3,0.0,2,0,1,162637.23,0
2025,15601360,Petit,850,France,Female,51,2,61919.9,1,1,1,116427.58,0
2025,15609468,Dominguez,703,Germany,Female,43,1,97346.01,2,0,0,189643.09,1
2025,15608195,Thomas,480,Spain,Male,40,10,0.0,2,1,1,174566.3,0
2025,15602781,Romero,350,Germany,Female,25,3,105704.2,2,1,1,109940.49,1
2025,15602328,Hernandez,691,France,Male,49,0,89119.0,1,1,1,18344.3,0
2025,15601672,Lopez,628,France,Female,37,7,82603.63,1,0,0,163411.83,1
2025,15607304,Boni,567,Germany,Male,37,2,101612.53,1,0,1,94241.82,0
2025,15600835,Diaz,713,France,Male,38,9,84060.56,2,0,1,197391.35,0
2025,15609208,Gutierrez,775,Germany,Male,22,10,152646.58,1,1,0,38027.65,0
2025,15604684,Durand,686,France,Female,50,2,155565.33,1,1,1,98587.93,0
2025,15609475,Muller,458,Germany,Male,42,1,128510.11,1,1,0,155677.29,1
2025,15601728,Lefebvre,816,Germany,Male,21,4,142312.5,2,1,0,35219.61,0
2025,15606510,Martin,532,France,Female,35,3,0.0,1,0,1,93523.68,0
2025,15608799,Alonso,713,Germany,Female,31,10,94058.48,2,1,0,121192.37,0
2025,15602678,Laurent,561,Spain,Female,26,4,0.0,2,1,0,160916.06,0
2025,15609613,Laurent,697,France,Male,39,10,71197.55,1,1,0,181242.23,0
2025,15601621,Schmidt,667,Germany,Male,49,5,121297.16,1,0,1,78020.86,1
2025,15606219,Krüger,689,France,Female,28,9,105266.79,1,0,0,101685.94,0
2025,15601915,Chu,541,Spain,Male,40,8,0.0,1,1,0,122684.45,0
2025,15600343,Petit,443,Spain,Male,63,3,91854.28,2,1,0,159828.19,1
2025,15600388,Muller,684,France,Male,27,2,0.0,2,1,1,68430.08,0
2025,15604273,Laurent,720,France,Male,49,5,0.0,1,1,0,84868.99,1
2025,15604878,Bauer,605,Germany,Male,21,1,99616.85,2,1,1,63806.97,0
2025,15602303,Wagner,705,Germany,Male,29,9,156618.39,1,0,1,54679.94,0
2025,15607883,Schröder,652,Spain,Male,18,10,0.0,1,1,1,27641.57,0
2025,15600227,Leroy,514,France,Female,51,0,0.0,2,1,1,108296.23,0
2025,15601252,Smith,595,France,Male,30,0,0.0,1,1,0,12201.85,0
2025,15606485,Fischer,508,France,Female,46,1,122383.29,1,1,1,111654.59,0
2025,15608496,Durand,550,Spain,Male,27,2,0.0,2,0,1,107830.29,0
2025,15607716,Schäfer,747,France,Male,59,7,0.0,2,1,1,74117.73,0
2025,15605631,Boni,698,Germany,Female,37,5,124174.93,1,1,1,149061.82,0
2025,15604620,Schneider,779,France,Female,48,10,0.0,2,1,1,127275.81,0
2025,15609671,Zimmermann,638,Germany,Female,41,9,162316.29,2,1,0,24965.32,1
2025,15600405,Ruiz,630,France,Female,46,10,101723.98,1,0,0,160792.51,0
2025,15604624,Ruiz,690,Germany,Male,23,0,95678.68,2,1,0,157878.71,0
2025,15603186,Chu,728,Germany,Male,35,6,98041.41,1,0,0,62206.05,0
2025,15604362,Diaz,633,France,Female,31,9,0.0,2,0,0,130606.81,0
2025,15602602,Dominguez,603,France,Male,46,7,0.0,2,1,0,42302.55,0
2025,15606496,Fischer,784,France,Male,35,8,160370.47,2,1,0,95784.84,0
2025,15605879,Robert,730,Germany,Female,32,0,145503.35,2,1,0,198039.25,0
2025,15604877,Braun,676,France,Male,35,3,0.0,1,1,0,155706.18,0
2025,15604283,Fischer,692,Germany,Female,60,4,107611.64,1,0,0,154733.1,1
2025,15602074,Braun,733,Germany,Female,24,4,148548.31,2,1,0,43749.06,0
2025,15608789,Braun,569,Spain,Male,25,1,0.0,2,0,1,130919.21,0
2025,15601495,Dubois,760,Germany,Male,45,6,144951.51,1,1,1,27283.62,1
2025,15607909,Dominguez,621,Germany,Male,42,5,105255.02,2,1,1,145430.58,1
2025,15604122,Bernard,679,France,Male,50,3,85568.35,1,1,0,162700.52,0
2025,15606084,Richard,675,France,Male,54,10,134712.03,2,0,0,23369.47,0
2025,15600063,Sanchez,622,Spain,Male,24,8,49192.93,1,0,0,147778.6,1
2025,15603079,Fischer,718,Germany,Male,32,1,93925.2,1,0,0,120164.28,0
2025,15606787,Petit,695,France,Male,44,7,0.0,1,1,1,180847.11,0
2025,15601177,Rodriguez,618,Spain,Female,30,7,67233.81,2,1,1,51994.09,0
2025,15601253,Gutierrez,596,Germany,Female,36,4,81518.91,1,1,1,151309.3,0
2025,15603311,Thomas,647,Germany,Male,46,3,104902.05,1,1,1,175344.19,1
2025,15600012,Richter,623,Germany,Female,35,8,134319.83,1,1,0,102196.7,1
2025,15608746,Zimmermann,545,France,Male,49,1,0.0,1,1,1,157822.73,0
2025,15600544,Simon,829,France,Male,26,8,108198.35,1,1,0,106409.14,0
2025,15602161,Braun,558,Spain,Male,55,7,139963.22,1,1,0,141042.82,0
2025,15605328,Rodriguez,769,France,Male,65,4,129080.52,2,1,0,109285.96,1
2025,15601903,Garcia,684,France,Male,34,0,0.0,2,1,1,25843.38,0
2025,15605484,Krüger,656,Germany,Male,38,6,123720.26,2,1,0,157705.21,0
2025,15600276,Schäfer,586,Spain,Female,43,10,0.0,1,1,0,66931.08,0
2025,15602666,Rodriguez,515,France,Male,38,1,148140.35,1,0,1,40994.87,0
2025,15600735,Becker,613,Germany,Female,45,10,98649.84,2,1,0,154942.0,1
2025,15603668,Schröder,506,France,Male,41,9,0.0,2,1,1,85285.6,0
2025,15600198,Richard,850,Germany,Female,30,10,93811.87,2,1,1,187522.7,0
2025,15604548,Navarro,593,France,Female,28,7,0.0,2,0,1,188597.59,0
2025,15601870,Weber,777,France,Male,56,0,100648.54,1,1,1,168184.83,1
2025,15604393,Wagner,590,Spain,Female,36,3,83953.3,1,1,0,188883.89,0
2025,15608315,Chu,678,Spain,Female,54,3,0.0,2,1,1,131529.45,0
2025,15607765,Navarro,612,France,Female,18,1,0.0,2,1,1,38579.72,0
2025,15602435,Simon,685,Germany,Female,32,10,153260.3,1,1,1,14151.84,0
2025,15606716,He,633,Spain,Male,18,5,41437.74,1,1,1,73272.3,0
2025,15600766,Sanchez,717,France,Male,44,6,0.0,2,0,0,21454.41,0
2025,15600915,Navarro,657,France,Female,51,5,118301.43,1,1,0,149542.42,0
2025,15601038,Garcia,674,Germany,Male,35,7,46491.55,2,0,1,62604.33,0
2025,15600235,Robert,456,Germany,Female,33,8,97686.61,2,0,0,178985.43,0
2025,15608100,Jimenez,719,France,Male,39,6,0.0,2,1,0,111149.21,0
2025,15600428,Simon,528,Spain,Male,56,9,0.0,2,1,1,14982.65,0
2025,15600070,Chu,733,Spain,Male,36,5,97184.25,1,0,1,184776.87,0
2025,15601977,Boni,596,France,Male,20,6,0.0,2,0,1,19350.72,0
2025,15606276,Simon,718,France,Female,40,2,95800.01,2,1,1,49831.21,0
2025,15604354,Alonso,752,Germany,Female,67,8,104965.72,1,1,1,162648.22,1
2025,15603127,Dupont,707,France,Male,44,10,0.0,4,1,0,84040.38,1
2025,15601175,Gomez,562,Germany,Male,58,2,136198.36,2,1,1,142063.34,1
2025,15605578,Obinna,645,Germany,Female,30,9,104519.22,1,0,0,150973.67,0
2025,15607751,Leroy,679,France,Male,39,3,0.0,2,0,1,71003.82,0
2025,15604426,Alvarez,627,France,Male,38,6,0.0,1,1,0,40052.79,1
2025,15600678,Michel,596,France,Male,47,6,135813.52,2,1,0,131002.5,0
2025,15602542,Bauer,597,Spain,Female,50,9,143527.5,2,1,1,107799.47,0
2025,15608978,Thomas,714,France,Female,47,9,0.0,1,1,0,72438.89,0
2025,15609762,Schwarz,705,Germany,Male,36,5,184115.26,1,1,0,187578.64,1
2025,15607823,Dominguez,666,Germany,Male,38,10,172246.47,1,1,0,101930.52,0
2025,15606493,Fischer,687,France,Female,29,1,79632.04,2,1,1,199370.28,0
2025,15604269,Munoz,514,Spain,Male,34,10,112276.38,2,1,1,113230.57,0
2025,15601460,Schäfer,575,Spain,Female,37,5,0.0,1,0,1,174723.82,0
2025,15605181,Schneider,601,Spain,Male,33,10,0.0,1,0,1,124177.9,0
2025,15601028,Zimmermann,646,Germany,Male,33,8,136336.7,1,1,0,130632.39,0
2025,15607959,Michel,783,Spain,Male,59,9,0.0,1,1,0,86165.84,0
2025,15609371,Schwarz,599,Spain,Male,40,4,0.0,1,1,1,185379.91,0
2025,15601936,He,761,France,Female,54,3,0.0,1,1,0,57228.93,0
2025,15600802,Michel,689,Spain,Female,35,9,131912.14,2,0,1,32285.48,0
2025,15606539,Schmidt,735,Spain,Male,40,1,147354.64,2,1,0,153307.55,0
2025,15604260,Perez,689,Spain,Female,32,10,0.0,2,0,0,160946.57,0
2025,15604146,Michel,622,Germany,Female,18,5,122946.58,1,1,1,20763.98,1
2025,15601634,Gomez,838,Spain,Male,51,5,0.0,2,0,1,29214.89,0
2025,15604217,Rodriguez,572,Germany,Female,31,7,129325.87,2,0,1,108603.69,0
2025,15600557,Torres,723,France,Female,26,1,154000.33,1,1,0,90147.57,0
2025,15604610,Chu,760,France,Male,47,8,0.0,1,0,0,92041.5,0
2025,15600930,Lefebvre,549,Germany,Female,43,6,115141.15,2,0,0,58167.7,1
2025,15607563,Romero,622,France,Male,57,5,0.0,3,1,0,49782.39,0
2025,15609894,Moreno,661,Germany,Male,32,7,136633.2,2,0,0,53238.48,0
2025,15605801,Dupont,582,Spain,Female,26,10,0.0,1,1,0,76612.84,0
2025,15602559,Gutierrez,725,Spain,Male,36,9,0.0,1,1,1,116385.04,0
2025,15607334,Chidiebere,692,France,Female,21,6,68631.82,1,1,1,35276.13,0
2025,15601677,Jimenez,619,Germany,Male,45,0,120181.1,3,1,1,142065.03,1
2025,15602544,Michel,706,France,Male,44,0,133250.18,1,1,0,199690.79,0
2025,15604297,Leroy,509,Spain,Male,23,6,83383.5,2,1,1,181010.04,0
2025,15608815,Diaz,386,Germany,Female,35,3,94799.36,2,1,1,184321.1,0
2025,15605982,Bauer,682,Germany,Female,32,5,110933.8,2,0,1,119109.24,1
2025,15600292,Schulz,514,France,Female,45,8,0.0,2,0,1,144198.71,0
2025,15604302,Alonso,633,France,Male,18,0,73957.65,1,1,0,197379.25,0
2025,15604263,Hoffmann,626,France,Male,46,8,136884.72,2,1,1,125822.94,0
2025,15608420,Alonso,745,Germany,Male,42,6,124455.64,2,0,1,124289.84,1
2025,15606271,Durand,791,Spain,Female,31,5,0.0,2,1,0,83615.72,0
2025,15603762,Bauer,725,France,Female,44,6,87641.91,1,1,0,130271.39,0
2025,15601649,Dupont,650,Germany,Female,18,0,66767.7,2,1,1,197174.46,1
2025,15607310,Moreno,753,France,Female,31,1,128376.19,1,1,1,175698.45,0
2025,15602859,Navarro,775,Germany,Male,33,2,59901.52,1,0,1,128195.7,0
2025,15600966,Martin,627,Spain,Female,48,2,117958.65,1,1,0,74105.37,0
2025,15606901,Dominguez,688,Spain,Male,37,3,0.0,1,0,1,86814.09,0
2025,15607703,Richter,619,Spain,Male,33,1,45456.64,1,1,0,116969.37,0
2025,15604972,Schwarz,676,France,Male,47,7,96904.58,1,1,1,103335.49,0
2025,15609558,Richter,781,Germany,Female,56,10,117219.14,2,1,1,189888.17,1
2025,15602130,Krüger,672,France,Female,39,4,0.0,1,1,0,139991.42,0
2025,15601549,Neumann,547,Germany,Female,50,3,179893.15,2,0,1,48685.56,1
2025,15601570,Hill,787,France,Female,43,4,0.0,1,0,0,197036.37,0
2025,15602393,Garcia,622,France,Male,44,3,115369.03,1,0,0,144932.76,0
2025,15601481,Hernandez,644,France,Male,30,0,0.0,1,1,0,165177.68,0
2025,15603358,Hill,615,Germany,Female,28,10,115444.39,1,1,0,22635.06,0
2025,15606238,Petit,616,Spain,Female,28,6,0.0,1,0,1,154587.96,0
2025,15602756,Simon,448,Spain,Male,33,0,0.0,1,1,0,45050.88,0
2025,15604044,He,651,France,Male,33,9,117365.51,2,1,0,156024.35,0
2025,15607686,Chu,521,Germany,Male,60,2,107837.82,2,1,1,65443.06,1
2025,15606416,Leroy,702,Germany,Female,38,7,113003.59,1,1,0,115802.1,1
2025,15604464,Diaz,549,France,Male,45,9,105000.12,1,0,0,11121.31,1
2025,15602025,Obinna,566,Spain,Male,44,10,0.0,2,1,0,100521.37,0
2025,15600847,Dominguez,697,France,Male,22,10,0.0,1,0,0,101034.53,0
2025,15603370,Schäfer,700,Germany,Female,48,2,153607.42,2,1,1,40460.16,1
2025,15608134,Becker,503,Spain,Female,43,8,128033.36,2,1,1,177888.14,0
2025,15607286,Hoffmann,646,France,Female,32,6,0.0,2,1,0,117993.45,0
2025,15608931,Gutierrez,715,Spain,Male,39,10,0.0,1,1,0,95940.76,0
2025,15603529,Weber,551,France,Female,33,6,103478.65,1,0,1,49226.12,0
2025,15604207,Durand,598,France,Male,36,6,116281.37,1,1,0,154897.85,0
2025,15601590,Zimmermann,598,Germany,Male,30,1,72230.81,1,0,0,72986.64,1
2025,15605271,Alonso,693,France,Female,58,5,79654.33,1,1,1,67615.69,0
2025,15609657,Richard,842,Spain,Female,27,9,0.0,2,1,0,63434.58,0
2025,15601417,Rodriguez,711,Spain,Male,45,0,0.0,1,1,1,13791.28,0
2025,15605803,Gutierrez,733,Spain,Male,48,7,177452.67,2,0,0,178433.23,1
2025,15607678,Dubois,691,Germany,Male,36,10,133697.56,1,0,0,77395.25,0
2025,15601352,Wolf,780,France,Male,33,4,0.0,1,1,0,103025.72,0
2025,15608319,Bartlett,679,Germany,Male,36,5,220101.63,1,0,0,97036.63,1
2025,15607232,Mitchell,538,France,Male,26,0,0.0,1,1,1,142104.77,0
2025,15605436,Torres,753,France,Male,24,6,131741.35,1,1,1,25828.16,0
2025,15605867,Smith,716,Spain,Male,53,0,53088.13,2,1,1,80943.78,0
2025,15607850,Martinez,666,Spain,Male,39,5,94906.78,2,0,1,175946.27,0
2025,15603248,Schmidt,612,Germany,Female,54,1,171423.92,1,0,1,92264.18,1
2025,15609104,Laurent,599,France,Female,50,7,99382.68,2,1,0,122444.29,0
2025,15604809,Schulz,541,France,Female,42,2,130756.05,2,1,1,154716.64,0
2025,15601757,Moreno,505,Spain,Female,51,4,81332.05,1,0,0,110804.66,0
2025,15600109,Lopez,647,France,Female,50,0,125423.1,2,1,0,146060.85,1
2025,15607598,Muller,778,France,Male,30,9,135002.84,2,1,0,101285.27,0
2025,15605607,Klein,680,France,Male,44,0,153321.82,1,0,1,161287.81,0
2025,15602193,Fischer,599,France,Male,40,6,0.0,1,1,1,198054.81,0
2025,15608646,Fischer,736,France,Female,18,2,116303.57,1,1,1,14119.33,0
2025,15608001,Ruiz,689,Spain,Male,37,9,132375.45,1,0,1,194128.98,0
2025,15600855,Schmidt,571,France,Female,40,3,85573.04,1,0,0,74330.3,0
2025,15600899,Wagner,652,Germany,Male,29,5,114622.83,2,0,1,194381.83,0
2025,15606853,Hoffmann,789,France,Female,33,5,142469.05,1,1,0,142682.61,0
2025,15608583,Moreno,586,Spain,Male,52,9,0.0,2,1,1,13685.49,0
2025,15602517,Dupont,570,France,Female,33,7,148681.82,2,0,1,95402.14,0
2025,15600364,Gomez,669,Germany,Female,27,3,101705.73,2,1,1,61823.94,0
2025,15602402,Diaz,586,Germany,Male,45,9,80852.67,2,1,1,178106.62,1
2025,15609486,Schröder,492,France,Male,47,0,0.0,1,1,1,132357.77,0
2025,15607031,Navarro,731,France,Male,50,8,0.0,1,1,0,96629.21,1
2025,15607747,Schäfer,642,France,Male,40,0,78238.5,1,0,0,129489.16,0
2025,15605504,Schneider,620,France,Male,39,5,59832.67,2,0,1,146281.34,0
2025,15607821,He,696,Spain,Female,42,3,0.0,1,1,1,75278.89,1
2025,15601183,Fischer,589,Germany,Male,30,2,107246.8,1,1,0,175046.36,1
2025,15601309,Obinna,638,Germany,Male,58,3,138545.02,1,1,0,190493.54,1
2025,15604798,Dubois,655,France,Female,23,0,108117.98,2,1,1,48023.64,0
2025,15604008,Garcia,670,Germany,Female,34,5,81676.69,2,0,1,38928.61,1
2025,15607928,Martin,510,France,Female,51,9,0.0,1,0,1,133587.9,0
2025,15602893,Hoffmann,552,Germany,Male,38,2,142442.8,1,0,1,154354.26,0
2025,15600509,Ruiz,712,Spain,Male,53,5,0.0,2,1,0,170276.81,0
2025,15601136,Boni,533,France,Female,42,7,138627.1,1,1,0,124344.47,1
2025,15601854,Klein,690,France,Male,23,3,0.0,1,1,1,19505.33,1
2025,15609554,Gomez,558,Spain,Female,48,2,0.0,1,1,0,150950.83,0
2025,15607766,Gomez,676,France,Female,18,4,0.0,1,0,0,183767.55,0
2025,15602982,Boni,672,Spain,Male,43,3,0.0,2,1,1,14286.2,0
2025,15602488,He,783,Germany,Female,45,0,151003.14,1,1,1,180507.54,1
2025,15608217,Gomez,674,Germany,Male,41,10,142503.55,1,0,1,95117.93,1
2025,15609750,Chu,431,Spain,Male,49,7,97624.03,1,1,1,165935.7,0
2025,15602773,Navarro,495,Germany,Female,33,10,114389.18,1,1,1,98821.99,0
2025,15602729,Jimenez,761,France,Male,28,6,0.0,1,1,0,73232.77,0
2025,15603128,Koch,564,France,Male,18,5,141181.14,2,1,0,40291.31,0
2025,15603066,Dubois,546,Spain,Male,43,6,78635.16,3,1,0,119338.27,1
2025,15602005,Petit,676,Germany,Male,27,5,113595.41,2,1,0,84631.95,0
2025,15602999,Weber,479,Germany,Male,41,2,162628.66,2,0,1,10113.26,1
2025,15609860,Schröder,779,Spain,Male,30,4,0.0,1,0,0,28351.57,0
2025,15600860,Boni,698,France,Female,57,10,0.0,1,0,1,77927.72,0
2025,15604084,Ruiz,605,France,Female,52,7,66045.75,3,1,1,58598.61,1
2025,15604266,Dominguez,569,Spain,Male,26,5,131731.95,2,0,1,192925.97,0
2025,15605243,Muller,784,France,Male,47,10,54143.77,1,0,1,68864.58,0
2025,15605356,Hoffmann,695,France,Female,44,10,111185.89,2,1,1,98004.2,0
2025,15600457,Dominguez,638,Spain,Male,30,1,34637.01,1,1,1,72968.96,0
2025,15603567,Robert,662,Spain,Female,31,6,112965.34,2,0,0,18336.19,0
2025,15606247,Munoz,497,Spain,Male,39,1,0.0,1,0,0,116926.44,0
2025,15601589,Gutierrez,597,Spain,Female,18,5,141128.71,1,1,1,22383.31,0
2025,15603865,Alonso,718,France,Male,39,2,0.0,1,1,0,94759.4,0
2025,15607197,Navarro,850,Germany,Male,53,9,111695.78,1,1,1,38003.57,1
2025,15605653,Schneider,661,France,Female,33,10,0.0,2,1,0,70710.55,0
2025,15600666,Richter,541,Spain,Female,40,1,0.0,2,1,0,23474.52,0
2025,15602092,Neumann,360,France,Male,43,1,111078.95,2,1,1,59869.01,0
2025,15609775,Becker,812,France,Female,33,5,0.0,2,0,0,34192.01,0
2025,15604076,Neumann,689,Spain,Male,39,9,89536.07,1,1,0,89290.12,0
2025,15600917,Thomas,637,Spain,Female,47,10,135821.12,2,1,1,190214.23,0
2025,15603513,Dominguez,609,Spain,Male,27,10,86067.19,2,1,1,27287.66,0
2025,15609414,Munoz,776,Germany,Male,44,4,148374.72,1,0,1,55488.81,1
2025,15601914,Hernandez,558,France,Female,35,9,0.0,2,0,0,36462.76,0
2025,15603747,Jimenez,580,France,Male,35,3,66809.69,2,1,0,176467.68,0
2025,15609831,Laurent,545,Germany,Male,57,7,98440.31,2,0,1,74865.89,1
2025,15609667,Chidiebere,718,France,Male,50,0,0.0,2,1,1,187602.69,0
2025,15605480,Gomez,394,Germany,Female,35,10,204671.41,3,1,1,83508.09,1
2025,15603379,Leroy,678,France,Male,38,1,0.0,2,1,0,185892.08,0
2025,15606463,Laurent,694,France,Male,40,9,104463.68,1,1,0,186291.79,0
2025,15604321,Martinez,720,France,Male,35,6,0.0,2,0,1,150686.66,0
2025,15605102,Perez,712,Spain,Female,39,3,0.0,1,1,1,30403.51,0
2025,15601639,Hernandez,749,France,Male,45,3,0.0,1,0,1,150441.23,0
2025,15604275,Torres,565,France,Male,43,6,160286.92,2,1,1,126971.19,0
2025,15606718,Laurent,529,France,Male,29,6,0.0,1,1,1,62086.94,0
2025,15600768,Garcia,793,France,Male,34,9,0.0,2,1,0,83885.28,0
2025,15602469,Torres,554,France,Female,42,6,0.0,1,1,0,100920.84,1
2025,15602789,Schwarz,802,Germany,Male,18,5,140506.36,2,1,0,115036.56,0
2025,15607595,Zimmermann,671,Spain,Female,33,4,176687.44,1,1,1,22687.99,0
2025,15606359,Bartlett,784,Germany,Male,23,2,111628.38,1,1,1,192655.01,0
2025,15607588,Chidiebere,756,France,Female,41,1,89970.06,2,1,1,111394.89,0
2025,15606047,Hill,625,France,Female,57,8,127656.37,1,1,1,173720.78,0
2025,15603822,Gomez,668,France,Male,34,2,56385.61,2,1,1,10108.94,0
2025,15604903,Klein,555,Germany,Female,36,8,77082.52,2,0,0,169149.27,0
2025,15609949,Lopez,679,Germany,Female,26,0,119025.99,1,1,1,66704.01,0
2025,15608552,Weber,760,France,Female,40,0,0.0,2,0,1,122181.68,0
2025,15602889,Dubois,651,Germany,Female,40,3,138694.88,1,0,1,48891.56,1
2025,15603081,Bartlett,608,France,Female,35,5,0.0,1,1,0,92342.64,0
2025,15600682,Alonso,616,Spain,Male,67,7,0.0,1,1,1,12100.68,1
2025,15603053,Perez,719,France,Male,32,7,0.0,2,1,0,64136.16,0
2025,15604998,Schwarz,582,Germany,Male,39,8,87584.37,1,0,0,117606.61,1
2025,15603188,Robert,595,Spain,Female,29,10,0.0,1,0,1,82939.01,0
2025,15600797,Chu,717,France,Female,47,3,0.0,2,1,0,58478.1,0
2025,15601690,Hargrave,801,Spain,Female,42,1,0.0,2,1,0,31705.03,0
2025,15604495,Munoz,792,Germany,Male,18,4,86047.72,2,0,0,72041.28,0
2025,15603095,Schwarz,593,Germany,Male,40,0,97429.88,1,1,0,67108.1,1
2025,15603784,Fischer,674,France,Male,31,2,123764.96,2,1,1,28733.47,0
2025,15600687,Gutierrez,594,France,Female,30,3,0.0,1,0,1,69651.83,0
2025,15600918,Becker,617,France,Female,18,5,159737.01,1,1,0,103453.55,0
2025,15606121,Lefebvre,620,France,Male,52,2,0.0,2,1,0,29125.37,0
2025,15609376,Hill,830,France,Female,24,10,0.0,1,1,1,65370.38,0
2025,15606954,Alonso,692,Germany,Female,46,1,158476.31,3,1,0,46527.15,1
2025,15600286,Schneider,681,Spain,Male,37,8,0.0,2,1,1,171955.13,0
2025,15602213,Neumann,730,France,Male,37,5,101716.08,2,0,1,106686.42,0
2025,15608075,Fischer,701,France,Male,19,10,0.0,1,1,1,25096.09,0
2025,15608244,Martin,759,France,Male,50,4,92435.65,2,1,1,132419.09,0
2025,15608439,Ruiz,532,Spain,Female,36,2,0.0,1,1,0,162689.2,0
2025,15609046,Wolf,654,France,Male,43,7,0.0,1,0,1,69809.79,0
2025,15602446,Leroy,462,France,Male,49,7,99720.17,1,1,1,107429.04,0
2025,15609735,Gomez,506,Spain,Male,47,10,0.0,1,1,1,29873.48,0
2025,15604418,Schröder,569,France,Female,20,8,0.0,1,1,0,186049.86,0
2025,15606030,Chu,535,France,Male,35,7,0.0,1,1,0,160449.27,0
2025,15607076,Meyer,596,Spain,Male,34,5,114650.99,2,0,0,137002.12,0
2025,15602539,Schneider,725,France,Male,63,7,0.0,1,1,1,162623.92,0
2025,15603276,Krüger,710,Spain,Female,50,10,68197.68,2,1,1,120233.49,0
2025,15608917,Martin,736,Spain,Male,34,5,0.0,2,1,1,72467.22,0
2025,15605125,Richter,650,France,Female,30,10,0.0,1,1,1,148540.74,0
2025,15605011,Martin,615,France,Male,37,2,111723.56,1,0,0,189429.14,0
2025,15600411,Garcia,644,Spain,Female,18,8,0.0,1,1,1,25820.94,0
2025,15605320,Alonso,649,France,Male,31,0,102539.69,2,0,0,198503.37,0
2025,15603047,Munoz,542,France,Male,36,10,0.0,1,1,0,29678.18,0
2025,15609943,Fischer,542,France,Female,25,1,107769.36,2,0,0,96992.11,0
2025,15604907,Navarro,467,France,Female,38,5,0.0,2,1,1,152449.21,1
2025,15603512,Diaz,652,Spain,Female,46,8,70772.23,2,1,0,114804.87,0
2025,15607790,Martin,693,Germany,Female,31,4,88785.98,1,1,0,136316.5,0
2025,15608471,Sanchez,627,Spain,Male,34,1,176883.13,1,1,0,87305.47,1
2025,15600453,Martin,803,France,Male,21,9,123883.16,3,0,1,33508.12,0
2025,15603720,Smith,678,France,Female,46,8,72864.19,1,0,0,175357.08,0
2025,15600615,Ruiz,726,France,Female,35,6,0.0,1,0,1,27919.84,0
2025,15605301,Hargrave,560,France,Male,40,8,0.0,1,0,0,57039.4,0
2025,15600469,Leroy,741,Germany,Male,27,0,71791.9,1,0,0,139665.14,0
2025,15606857,Weber,679,France,Male,36,3,0.0,1,1,0,83803.82,0
2025,15601505,Jimenez,820,France,Female,19,4,0.0,2,0,0,58449.86,0
2025,15605475,Hargrave,535,Spain,Female,41,2,134923.21,2,1,0,57268.23,0
2025,15603336,Garcia,633,Spain,Male,23,2,107159.24,1,1,1,142282.58,0
2025,15608945,Munoz,697,France,Female,35,5,0.0,1,1,0,94248.24,0
2025,15606262,Thomas,483,France,Female,53,10,0.0,1,1,1,10580.9,0
2025,15605791,Obinna,511,Spain,Male,38,3,0.0,2,1,1,90968.93,1
2025,15602740,Zimmermann,532,France,Male,36,3,133565.89,1,1,1,40487.08,0
2025,15609720,Dubois,582,France,Female,39,8,125450.7,2,1,0,61644.3,0
2025,15607200,Hernandez,631,Germany,Female,18,3,94016.3,2,1,1,191959.0,0
2025,15607125,Zimmermann,658,Spain,Male,38,0,0.0,2,1,0,10277.5,0
2025,15604882,Schmidt,517,Germany,Male,46,4,83294.73,2,0,0,77808.63,1
2025,15606922,Simon,580,Spain,Female,45,3,84373.08,1,1,0,141048.57,1
2025,15609730,Dubois,678,France,Male,49,1,0.0,3,1,0,51939.11,1
2025,15608389,Navarro,736,France,Female,33,4,166969.13,1,0,0,27766.93,0
2025,15600517,Braun,520,Germany,Male,39,4,154012.47,2,1,0,11207.75,0
2025,15607949,Lefebvre,742,Spain,Male,46,3,103609.57,1,1,1,142228.41,1
2025,15601157,Dupont,750,Spain,Male,35,2,0.0,1,1,0,47552.49,0
2025,15602604,Obinna,595,Germany,Female,42,3,131045.29,1,0,0,168601.82,1
2025,15605141,He,607,Spain,Female,43,0,80379.46,1,0,1,39210.54,1
2025,15607082,Garcia,463,Germany,Female,35,10,73201.68,2,0,0,192759.31,0
2025,15602731,Alvarez,769,Spain,Female,38,9,0.0,1,1,0,94564.4,0
2025,15606765,Lefebvre,683,Spain,Male,32,4,0.0,2,0,0,31916.03,0
2025,15609406,Bartlett,695,France,Male,37,7,0.0,2,0,0,20038.02,0
2025,15609623,Garcia,831,Spain,Female,45,8,112370.06,1,1,1,73094.41,0
2025,15604964,Durand,772,France,Male,41,3,93653.4,1,1,1,90203.26,0
2025,15608826,Smith,690,Germany,Female,46,5,170253.91,2,0,0,173948.3,1
2025,15604409,Smith,681,France,Male,43,1,66576.58,1,0,1,179915.92,0
2025,15605341,Obinna,528,Spain,Male,28,5,0.0,2,0,1,65073.74,0
2025,15602688,Richard,548,France,Male,30,7,0.0,2,0,1,166627.83,0
2025,15601021,Chu,542,France,Male,38,0,137234.86,1,1,1,78678.68,0
2025,15603506,Zimmermann,651,France,Female,46,4,135212.42,3,1,1,68924.01,1
2025,15607094,Torres,756,Germany,Male,41,6,127840.26,2,1,0,159439.41,1
2025,15604079,Zimmermann,746,France,Female,38,1,120790.69,1,1,0,183894.64,0
2025,15600680,Sanchez,688,Germany,Female,33,7,49917.12,2,1,0,110381.05,1
2025,15609316,Perez,652,France,Male,45,10,0.0,1,1,0,148804.84,0
2025,15603316,Richard,726,France,Male,39,8,0.0,1,0,1,97773.4,1
2025,15608241,Dominguez,599,France,Male,31,5,130899.82,2,1,1,53525.02,0
2025,15609862,Munoz,719,Germany,Female,58,0,103090.2,1,0,0,107466.23,1
2025,15603493,Zimmermann,555,Germany,Male,41,5,71273.74,1,1,0,167778.97,1
2025,15601073,Dubois,787,France,Male,44,0,0.0,2,0,1,48881.58,0
2025,15604580,Alonso,479,France,Male,27,1,0.0,1,1,1,27969.23,0
2025,15602839,Zimmermann,672,France,Male,41,3,0.0,1,1,1,35594.32,0
2025,15605066,Michel,688,France,Female,39,1,78337.38,2,1,1,97725.49,0
2025,15602960,Weber,576,Spain,Male,37,2,0.0,1,0,0,73571.81,0
2025,15601295,Bernard,648,Spain,Male,54,5,0.0,2,1,1,196010.33,0
2025,15604582,Meyer,662,Spain,Male,34,9,78408.96,1,1,1,23473.41,0
2025,15602106,Zimmermann,712,Germany,Male,44,3,92283.61,2,1,0,87383.01,1
2025,15603561,Richard,716,Spain,Male,34,7,0.0,1,1,1,16931.74,0
2025,15600051,Jimenez,649,France,Male,41,5,106227.07,2,1,1,85144.34,0
2025,15605132,Chu,648,Germany,Female,27,0,186921.24,2,1,0,78651.2,0
2025,15606564,Muller,563,Spain,Male,26,1,0.0,2,1,1,51534.77,0
2025,15600527,Alonso,746,France,Female,28,1,0.0,2,1,0,181459.39,0
2025,15603713,Zimmermann,618,Spain,Female,43,4,106012.58,1,1,1,46873.15,0
2025,15603117,Richter,640,Spain,Male,26,6,0.0,1,1,0,20146.06,0
2025,15607695,Hoffmann,700,Germany,Female,27,9,110068.08,1,1,0,145784.03,0
2025,15606830,Lopez,633,Germany,Female,39,9,72500.9,2,1,0,163533.31,0
2025,15601596,Jimenez,660,Spain,Male,21,10,148364.51,2,1,0,79574.29,0
2025,15605492,Rodriguez,637,France,Male,33,4,167882.06,2,0,0,179202.54,0
2025,15605048,Michel,746,France,Female,36,8,155972.14,1,1,1,131645.5,0
2025,15603401,Meyer,695,Spain,Female,22,4,130753.25,4,1,0,71897.84,0
2025,15606153,Gutierrez,510,Germany,Male,36,8,122259.19,3,0,0,192403.9,0
2025,15601072,Martin,467,Spain,Male,28,0,94893.59,2,1,0,78157.22,0
2025,15603096,Becker,530,Germany,Female,34,5,109939.0,2,1,1,90931.22,0
2025,15602407,Thomas,671,Spain,Male,35,1,0.0,1,1,0,55714.15,0
2025,15600632,Hernandez,731,Spain,Female,55,2,0.0,1,1,0,92507.15,0
2025,15607307,Dominguez,538,France,Female,47,8,0.0,1,1,0,166476.5,0
2025,15604289,Boni,508,France,Female,24,4,0.0,2,1,0,20321.47,0
2025,15609118,Durand,627,Spain,Male,56,10,0.0,1,0,1,63162.04,1
2025,15604330,Wolf,480,France,Male,36,7,117681.32,2,0,1,34705.47,0
2025,15600032,Onio,758,Germany,Female,26,7,180248.33,3,1,0,22690.88,0
2025,15608365,Onio,548,France,Male,35,3,0.0,1,1,1,186963.46,0
2025,15602829,Petit,642,France,Male,29,1,0.0,1,0,0,138826.21,1
2025,15603597,Richard,713,France,Female,38,8,84196.1,1,1,0,195522.29,0
2025,15606101,Moreau,610,France,Female,31,4,106802.08,2,1,0,65863.14,1
2025,15603451,Dupont,592,France,Female,49,10,0.0,1,1,1,36936.92,0
2025,15607631,Wolf,685,Germany,Female,39,2,124407.04,2,0,0,121908.68,0
2025,15600809,Schmidt,741,Germany,Female,34,9,72594.66,1,0,0,54434.26,0
2025,15601550,Garcia,605,Spain,Male,53,2,62453.16,4,1,1,118760.82,1
2025,15601712,Onio,518,France,Male,34,6,148456.25,2,1,0,54830.48,0
2025,15607715,Thomas,646,Spain,Female,39,2,0.0,2,1,0,72299.21,0
2025,15609651,Schneider,557,Germany,Male,48,7,122268.82,2,1,1,38564.7,1
2025,15608324,Durand,605,France,Male,48,7,152912.06,2,1,1,128453.03,0
2025,15606112,Krüger,616,Spain,Male,55,5,166079.48,2,1,1,169935.14,0
2025,15602375,Lopez,787,Germany,Female,54,5,143260.05,2,1,1,75888.08,1
2025,15605506,Schröder,541,France,Male,52,7,0.0,2,1,0,95040.04,0
2025,15600503,Krüger,573,Spain,Male,53,4,0.0,1,1,0,136101.52,0
2025,15601520,Braun,672,France,Male,47,6,74201.55,2,1,0,70822.09,0
2025,15608144,Wolf,597,Spain,Female,31,8,0.0,2,1,0,80049.37,0
2025,15609259,Boni,653,Germany,Male,28,9,103316.89,1,1,1,180955.68,0
2025,15603293,Munoz,743,Spain,Female,44,7,148851.53,1,1,0,65891.14,0
2025,15605996,Dubois,747,Germany,Male,23,3,132988.67,2,0,0,74635.35,0
2025,15602396,Smith,603,Germany,Male,45,7,166859.67,1,0,1,194039.32,1
2025,15602054,Michel,484,Spain,Female,35,5,0.0,2,0,1,145016.9,0
2025,15607725,Boni,642,Spain,Male,49,8,0.0,2,0,0,64587.9,0
2025,15600212,Hargrave,756,France,Male,49,8,169034.11,2,1,1,47838.09,0
2025,15604883,Alvarez,732,Germany,Female,58,3,133261.21,1,1,1,30429.3,1
2025,15602787,Simon,516,France,Male,55,6,0.0,2,1,1,90987.52,0
2025,15608299,Chu,703,France,Male,37,10,97474.89,1,0,1,82757.15,0
2025,15603769,Martin,812,Germany,Male,25,2,104219.07,2,1,1,54651.89,0
2025,15600668,Romero,763,France,Male,33,6,0.0,2,0,0,88947.41,0
2025,15606088,Braun,706,France,Female,49,5,183609.28,1,1,0,90173.28,0
2025,15603836,Diaz,628,Spain,Male,35,4,150155.71,2,0,0,91340.38,0
2025,15609965,Dubois,705,Spain,Female,40,4,0.0,1,1,1,192107.65,0
2025,15606705,Garcia,659,Spain,Male,39,5,0.0,2,1,1,150249.47,0
2025,15601516,Martin,556,France,Male,37,9,105949.45,2,1,0,90383.74,0
2025,15607121,Schulz,597,Germany,Female,24,2,145678.12,1,1,0,41864.7,0
2025,15603481,Laurent,685,Spain,Female,57,8,124756.03,2,1,0,176946.16,0
2025,15609353,Hernandez,682,Germany,Female,37,8,57028.41,1,1,1,146333.47,0
2025,15605744,Boni,525,Germany,Male,48,10,68638.37,2,1,1,151897.05,1
2025,15601510,Perez,696,France,Female,55,5,0.0,1,0,0,150961.25,0
2025,15607445,Martinez,475,Germany,Female,32,7,113892.39,2,1,1,96861.68,0
2025,15607023,Schulz,776,Spain,Male,32,2,137787.86,1,1,0,126813.75,0
2025,15600448,Petit,612,Spain,Male,43,9,0.0,1,1,1,180374.25,0
2025,15602739,Gutierrez,515,Germany,Female,19,3,89720.21,1,0,1,33209.74,0
2025,15609899,Koch,684,Germany,Male,57,4,119838.04,1,0,0,191084.71,1
2025,15609422,Garcia,669,France,Female,48,7,0.0,2,1,1,72910.85,0
2025,15607556,Koch,479,Spain,Male,37,5,0.0,2,0,0,34826.98,1
2025,15605668,Dupont,584,France,Female,36,0,54152.47,1,0,1,115299.9,0
2025,15604229,Koch,569,Germany,Male,34,3,102881.16,2,1,1,54991.21,0
2025,15604091,Obinna,505,Spain,Male,43,0,0.0,1,1,0,132627.3,0
2025,15605784,Moreno,479,France,Female,42,3,92040.61,2,0,1,157999.52,0
2025,15603397,Petit,574,Spain,Male,33,0,0.0,1,1,0,107162.39,1
2025,15600661,Simon,690,Spain,Male,38,10,186414.82,1,1,1,38839.6,0
2025,15607834,Martin,789,Spain,Male,49,10,0.0,1,0,0,32027.44,0
2025,15603808,Schmidt,625,France,Female,51,7,0.0,1,0,0,93151.02,0
2025,15607530,Lefebvre,756,France,Male,30,8,0.0,1,1,0,67278.38,0
2025,15609360,Robert,687,Spain,Female,45,8,126898.57,2,1,1,11661.01,0
2025,15603487,Dubois,778,France,Female,53,9,0.0,2,0,1,82294.17,0
2025,15603936,Hargrave,585,Spain,Female,26,2,53572.59,2,1,1,36957.01,0
2025,15600914,Alonso,560,Germany,Male,25,2,153022.65,1,1,0,178739.44,0
2025,15602998,Boni,697,France,Male,40,9,0.0,1,1,1,123822.69,0
2025,15606582,Smith,719,France,Male,39,2,27262.01,1,1,0,40133.7,0
2025,15603177,Hargrave,605,France,Male,37,1,0.0,1,0,0,117241.37,0
2025,15603436,Hoffmann,721,France,Male,37,7,121970.67,2,1,1,170266.01,0
2025,15604055,Lopez,688,France,Female,32,6,0.0,1,1,1,158884.12,0
2025,15600019,Laurent,682,France,Male,26,1,0.0,1,0,1,90523.0,0
2025,15604626,Hill,599,Germany,Male,28,2,68944.09,1,1,1,26042.65,0
2025,15603004,Weber,543,France,Female,31,1,115980.85,2,1,0,191238.63,0
2025,15608021,Simon,644,Spain,Female,36,9,0.0,1,0,0,94895.77,0
2025,15609557,Lopez,569,France,Female,35,10,118077.13,1,0,0,185174.16,0
2025,15608132,Schneider,520,France,Female,36,3,120150.42,2,1,1,196166.34,0
2025,15604817,Wagner,635,France,Male,37,1,154307.37,2,1,1,13733.09,0
2025,15607626,Martinez,690,Germany,Male,54,10,139540.41,2,1,1,136864.84,1
2025,15601659,Diaz,562,Spain,Female,30,9,0.0,2,0,0,85050.04,0
2025,15602079,Wolf,691,Germany,Male,52,10,142473.87,2,0,1,182534.39,1
2025,15607662,Robert,719,France,Female,50,4,0.0,2,0,1,50077.73,0
2025,15603222,Neumann,684,Germany,Male,18,9,86611.13,1,1,0,183103.46,1
2025,15600037,Becker,693,Spain,Male,44,0,128539.54,1,1,1,40088.11,0
2025,15601710,Boni,541,Germany,Male,37,8,178412.19,2,0,1,140025.77,0
2025,15601909,Neumann,670,Germany,Male,27,2,129812.66,1,1,0,105693.41,0
2025,15608293,Jimenez,626,Spain,Male,47,8,47331.31,2,1,1,153988.21,0
2025,15604310,Alonso,679,Germany,Male,68,8,70521.07,2,1,1,112618.05,1
2025,15609818,Diaz,810,France,Female,49,6,53813.93,1,1,0,136916.91,0
2025,15603055,Neumann,506,Spain,Male,28,9,71395.32,1,0,0,199819.15,0
2025,15605160,Richter,608,Germany,Female,48,1,127296.77,1,0,0,90469.33,1
2025,15603570,Chu,651,France,Male,51,10,93774.94,1,1,1,186891.93,0
2025,15604968,Schneider,535,France,Male,56,10,0.0,2,1,1,60317.96,0
2025,15600105,Boni,504,France,Male,45,2,140912.31,1,1,0,77558.56,0
2025,15601027,Weber,850,France,Male,38,3,0.0,1,1,1,17806.71,0
2025,15608157,Sanchez,768,France,Female,37,9,66438.59,1,1,1,167642.29,0
2025,15609212,Rodriguez,711,France,Male,23,3,72316.68,1,1,0,179944.07,0
2025,15604967,Rodriguez,610,France,Female,37,5,86416.81,1,0,0,104162.47,0
2025,15607726,Dupont,448,France,Male,50,4,0.0,2,1,1,153565.05,0
2025,15601581,He,543,Spain,Female,38,8,153445.36,2,0,0,174596.76,0
2025,15605162,Thomas,635,France,Female,51,1,136110.37,2,1,0,113723.85,0
2025,15603992,Braun,536,Germany,Male,34,9,81893.3,2,1,1,117772.07,0
2025,15602869,Muller,823,France,Male,36,0,0.0,2,0,0,21131.74,0
2025,15603156,Richter,833,Spain,Female,29,0,0.0,1,1,0,21754.75,0
2025,15602246,Braun,570,Spain,Male,45,3,0.0,2,1,1,59382.01,0
2025,15605340,Obinna,789,France,Female,41,9,0.0,1,1,0,43996.23,0
2025,15602491,Torres,619,Spain,Male,61,8,77315.84,1,1,1,165836.36,0
2025,15608735,Diaz,692,France,Female,39,0,78123.25,2,1,1,51939.21,0
2025,15606386,Boni,665,France,Female,30,6,124259.6,1,1,0,20296.56,0
2025,15608722,Alvarez,465,Germany,Female,40,10,117878.47,1,0,1,38909.61,1
2025,15600170,Hoffmann,612,France,Male,27,6,0.0,1,1,1,25022.36,0
2025,15600806,Dupont,756,France,Male,23,4,75500.86,1,0,0,12852.66,0
2025,15609919,Schwarz,640,Spain,Male,25,3,111537.42,1,1,0,94376.78,0
2025,15603197,Hill,752,Spain,Female,51,4,86280.08,1,1,1,48739.28,0
2025,15606635,Richter,572,France,Female,33,8,0.0,2,0,0,80014.2,0
2025,15607824,Neumann,503,France,Female,31,3,62470.27,2,1,0,190504.49,1
2025,15600896,Wagner,626,France,Male,50,2,117896.59,1,1,0,197097.84,0
2025,15606160,Braun,618,Germany,Male,54,9,113187.8,2,0,1,181222.37,1
2025,15601738,Laurent,550,France,Female,25,7,0.0,1,0,0,140165.77,0
2025,15607849,Bauer,483,France,Female,33,1,90007.05,1,1,0,16308.03,0
2025,15603418,Garcia,697,France,Male,42,3,0.0,1,1,1,184958.18,0
2025,15609313,Schmidt,583,Germany,Male,29,4,140488.48,2,1,1,197890.73,0
2025,15604034,Lopez,643,Spain,Male,49,8,0.0,2,1,1,124525.81,0
2025,15603877,Schmidt,656,France,Male,20,10,0.0,2,1,0,192465.55,0
2025,15602081,Lopez,692,Spain,Male,26,6,50334.54,2,0,0,68154.26,0
2025,15600148,Richter,621,Germany,Female,30,7,122859.85,2,1,1,163942.53,0
2025,15604512,Krüger,649,Germany,Female,47,3,141168.03,2,1,1,117922.5,1
2025,15601447,Garcia,528,Spain,Male,28,2,110006.76,2,0,0,107789.95,0
2025,15602321,Lefebvre,657,France,Female,37,3,0.0,1,1,0,97648.73,0
2025,15609555,Chu,552,Spain,Male,27,8,85368.23,1,1,0,45976.66,0
2025,15600192,Muller,513,France,Male,40,5,154226.37,2,1,1,18999.29,0
2025,15602309,Meyer,600,Spain,Male,37,5,0.0,2,1,0,160120.04,1
2025,15603783,Simon,495,Germany,Male,43,2,175407.29,1,1,0,82045.99,1
2025,15602775,Alvarez,654,France,Male,18,10,0.0,1,1,0,84667.6,0
2025,15601537,Muller,751,Germany,Male,58,4,74344.48,1,1,1,85776.42,1
2025,15605201,Perez,633,Spain,Male,38,8,70089.43,1,1,0,117818.93,0
2025,15604900,Richard,702,France,Male,46,6,112473.7,2,1,1,110536.34,0
2025,15604556,Klein,821,Spain,Female,42,6,0.0,1,1,1,81640.37,0
2025,15600089,Martinez,784,France,Male,54,5,0.0,2,1,0,175809.54,0
2025,15602674,Ruiz,850,Spain,Male,39,9,0.0,1,1,1,73766.74,0
2025,15608243,Martin,611,France,Male,23,2,0.0,1,1,1,112944.03,0
2025,15605816,Thomas,458,France,Male,25,6,0.0,1,1,1,107323.09,0
2025,15603797,Bartlett,715,Spain,Male,34,5,0.0,1,0,1,65793.21,0
2025,15600813,Chu,781,France,Male,53,2,0.0,2,1,1,119159.3,0
2025,15608162,Bartlett,834,France,Female,28,6,0.0,1,1,0,62904.76,0
2025,15606899,Durand,495,Germany,Male,24,4,132759.74,2,0,0,44725.96,0
2025,15605118,Hoffmann,651,France,Female,29,8,126810.86,2,1,1,21194.32,0
2025,15606456,Obinna,781,France,Male,36,7,159847.72,1,1,1,177221.27,0
2025,15605389,Garcia,763,Spain,Male,20,2,0.0,1,1,1,69642.92,1
2025,15604314,Richter,715,France,Male,43,8,108875.28,1,0,0,53130.63,0
2025,15608208,Schwarz,477,France,Male,29,6,0.0,2,1,1,31957.75,0
2025,15602581,Muller,597,Spain,Male,38,7,0.0,1,1,1,156397.34,0
2025,15605853,Mitchell,576,France,Female,49,9,0.0,2,1,0,50533.79,0
2025,15609565,Gutierrez,703,France,Male,33,2,0.0,1,0,0,92730.13,0
2025,15603965,Hoffmann,850,France,Male,36,4,65953.79,3,1,1,185016.09,0
2025,15603829,Ruiz,647,France,Female,47,7,119266.16,2,1,1,95307.27,0
2025,15604166,Smith,667,France,Female,45,0,79515.53,2,1,1,142969.06,0
2025,15604124,Schmidt,628,Spain,Female,43,8,118038.34,1,0,1,72421.45,0
2025,15605156,Schulz,633,Germany,Female,32,0,84770.84,2,1,0,60929.36,0
2025,15606743,Durand,725,Spain,Male,35,5,90759.32,2,1,0,12009.38,0
2025,15601967,Bartlett,684,France,Female,55,2,74160.82,2,1,1,179213.39,0
2025,15602478,Schulz,792,France,Male,21,3,112875.86,1,1,0,144576.43,0
2025,15604024,Gutierrez,559,Germany,Male,21,0,149833.96,2,1,0,156843.66,1
2025,15600988,Martin,656,France,Female,58,6,0.0,2,0,1,23681.64,0
2025,15602354,Dupont,574,Spain,Male,31,2,151362.55,1,0,1,81021.97,0
2025,15600547,Thomas,747,France,Female,41,7,65552.25,1,1,0,166607.08,1
2025,15602297,Krüger,585,France,Female,37,3,170555.64,1,1,1,179055.05,0
2025,15601005,Moreau,433,Germany,Female,25,5,123705.07,1,1,0,170837.15,0
2025,15605282,Hill,635,France,Male,40,3,98004.65,1,1,1,64315.12,0
2025,15608093,Lopez,741,France,Female,62,2,0.0,1,1,1,12894.34,0
2025,15608235,Chu,666,Germany,Male,36,3,171041.89,2,0,1,56165.39,0
2025,15609660,Garcia,656,France,Female,39,0,0.0,2,0,0,96742.32,0
2025,15600080,Krüger,701,France,Male,41,9,98486.0,2,1,1,53879.58,0
2025,15604301,Meyer,709,Germany,Male,18,2,92508.61,1,1,0,179086.35,0
2025,15600983,Bernard,674,France,Female,47,2,0.0,2,1,1,143080.57,0
2025,15602242,Petit,698,France,Male,33,9,107240.19,2,1,0,92409.62,0
2025,15609205,Schröder,590,France,Male,50,9,74538.94,3,1,0,82526.75,1
2025,15605202,Bartlett,605,Germany,Male,49,9,102587.25,2,1,0,125644.73,1
2025,15604101,Richter,610,Spain,Male,65,4,46834.06,1,0,1,10231.64,1
2025,15604912,Lefebvre,385,Germany,Male,24,3,78869.29,1,0,1,26849.3,0
2025,15607468,Gomez,821,Germany,Male,29,1,194374.05,2,1,0,143209.15,0
2025,15609878,Hill,755,France,Male,47,2,0.0,1,0,1,171592.43,0
2025,15603014,Schmidt,640,France,Male,56,2,125602.0,1,0,1,85215.85,1
2025,15604761,Obinna,672,France,Male,58,7,0.0,1,1,0,52606.54,0
2025,15601733,Onio,774,Germany,Male,47,10,131464.34,1,0,1,189529.15,1
2025,15607479,Zimmermann,645,France,Male,46,8,114815.78,1,1,1,117822.93,0
2025,15604107,Simon,683,Spain,Female,39,6,64474.27,2,0,1,153097.16,0
2025,15604281,Dominguez,786,France,Female,46,6,0.0,1,1,0,158812.29,0
2025,15605073,Mitchell,753,France,Female,54,9,103233.03,2,1,1,67437.16,0
2025,15609665,Petit,675,France,Female,43,1,0.0,3,1,0,136438.27,0
2025,15602643,Munoz,588,Spain,Male,53,1,139294.96,2,1,1,197402.45,0
2025,15603198,Dupont,539,Germany,Male,43,4,137628.1,2,0,0,118469.79,1
2025,15602400,Michel,653,France,Female,44,4,132201.42,1,1,0,52733.44,1
2025,15608468,Simon,640,Spain,Female,37,5,96940.19,2,1,1,146565.91,0
2025,15608648,Koch,597,Spain,Female,24,7,0.0,1,1,0,161522.65,0
2025,15600473,Alvarez,656,Spain,Female,48,7,105478.31,2,0,1,163309.72,0
2025,15606727,Gomez,745,France,Female,38,0,117219.94,2,0,0,68206.4,0
2025,15600758,Munoz,756,France,Female,53,5,56133.47,1,0,1,96108.06,0
2025,15600116,Dubois,762,France,Male,34,2,0.0,2,1,0,191194.82,0
2025,15607476,Simon,624,France,Male,56,4,86632.05,2,1,0,96032.98,0
2025,15605402,Schäfer,642,France,Male,37,8,105089.57,2,1,1,187065.03,0
2025,15604202,Hoffmann,538,France,Male,37,5,130031.91,2,0,1,178944.23,0
2025,15608210,Schäfer,565,France,Male,26,0,0.0,1,0,0,187414.18,0
2025,15604838,Zimmermann,647,France,Female,32,7,0.0,1,1,0,87280.15,1
2025,15600260,Hargrave,632,France,Male,36,10,135588.95,2,1,0,79822.65,0
2025,15600363,Chu,488,France,Male,23,2,0.0,1,1,0,47024.83,0
2025,15602169,Ruiz,665,France,Male,43,3,52113.08,2,1,1,198756.37,0
2025,15605307,Simon,564,France,Female,52,8,135066.89,2,1,0,172629.59,0
2025,15606151,Romero,788,France,Female,24,10,66510.78,2,1,1,141712.75,0
2025,15602743,Garcia,519,Germany,Female,36,0,105989.37,2,0,0,52191.31,0
2025,15600676,Bernard,834,France,Female,18,7,0.0,2,1,1,107175.62,0
2025,15607130,Wolf,638,Spain,Female,32,3,0.0,1,1,1,28957.57,0
2025,15605501,Michel,648,Spain,Male,18,1,76946.21,1,0,0,185378.15,0
2025,15603028,Braun,565,Spain,Male,40,4,0.0,1,0,1,141261.82,0
2025,15608209,Richard,543,Spain,Male,25,4,0.0,1,1,0,150707.68,0
2025,15603477,Leroy,572,France,Male,44,9,92366.39,1,1,0,130732.03,0
2025,15600110,Rodriguez,729,France,Male,30,10,104509.09,1,0,1,137110.45,0
2025,15604143,Hernandez,643,Spain,Male,40,10,0.0,2,1,0,106656.42,0
2025,15609328,Fischer,559,France,Male,40,1,0.0,1,1,1,57771.14,0
2025,15602429,Durand,581,Spain,Male,47,4,0.0,2,0,1,91370.39,1
2025,15608489,Muller,779,Germany,Female,37,7,92547.03,1,1,1,36046.69,0
2025,15604592,Becker,623,Spain,Male,57,7,0.0,2,1,1,188752.15,0
2025,15607447,Becker,734,Spain,Male,25,7,0.0,2,1,1,41345.0,0
2025,15607623,Richter,679,France,Male,45,7,107903.42,2,1,0,142136.05,0
2025,15604887,Braun,588,Germany,Male,42,10,185785.67,2,0,0,68665.8,1
2025,15605398,Muller,560,Germany,Female,37,8,126783.97,2,0,0,44520.91,1
2025,15609085,Chu,637,France,Male,40,5,0.0,1,0,0,96658.01,0
2025,15604001,Richter,811,France,Female,60,7,0.0,1,1,1,86173.6,0
2025,15600877,Hoffmann,801,Spain,Male,49,6,14222.97,1,1,1,56410.14,0
2025,15601781,Michel,781,France,Female,36,9,0.0,1,1,1,177719.06,0
2025,15609653,Alonso,388,France,Male,40,5,133417.83,2,1,1,40687.28,0
2025,15605455,Weber,654,Germany,Female,43,5,69033.92,2,1,0,73725.85,1
2025,15607885,Martin,509,France,Female,36,4,139900.95,2,1,1,144716.97,0
2025,15604120,Hernandez,766,Germany,Female,32,9,121967.46,2,1,1,53018.84,0
2025,15601648,Weber,801,France,Male,32,8,0.0,1,1,1,34377.7,0
2025,15600081,Lefebvre,524,Spain,Male,21,8,97571.27,2,1,1,193794.25,0
2025,15608232,Hoffmann,733,France,Male,46,0,0.0,1,0,1,64542.43,0
2025,15606025,Weber,486,France,Male,28,2,0.0,1,1,0,171168.75,0
2025,15607818,He,486,France,Male,30,2,121726.48,2,1,0,73330.51,0
2025,15600085,Alonso,617,Germany,Male,43,10,156864.23,2,1,1,188584.89,1
2025,15608652,Smith,721,Spain,Male,36,5,130143.61,1,1,1,187564.28,0
2025,15603905,Bartlett,788,Spain,Female,46,2,170113.13,2,1,1,68905.2,0
2025,15604615,Sanchez,720,France,Male,39,7,60323.31,2,1,0,112651.73,1
2025,15607557,Diaz,730,Germany,Male,31,9,109422.85,2,1,0,27037.41,0
2025,15604574,Klein,589,France,Female,40,0,0.0,2,1,1,160848.45,0
2025,15604203,Bartlett,589,France,Male,33,6,0.0,1,1,0,185233.5,0
2025,15603153,Simon,600,France,Male,33,2,0.0,1,1,1,48838.12,1
2025,15604662,Onio,615,France,Female,39,1,75272.49,2,1,0,36978.95,0
2025,15608700,Romero,697,Germany,Female,41,4,113595.96,2,1,1,181667.19,1
2025,15605251,Sanchez,726,Spain,Female,40,2,0.0,2,1,0,161915.43,0
2025,15604819,Onio,787,France,Male,34,2,0.0,2,1,0,147220.34,0
2025,15603038,Sanchez,619,Germany,Male,18,7,90722.21,1,1,1,159465.35,0
2025,15603340,Leroy,535,Spain,Female,30,8,143726.24,1,0,1,38184.21,0
2025,15601333,He,850,France,Female,45,5,0.0,2,1,1,106355.31,0
2025,15604884,Rodriguez,492,France,Male,44,1,121915.62,3,1,1,107567.42,1
2025,15605218,Romero,674,Spain,Male,44,0,56028.51,2,0,1,19401.91,0
2025,15605945,Jimenez,769,Germany,Male,33,5,183865.12,2,1,1,70484.49,0
2025,15603840,Garcia,806,France,Female,46,6,141737.94,1,1,1,14078.16,0
2025,15601699,Robert,589,France,Female,45,4,68570.7,1,1,0,141547.65,0
2025,15600190,Simon,501,Spain,Female,18,0,0.0,2,1,0,185265.24,1
2025,15607148,Koch,724,France,Female,48,6,72832.44,2,1,0,69512.14,0
2025,15600377,Hoffmann,730,France,Male,32,10,148457.81,2,1,1,95946.6,0
2025,15607092,Diaz,817,Spain,Female,35,6,0.0,1,1,1,124871.43,1
2025,15605544,Navarro,693,Germany,Male,43,1,139860.64,1,0,0,87997.42,1
2025,15602720,Diaz,589,France,Male,35,3,0.0,2,1,1,167066.95,0
2025,15607211,Leroy,612,France,Female,45,8,0.0,2,1,1,147531.76,0
2025,15609627,Braun,633,Spain,Female,51,3,145682.28,1,0,1,167478.78,0
2025,15601345,Navarro,799,Germany,Male,43,5,111951.73,2,0,0,111799.24,1
2025,15607387,Ruiz,547,Spain,Female,32,4,138100.0,1,1,0,10182.4,0
2025,15609004,Durand,680,Germany,Male,49,8,106289.15,1,0,0,157428.29,1
2025,15601282,Fischer,649,France,Male,20,1,106044.6,2,1,1,186730.78,0
2025,15602179,Durand,583,France,Female,37,4,0.0,1,1,0,63466.86,0
2025,15609236,Neumann,683,Spain,Male,52,1,0.0,2,1,0,121744.23,0
2025,15607002,Gomez,502,Germany,Male,31,3,90168.47,1,1,1,176284.84,0
2025,15606168,Onio,641,Germany,Male,35,5,165901.89,2,1,1,175863.95,1
2025,15601428,Chu,587,France,Female,39,3,152948.82,1,1,0,185731.92,0
2025,15608605,Petit,624,Germany,Male,36,6,88328.8,2,0,0,172980.97,0
2025,15604841,Laurent,628,Spain,Male,51,3,0.0,1,0,1,73882.27,0
2025,15602270,Krüger,560,Spain,Male,39,7,0.0,1,1,0,10155.89,1
2025,15605109,Robert,590,Germany,Male,41,9,140315.46,1,1,0,148907.06,1
2025,15606023,Leroy,723,France,Male,28,5,117447.17,1,0,1,83272.12,0
2025,15606309,Wagner,421,Spain,Male,41,10,91176.55,2,1,0,60616.2,0
2025,15601457,Bernard,559,France,Female,45,8,81843.16,2,1,1,141628.03,0
2025,15601736,Wolf,754,France,Male,58,2,106193.02,1,1,0,111434.65,0
2025,15602269,Alonso,621,Germany,Female,45,9,80776.67,2,1,1,61837.46,1
2025,15605177,Hill,644,Spain,Male,49,9,0.0,1,1,0,88281.09,0
2025,15605677,Ruiz,567,France,Female,30,8,0.0,2,1,0,104625.8,0
2025,15604976,Martin,575,France,Female,20,8,106412.53,1,1,1,97083.75,0
2025,15605910,Munoz,534,France,Male,35,6,0.0,2,1,1,11876.5,0
2025,15608545,Neumann,623,Spain,Male,44,0,0.0,1,1,1,65076.82,0
2025,15609121,Obinna,626,France,Male,58,5,110146.06,2,1,1,136487.82,0
2025,15603348,Richter,647,France,Male,25,7,0.0,2,0,0,89038.87,0
2025,15608183,Hill,608,France,Male,44,0,0.0,1,1,1,138976.78,0
2025,15602924,Alonso,442,Germany,Female,48,4,114099.63,1,1,0,166838.92,1
2025,15605951,Jimenez,540,France,Male,38,0,89580.44,2,0,1,129894.44,0
2025,15601803,Navarro,639,Spain,Female,41,4,187894.9,1,1,0,84744.99,0
2025,15606673,Munoz,811,Spain,Male,30,5,0.0,2,1,0,33948.74,0
2025,15601114,Romero,567,Germany,Female,40,6,121919.3,2,1,1,54823.25,1
2025,15609588,Jimenez,589,France,Female,26,6,0.0,1,0,1,52339.09,0
2025,15606761,Petit,651,France,Male,39,0,0.0,1,1,1,76062.65,0
2025,15605963,Obinna,719,France,Female,43,1,126091.0,1,0,1,185395.79,0
2025,15607052,Koch,632,France,Female,53,3,58094.86,1,1,1,137032.74,0
2025,15608990,Romero,598,France,Male,43,8,0.0,1,1,1,73837.77,1
2025,15606031,Bartlett,678,France,Male,38,4,0.0,2,1,1,36817.75,0
2025,15604492,Zimmermann,756,Germany,Male,33,7,174542.56,1,1,0,196196.64,0
2025,15608632,Sanchez,675,France,Male,47,7,132652.08,2,1,0,23043.06,0
2025,15609403,Schwarz,662,Spain,Male,36,7,114273.95,2,0,0,76999.01,0
2025,15602216,Krüger,698,France,Female,28,5,103061.2,2,1,0,50414.31,0
2025,15606551,Michel,695,France,Male,34,9,108794.47,1,1,1,63051.1,0
2025,15607263,Muller,608,Germany,Female,43,6,110316.08,1,1,1,121655.55,1
2025,15600245,Torres,631,Germany,Female,48,9,114842.18,2,1,1,17016.93,1
2025,15607026,Munoz,581,France,Male,37,10,138186.54,2,1,0,181874.4,0
2025,15608964,Jimenez,779,France,Male,26,9,106133.62,2,1,0,120739.4,0
2025,15601953,Navarro,578,Spain,Male,53,5,139645.66,1,1,1,23576.85,0
2025,15600094,Koch,733,Germany,Male,55,1,84582.34,2,1,0,131466.57,1
2025,15606848,Hoffmann,794,Spain,Male,31,8,0.0,2,0,0,160082.44,0
2025,15609257,Laurent,818,France,Male,67,8,0.0,1,1,1,110350.99,0
2025,15606642,Becker,713,Spain,Female,42,7,183985.09,1,1,0,150198.81,0
2025,15607697,Petit,762,Spain,Female,29,2,94321.8,1,1,1,166391.4,0
2025,15609911,Diaz,803,Germany,Male,41,0,125022.59,1,1,1,151438.51,1
2025,15602294,Martinez,507,Spain,Female,39,2,179107.28,3,1,0,69878.33,1
2025,15604904,Wagner,473,France,Female,35,1,107882.35,1,0,1,145780.39,0
2025,15608192,He,622,Spain,Male,42,3,0.0,1,0,1,141139.35,0
2025,15608061,Fischer,536,Germany,Female,39,0,161613.04,2,1,0,195548.72,0
2025,15609148,Becker,613,France,Male,53,1,151586.13,1,1,1,75876.3,0
2025,15606695,Dupont,513,France,Female,52,10,0.0,2,1,1,96817.79,0
2025,15600049,Krüger,614,Germany,Male,32,5,94619.35,2,1,0,81765.09,0
2025,15606250,He,831,Spain,Male,49,9,27114.13,2,1,0,165445.7,0
2025,15602794,Weber,706,Spain,Female,35,3,122894.15,2,1,0,11571.79,0
2025,15604194,Meyer,772,France,Female,22,4,92847.34,2,1,0,160906.92,0
2025,15604171,Weber,555,Germany,Female,30,10,120422.61,2,1,0,10682.82,0
2025,15600816,Schröder,757,Germany,Male,34,4,154643.01,1,0,1,167972.2,0
2025,15601727,Schäfer,533,France,Male,18,0,131100.26,1,1,0,32765.45,0
2025,15602931,Dominguez,676,Spain,Male,21,0,0.0,2,1,0,181217.71,0
2025,15607108,Laurent,646,Germany,Female,18,3,117401.01,1,1,1,57703.09,0
2025,15600970,Hill,583,Germany,Male,58,3,168061.22,2,1,1,14406.49,1
2025,15605010,Schneider,664,France,Female,41,4,0.0,2,0,1,26148.58,0
2025,15602736,Alonso,641,France,Female,47,0,0.0,2,1,0,61701.16,0
2025,15606380,Richard,658,France,Male,52,1,0.0,1,1,1,130515.44,0
2025,15606010,Gomez,516,Germany,Male,29,7,137216.48,1,0,1,44833.13,0
2025,15601653,Wolf,728,Spain,Male,39,10,115399.35,1,1,0,128152.82,1
2025,15609584,Hernandez,624,France,Female,32,7,0.0,2,1,0,20657.2,0
2025,15603815,Mitchell,675,France,Female,28,6,139933.13,1,1,1,74403.19,0
2025,15606820,Diaz,689,France,Female,39,9,141502.89,1,1,0,27000.3,0
2025,15600673,Mitchell,704,Germany,Female,42,6,74197.64,1,1,1,37081.66,1
2025,15601405,Lopez,585,France,Male,41,1,52891.59,1,1,0,193238.48,0
2025,15606005,Hargrave,420,France,Female,55,2,111753.11,2,0,1,37402.69,0
2025,15604062,Hill,570,France,Female,45,1,0.0,2,0,0,120834.8,0
2025,15608896,Hoffmann,610,Spain,Male,45,3,153914.96,1,1,1,52683.37,0
2025,15606399,Weber,714,France,Male,23,0,97716.26,1,1,0,76643.56,0
2025,15606933,Bernard,581,France,Male,59,8,165762.87,2,1,1,177360.02,0
2025,15606178,Martin,706,Germany,Male,33,8,63933.81,3,1,1,98085.7,0
2025,15600724,Hill,737,France,Female,36,3,0.0,2,0,0,30811.74,1
2025,15606923,Jimenez,656,Germany,Male,46,0,132838.28,1,0,0,187325.09,1
2025,15600471,Simon,521,France,Male,24,5,105047.2,1,1,0,105792.24,0
2025,15601044,Zimmermann,725,France,Female,45,0,0.0,4,1,0,140400.65,1
2025,15602735,Hill,791,France,Female,51,0,0.0,1,1,1,65421.25,0
2025,15609460,Fischer,537,France,Male,38,8,108139.74,2,0,1,32631.08,0
2025,15606969,Onio,755,Germany,Male,46,10,132469.87,2,1,1,168017.15,1
2025,15605861,Schäfer,708,Germany,Male,28,5,144106.06,1,0,0,189132.52,0
2025,15609410,Wagner,651,France,Female,42,9,151478.34,2,1,1,28388.4,0
2025,15602860,Hoffmann,630,France,Female,45,10,89360.86,2,1,1,36889.11,0
2025,15608264,Hernandez,535,France,Female,24,10,0.0,1,1,1,88445.86,1
2025,15603831,Moreno,585,France,Male,33,4,91956.48,1,1,1,177434.57,0
2025,15601770,Dubois,673,Germany,Male,49,2,139279.79,2,1,0,155741.0,1
2025,15605672,Robert,737,Spain,Female,40,1,0.0,2,0,1,160037.04,0
2025,15600124,Moreau,730,France,Female,34,7,0.0,1,1,1,156602.01,0
2025,15601822,Alvarez,618,France,Female,40,2,141840.85,1,1,0,31740.23,1
2025,15609685,Koch,636,Germany,Female,37,0,150545.12,1,1,0,97073.43,1
2025,15609710,Durand,382,France,Male,25,10,0.0,1,1,0,60253.47,0
2025,15603767,Navarro,571,France,Male,42,4,0.0,2,0,1,43763.83,0
2025,15604160,Schulz,587,France,Female,31,0,0.0,1,1,1,146643.91,0
2025,15601613,Laurent,692,Spain,Female,32,5,74120.84,1,1,0,153803.84,0
2025,15604410,Bernard,703,Spain,Male,43,0,145119.66,2,1,1,76705.65,0
2025,15608101,Fischer,644,Spain,Male,43,9,136747.77,2,1,0,160120.31,0
2025,15607982,Koch,584,Spain,Male,25,5,0.0,1,0,0,67628.53,0
2025,15606183,Ruiz,585,Spain,Female,35,3,0.0,1,1,0,81896.7,1
2025,15602874,Garcia,721,France,Female,25,9,58826.73,1,1,0,42692.83,0
2025,15605351,Gomez,692,Spain,Male,41,10,86931.78,2,1,1,10479.08,0
2025,15605565,Garcia,653,France,Female,31,8,95057.03,2,1,1,162260.44,0
2025,15603424,Fischer,836,France,Male,41,1,118623.7,2,1,0,63003.52,0
2025,15603091,Leroy,702,France,Female,38,9,99067.68,2,1,0,104367.54,0
2025,15601944,Schröder,660,France,Male,42,3,0.0,1,0,0,183359.64,1
2025,15607001,Muller,731,Spain,Female,39,7,113403.87,1,1,0,154766.24,0
2025,15603019,Chu,811,Spain,Female,31,2,84667.32,2,1,0,152738.61,1
2025,15604638,Schröder,592,France,Male,67,7,94187.28,1,1,1,93134.41,0
2025,15603579,Zimmermann,731,France,Female,32,8,113625.03,2,1,1,36144.35,0
2025,15604355,Obinna,693,Germany,Male,37,0,85507.4,2,1,0,34657.91,0
2025,15600417,Dominguez,613,France,Male,43,5,125979.8,1,0,0,30148.05,0
2025,15600191,Leroy,579,Spain,Male,24,5,19357.16,1,1,1,174944.05,0
2025,15602667,Dubois,705,France,Female,49,1,0.0,1,0,0,155049.49,0
2025,15601667,Schäfer,850,France,Male,57,10,117850.44,1,1,1,119832.2,0
2025,15605639,Gutierrez,689,Germany,Male,37,0,114589.45,2,0,1,10838.25,0
2025,15600230,Lefebvre,466,France,Female,56,8,86773.7,2,1,0,143535.09,0
2025,15605743,Braun,604,Spain,Male,58,8,0.0,1,1,1,90766.41,0
2025,15600937,Chidiebere,657,Spain,Female,44,5,70021.01,2,0,0,142674.32,0
2025,15605204,Rodriguez,758,France,Male,31,4,89364.68,1,1,0,177288.25,0
2025,15609610,Wolf,714,France,Male,49,9,121002.57,1,1,1,155334.49,0
2025,15603780,Dubois,611,Germany,Female,27,1,130803.75,1,1,0,104572.6,1
2025,15607446,Gutierrez,677,France,Female,37,10,85596.6,1,1,0,92675.02,0
2025,15601493,Navarro,666,Spain,Female,33,5,0.0,1,1,1,105007.65,0
2025,15606908,Dominguez,662,Spain,Male,18,3,0.0,2,1,1,68310.17,0
2025,15607103,Onio,688,Spain,Male,37,4,123040.35,1,1,1,19464.0,0
2025,15609838,Alvarez,611,France,Male,29,2,126522.35,1,1,1,57627.62,1
2025,15609021,Torres,757,Germany,Female,58,3,99667.37,2,1,0,184960.9,1
2025,15605098,Dubois,730,France,Female,31,8,82084.21,2,1,1,184519.28,0
2025,15606254,Schneider,588,Germany,Female,47,5,129371.15,2,1,1,14825.88,1
2025,15607775,Thomas,638,France,Male,18,5,28201.89,2,1,0,150194.66,0
2025,15608715,Obinna,724,Germany,Male,48,5,95696.17,1,1,0,121472.34,1
2025,15604536,Martinez,687,Spain,Male,44,3,109951.11,2,1,0,43333.83,0
2025,15603972,Richter,599,France,Male,49,10,53468.69,1,1,1,90357.53,1
2025,15600304,Jimenez,595,France,Male,45,8,0.0,2,1,1,29677.42,0
2025,15605215,Hill,660,France,Male,41,2,210561.74,2,1,0,179191.85,0
2025,15607337,Schneider,641,France,Male,51,1,0.0,2,0,0,163182.45,0
2025,15600901,Moreau,695,France,Male,51,0,0.0,1,1,0,44872.56,0
2025,15604541,Torres,555,Germany,Male,46,9,95048.85,1,1,0,184017.16,1
2025,15606102,Michel,472,Spain,Female,53,4,0.0,2,1,0,197461.73,0
2025,15608952,Michel,595,Germany,Female,40,7,145220.81,1,1,0,52219.65,1
2025,15603633,Ruiz,824,Spain,Male,33,6,117794.08,1,1,0,96187.28,0
2025,15608067,Ruiz,515,France,Female,39,10,165460.21,1,1,1,10529.95,0
2025,15609170,Gutierrez,673,Spain,Male,42,0,111437.01,2,1,0,42633.9,1
2025,15601058,Leroy,689,Spain,Male,18,3,101938.52,2,1,1,39806.72,0
2025,15608073,Rodriguez,769,France,Female,43,0,0.0,1,1,1,172166.33,1
2025,15604945,Michel,729,Spain,Female,43,0,0.0,1,1,0,116449.81,0
2025,15604156,Laurent,510,Germany,Male,39,4,181311.81,2,1,1,91083.4,1
2025,15608127,Braun,626,France,Male,18,3,0.0,2,0,0,27188.51,0
2025,15603932,Obinna,582,France,Female,33,9,117951.64,1,0,1,24298.25,0
2025,15600575,Navarro,675,France,Female,45,4,112073.8,2,0,1,197336.9,0
2025,15601364,Bernard,637,France,Female,34,5,0.0,1,0,0,62073.2,0
2025,15606619,Neumann,497,Germany,Female,53,2,100570.95,1,1,0,15025.44,1
2025,15603967,Richard,456,Germany,Male,46,2,104597.34,1,1,0,21930.97,1
2025,15602398,Alvarez,630,France,Female,55,2,0.0,2,1,0,19380.18,0
2025,15606835,Klein,719,Spain,Male,47,2,0.0,2,0,1,27750.62,0
2025,15605025,Lopez,613,Germany,Male,26,1,78234.06,3,1,0,103601.25,1
2025,15608303,Torres,565,Spain,Female,40,2,134740.28,3,1,1,175795.35,0
2025,15603716,Petit,526,France,Male,18,4,0.0,2,1,0,78262.68,0
2025,15609739,Moreau,734,Spain,Male,37,6,74706.96,1,0,1,101628.45,0
2025,15603698,Petit,664,France,Male,48,5,72029.91,1,1,1,40214.56,0
2025,15605029,Romero,714,France,Female,54,10,61159.96,3,1,0,45853.56,1
2025,15605089,Leroy,741,Germany,Female,56,3,101818.07,2,1,0,43250.59,1
2025,15607240,Hill,506,Germany,Male,51,7,149785.98,1,0,0,167325.93,1
2025,15609014,Gutierrez,675,France,Female,30,0,0.0,1,1,0,26036.42,0
2025,15604875,Navarro,661,Spain,Male,41,7,0.0,2,1,0,142017.29,0
2025,15603749,Onio,701,Spain,Female,36,6,0.0,1,1,1,169703.16,0
2025,15602110,Becker,652,Spain,Female,41,5,0.0,2,1,1,61561.61,0
2025,15603751,Wagner,766,Germany,Male,35,3,101574.46,2,1,0,160587.2,0
2025,15600084,Muller,792,Spain,Female,32,6,0.0,2,1,0,47359.21,0
2025,15604709,Bauer,496,Germany,Female,58,0,78808.13,2,1,1,195188.83,1
2025,15604070,Wagner,720,Spain,Male,41,8,0.0,4,0,1,126944.2,1
2025,15601618,Ruiz,616,Germany,Female,45,7,153504.82,1,0,1,104279.95,1
2025,15606814,Romero,710,France,Female,57,9,0.0,2,0,1,176087.83,0
2025,15603715,Navarro,657,Germany,Female,28,9,164281.21,1,1,0,60581.88,0
2025,15603132,Hargrave,688,Germany,Female,49,5,89674.22,1,0,1,84254.82,1
2025,15606645,Moreno,663,Spain,Male,36,3,0.0,1,1,1,102858.46,0
2025,15605887,Weber,418,Germany,Female,46,8,118168.42,1,0,1,152963.95,1
2025,15603669,Romero,717,Spain,Female,28,10,130189.49,2,1,0,181252.51,0
2025,15603445,Navarro,730,Germany,Male,44,8,118876.8,2,1,1,142197.81,1
2025,15601216,Garcia,524,France,Male,30,10,156669.65,2,1,0,79034.78,0
2025,15605006,Wagner,660,France,Male,46,4,88002.34,1,1,1,50088.16,0
2025,15607143,Bauer,610,Germany,Male,56,2,167877.84,2,1,0,100321.23,1
2025,15601201,Gomez,664,Spain,Male,27,10,90284.95,1,1,0,83570.06,0
2025,15603511,Meyer,750,France,Male,45,9,146791.32,1,1,1,150959.29,0
2025,15609938,Moreno,568,Spain,Male,28,2,105838.63,2,1,0,155320.04,0
2025,15603043,Fischer,618,Germany,Female,32,0,131029.06,2,1,1,186877.19,0
2025,15604546,Hill,597,France,Male,35,8,210185.59,2,0,1,116751.93,0
2025,15601274,Moreno,802,Spain,Male,39,1,0.0,2,1,1,167787.12,0
2025,15609395,Petit,580,France,Female,55,9,120505.79,2,1,0,138168.64,0
2025,15605535,Moreno,635,France,Male,37,4,0.0,2,0,1,198837.94,0
2025,15602022,He,644,Germany,Male,39,4,156856.79,2,1,0,107399.64,0
2025,15602219,Rodriguez,647,Spain,Male,42,1,0.0,2,1,1,186210.37,0
2025,15603631,Torres,505,Spain,Female,39,10,126942.65,2,0,0,29561.67,0
2025,15601741,Lopez,641,Spain,Male,33,10,98929.57,1,1,1,188013.99,0
2025,15603718,Weber,707,Germany,Female,44,8,105765.52,2,1,0,174572.05,1
2025,15602443,Schäfer,768,France,Female,60,8,0.0,2,1,1,110049.69,0
2025,15604845,Boni,719,Germany,Female,48,9,192309.66,1,1,0,26875.29,1
2025,15609113,Hargrave,600,France,Male,49,6,140726.74,1,1,1,12955.64,1
2025,15605052,Dubois,674,Spain,Female,41,2,63970.67,2,1,1,162583.04,0
2025,15609030,Leroy,719,Germany,Female,19,7,112034.83,2,1,1,151811.95,0
2025,15602830,Thomas,581,France,Male,46,0,128909.17,1,1,1,114750.74,0
2025,15605225,Hoffmann,629,France,Male,36,6,84546.86,1,1,0,56033.78,0
2025,15608894,Hernandez,618,France,Female,28,8,90092.53,2,0,1,13090.98,0
2025,15607413,Fischer,481,Spain,Female,47,2,0.0,2,1,0,57266.24,0
2025,15602133,Fischer,570,France,Male,46,0,0.0,2,1,0,110498.52,0
2025,15601266,Chidiebere,633,France,Male,27,10,93544.52,1,1,1,124918.12,0
2025,15604303,Petit,716,Spain,Male,46,6,0.0,1,0,0,43614.94,0
2025,15603213,Torres,751,Germany,Male,29,2,77710.17,2,0,1,70917.09,0
2025,15609587,Richter,567,Spain,Female,22,7,104896.53,1,0,1,33069.43,0
2025,15602431,Durand,723,France,Male,18,3,0.0,1,1,1,155242.81,0
2025,15609955,Bernard,714,France,Female,33,0,88611.84,1,0,0,189340.06,0
2025,15609962,Hernandez,559,Germany,Male,51,9,70973.85,1,1,1,108151.38,1
2025,15605709,Moreno,600,France,Male,37,9,81418.56,2,1,0,136754.57,0
2025,15603766,Jimenez,684,Spain,Female,53,0,100391.8,1,0,1,187172.73,0
2025,15604576,Wagner,596,Germany,Male,33,9,65264.1,2,0,0,185031.23,0
2025,15602691,Mitchell,775,Germany,Male,34,0,128975.63,1,1,1,187696.11,0
2025,15602709,Weber,571,France,Male,42,7,0.0,2,0,0,156536.36,0
2025,15600545,Hargrave,624,France,Male,46,2,0.0,2,1,1,127547.83,0
2025,15603825,Dupont,512,France,Male,39,1,0.0,3,1,1,153938.17,0
2025,15605078,Durand,582,Spain,Female,51,9,130992.48,1,1,1,66671.3,0
2025,15604125,Jimenez,678,Spain,Female,43,9,0.0,1,1,1,192166.11,0
2025,15604661,Bernard,585,Spain,Female,64,0,146949.84,1,1,0,125577.15,0
2025,15608967,Mitchell,809,Spain,Male,18,1,0.0,1,1,0,122687.01,1
2025,15600929,Alonso,822,France,Male,43,8,77893.02,2,1,0,28132.88,0
2025,15605148,Hoffmann,645,France,Male,27,3,74570.22,1,1,0,166039.05,1
2025,15608281,Martin,657,France,Female,37,4,0.0,1,1,0,198947.6,0
2025,15605317,Krüger,508,France,Female,34,9,0.0,2,0,0,17582.06,0
2025,15607976,Krüger,604,Germany,Male,66,0,99741.88,1,1,1,142584.76,1
2025,15609917,Torres,549,France,Female,21,3,0.0,1,1,0,124931.27,0
2025,15603672,Sanchez,536,Spain,Male,35,6,0.0,1,0,0,198556.04,1
2025,15608442,Petit,649,France,Male,50,1,146512.54,2,1,0,63608.03,0
2025,15607828,Muller,709,France,Male,47,1,0.0,2,1,0,75152.94,0
2025,15609980,Martinez,568,France,Female,32,4,125754.21,1,1,1,181946.93,0
2025,15609684,Bauer,512,France,Female,36,0,81529.26,2,1,1,131708.76,0
2025,15608738,Schulz,645,Germany,Female,19,9,107755.15,1,0,1,83622.33,0
2025,15603473,Weber,711,France,Female,39,0,0.0,3,1,1,150573.99,1
2025,15609003,Bernard,556,France,Male,39,6,107897.17,1,0,1,54935.77,0
2025,15609531,Martinez,801,France,Female,43,10,0.0,2,1,1,113553.55,0
2025,15603199,Lefebvre,684,Germany,Male,38,3,108955.59,1,1,1,140826.32,0
2025,15601349,Schäfer,609,Spain,Male,35,1,78446.74,2,0,1,128423.39,0
2025,15600182,Chu,547,France,Male,54,7,95746.93,1,1,0,18330.5,0
2025,15604100,Martin,587,Germany,Male,39,8,132728.64,1,1,0,123096.16,0
2025,15606516,Romero,692,Germany,Female,31,5,95000.88,2,1,0,38387.53,0
2025,15609515,Wolf,709,France,Male,33,6,0.0,1,1,0,15791.84,1
2025,15607952,Hoffmann,698,Spain,Female,18,0,0.0,1,0,1,79381.53,0
2025,15602722,Simon,753,Germany,Female,40,1,167946.08,1,0,1,20254.03,1
2025,15604389,Obinna,629,France,Female,45,9,0.0,1,1,0,194039.54,0
2025,15600772,Gutierrez,553,France,Male,61,7,93601.68,2,0,0,187157.12,0
2025,15600805,Braun,747,France,Male,57,6,83715.67,1,1,1,54659.78,0
2025,15604893,Wolf,532,France,Male,42,0,0.0,1,0,0,198825.86,0
2025,15602633,Bauer,632,Spain,Female,59,10,0.0,1,1,1,102885.09,0
2025,15606715,Thomas,482,Germany,Male,41,2,146322.84,1,1,1,116527.49,1
2025,15600172,Martinez,850,Spain,Male,59,7,0.0,2,1,1,93466.25,0
2025,15604201,Richard,568,France,Male,35,2,0.0,1,1,1,198399.31,0
2025,15601696,Moreau,695,France,Male,30,3,107024.44,1,1,0,38376.65,0
2025,15603461,Richter,810,France,Female,49,5,0.0,1,0,1,92919.33,0
2025,15607964,He,656,France,Male,39,6,134141.08,1,0,1,128829.19,0
2025,15600533,Bernard,644,France,Male,43,6,191202.54,1,0,0,86343.73,0
2025,15604036,Richter,773,France,Male,39,0,0.0,2,1,1,128541.94,0
2025,15602224,Dubois,712,Germany,Female,25,4,117505.76,1,1,0,92522.48,0
2025,15608052,Gutierrez,599,Germany,Female,30,0,133706.0,2,1,1,170126.23,0
2025,15609179,Fischer,786,France,Male,37,6,133818.63,2,1,1,69861.64,0
2025,15609703,Laurent,426,France,Male,55,9,103520.52,2,0,0,170001.57,0
2025,15609040,Chidiebere,624,France,Male,38,9,112312.66,1,1,0,37155.27,0
2025,15609326,Becker,635,France,Female,38,4,14787.85,1,1,0,121287.53,0
2025,15600511,Braun,680,Spain,Female,35,9,0.0,2,1,1,142962.62,0
2025,15606391,Hoffmann,700,France,Male,35,3,163720.77,1,1,1,179005.7,0
2025,15602484,Munoz,624,France,Male,26,8,108972.76,2,0,1,95547.73,0
2025,15609000,Richter,729,France,Male,37,6,99521.55,2,1,1,132062.43,0
2025,15601179,Koch,676,Germany,Male,18,4,105873.39,1,0,1,91392.46,0
2025,15605641,Perez,701,Germany,Male,53,3,178238.81,2,1,1,162757.14,1
2025,15603551,Krüger,616,France,Male,29,2,0.0,1,1,1,95427.53,0
2025,15607329,Gomez,697,France,Male,28,5,104974.4,1,1,1,193551.91,0
2025,15604833,Becker,571,France,Female,46,8,72940.58,1,1,1,88797.4,0
2025,15603175,Moreno,711,France,Female,38,1,139684.84,2,1,1,37306.86,0
2025,15602799,Simon,551,France,Female,36,8,143549.67,2,0,1,192082.98,0
2025,15603953,Chu,497,Spain,Female,44,3,102152.59,1,1,0,73229.06,1
2025,15607014,Braun,663,France,Male,30,1,0.0,2,1,0,131214.31,0
2025,15603480,Bauer,829,Germany,Male,28,7,135676.96,3,1,1,78889.92,0
2025,15607095,Zimmermann,708,France,Female,45,6,116212.05,1,0,0,12690.54,0
2025,15605917,Michel,748,Germany,Male,29,10,120379.47,2,1,1,127228.34,0
2025,15603329,Chu,621,Spain,Male,31,2,0.0,1,0,1,46329.86,0
2025,15607920,Chu,744,France,Male,28,4,124295.5,1,1,0,31598.97,0
2025,15609718,Neumann,797,Spain,Male,38,2,0.0,1,0,1,125211.03,0
2025,15605575,Schwarz,677,Spain,Male,30,9,0.0,1,0,1,179385.04,1
2025,15602760,Gutierrez,594,Germany,Female,32,7,89440.75,2,1,0,94255.99,0
2025,15606607,Dominguez,703,France,Male,45,10,0.0,1,0,0,161663.51,1
2025,15606927,Krüger,850,France,Female,45,5,137329.54,2,1,0,168835.36,0
2025,15604472,Robert,737,France,Male,50,1,0.0,1,1,0,177941.66,1
2025,15600205,Obinna,658,France,Male,27,4,99106.69,1,1,0,163884.76,0
2025,15609963,Moreno,518,Germany,Female,41,5,89216.76,1,1,1,165523.2,1
2025,15602104,Krüger,587,Germany,Female,41,8,156265.73,1,1,0,67474.99,1
2025,15604726,Dominguez,702,France,Male,40,8,0.0,1,1,1,13209.89,0
2025,15605335,Smith,723,France,Male,36,10,89949.87,2,1,1,26761.0,0
2025,15603786,Krüger,577,France,Male,28,10,0.0,2,0,1,35424.87,0
2025,15604298,Klein,609,France,Female,18,9,0.0,1,1,1,101399.05,0
2025,15600561,Thomas,659,France,Male,47,8,140153.12,2,1,1,145631.14,0
2025,15607950,Klein,535,France,Male,28,3,131824.03,1,1,1,162069.54,0
2025,15609647,Dupont,542,Spain,Male,20,1,0.0,1,1,0,70475.43,0
2025,15600649,Mitchell,518,France,Male,36,10,114789.09,2,1,1,196552.56,0
2025,15603933,Schmidt,726,Spain,Female,34,0,147533.39,2,0,0,195777.61,0
2025,15609974,Bartlett,570,France,Male,42,6,117854.95,2,1,1,175815.19,0
2025,15607868,Braun,521,France,Male,42,10,0.0,1,1,1,99875.46,0
2025,15608088,Boni,850,Spain,Male,43,6,76715.99,2,1,1,35595.39,0
2025,15600482,Lefebvre,663,Spain,Male,44,9,73491.28,1,0,0,135883.81,0
2025,15607582,Neumann,763,France,Male,38,2,54930.46,1,1,0,135758.87,0
2025,15607937,Garcia,435,France,Female,62,5,0.0,1,0,0,120784.81,0
2025,15606316,Boni,597,Spain,Male,56,7,66812.43,1,1,1,63852.73,1
2025,15606784,Klein,750,France,Male,43,1,0.0,1,0,0,24615.29,0
2025,15609463,Fischer,629,Germany,Female,43,1,98294.34,1,0,0,136852.8,1
2025,15603274,Obinna,513,Germany,Female,32,7,108134.05,1,0,0,111842.76,1
2025,15605417,Martinez,803,Spain,Male,44,10,0.0,2,1,0,121177.08,0
2025,15609147,Leroy,660,France,Male,28,1,129425.31,1,1,1,24812.31,0
2025,15609094,Diaz,619,Germany,Male,57,0,158724.43,1,1,0,61046.33,1
2025,15600249,Chu,790,France,Male,34,8,0.0,1,1,0,27819.6,0
2025,15608624,Chidiebere,395,France,Male,37,4,0.0,2,1,0,76587.75,0
2025,15608458,Schneider,747,Spain,Female,31,6,176008.21,1,1,1,34365.73,0
2025,15600787,Alonso,757,Germany,Male,29,5,104356.02,1,1,1,177351.74,0
2025,15608304,Ruiz,622,Germany,Female,63,8,84658.84,1,0,0,73559.29,1
2025,15603296,Laurent,639,Spain,Male,47,10,0.0,2,1,1,183014.94,0
2025,15606206,Hargrave,684,France,Male,37,5,0.0,2,1,1,101618.33,0
2025,15608521,Simon,639,France,Female,57,7,46205.09,1,1,0,65007.51,0
2025,15600071,Martin,688,France,Male,34,3,0.0,2,1,1,28982.0,0
2025,15606911,Richter,667,Spain,Female,40,1,124135.06,1,1,0,42457.75,1
2025,15602590,Hill,608,France,Male,37,9,89076.16,1,1,1,20047.02,0
2025,15608079,Hargrave,588,France,Female,32,1,0.0,1,0,1,86806.43,1
2025,15609149,Moreau,620,France,Male,30,10,123153.9,1,1,0,183947.36,0
2025,15609352,Martin,655,Germany,Female,36,6,105748.64,1,1,0,36916.83,1
2025,15600743,Fischer,656,France,Female,46,2,0.0,1,1,0,54100.36,0
2025,15600296,Bernard,555,France,Female,34,0,0.0,2,1,1,24349.87,0
2025,15601310,Lopez,688,Germany,Female,32,10,110669.05,1,1,1,194842.93,0
2025,15607929,Richard,552,France,Male,56,10,0.0,1,1,1,66696.2,0
2025,15603894,Schulz,640,France,Female,51,6,0.0,1,1,0,190643.56,0
2025,15603888,Schäfer,798,Germany,Male,27,4,99656.48,2,1,1,54090.14,0
2025,15604876,Muller,546,France,Female,19,5,169248.82,2,1,1,180472.84,0
2025,15607809,Navarro,516,Spain,Male,37,6,0.0,1,1,0,51643.34,0
2025,15607985,Navarro,690,France,Male,18,6,0.0,1,1,1,120306.44,0
2025,15605854,Weber,662,France,Male,25,5,123346.46,2,0,1,185518.0,0
2025,15605095,Schmidt,704,France,Female,25,6,55922.76,2,1,1,61576.16,0
2025,15605479,Martin,650,France,Female,31,9,0.0,2,1,0,66246.67,0
2025,15607977,Martinez,660,Germany,Male,20,1,95383.41,1,0,1,84793.77,0
2025,15605350,Simon,696,Germany,Female,39,3,155120.69,1,1,1,41548.77,0
2025,15609988,Hargrave,516,Spain,Female,26,8,183968.17,1,1,1,35044.83,0
2025,15602141,Martin,675,France,Female,40,7,0.0,1,1,1,119849.0,0
2025,15601681,Petit,482,France,Male,32,3,139586.46,1,0,0,163239.89,0
2025,15602403,Ruiz,547,France,Female,33,10,0.0,2,1,1,183098.21,0
2025,15604913,Schäfer,672,France,Female,38,10,115043.4,2,1,0,30412.87,0
2025,15609893,Boni,735,France,Male,39,9,0.0,2,1,1,194691.93,0
2025,15608026,Meyer,781,Spain,Male,43,8,161144.02,1,0,0,141357.51,1
2025,15605702,Obinna,583,Spain,Male,39,1,122852.56,1,0,0,144971.67,0
2025,15604419,Smith,627,Spain,Female,30,2,179405.04,1,1,0,89273.53,0
2025,15600866,Martin,850,France,Male,44,9,110436.2,2,0,1,180110.55,0
2025,15603021,Ruiz,704,Germany,Male,46,3,119263.31,1,1,1,197030.28,1
2025,15609357,Dupont,730,France,Male,42,7,0.0,2,1,1,48622.85,0
2025,15604177,Dupont,660,Germany,Female,37,2,108614.98,2,1,0,115572.63,0
2025,15603732,Jimenez,752,France,Female,18,4,0.0,2,0,1,186592.87,0
2025,15609391,Becker,610,France,Male,30,6,0.0,1,1,0,17126.75,0
2025,15607424,Ruiz,655,Germany,Female,44,9,118363.72,4,1,0,32604.38,1
2025,15605532,Bartlett,709,France,Female,35,0,0.0,2,0,1,22621.57,0
2025,15609551,Romero,714,France,Male,52,4,159552.47,1,0,1,144441.47,0
2025,15609077,Gomez,652,Germany,Male,32,4,143016.02,1,0,0,196420.71,1
2025,15601016,Schmidt,637,Germany,Male,27,5,182235.54,1,1,1,178437.41,0
2025,15600515,Leroy,570,France,Male,28,2,119560.47,1,1,1,176053.3,0
2025,15608403,Chu,606,France,Male,31,3,0.0,2,1,0,89986.07,0
2025,15609687,Chu,658,Spain,Male,34,0,0.0,2,0,1,123905.96,0
2025,15605972,Dupont,749,France,Male,39,3,134911.24,2,1,1,114920.7,0
2025,15600247,Robert,708,France,Male,18,8,0.0,4,1,1,10244.88,1
2025,15604416,Perez,685,France,Male,41,1,182833.46,2,1,1,172068.85,0
2025,15604654,Moreau,599,France,Male,40,10,154403.97,2,1,1,143039.68,0
2025,15603607,Klein,783,Germany,Female,39,0,82983.29,1,1,0,14508.63,1
2025,15607781,Martin,611,Spain,Male,46,9,0.0,2,0,1,182214.12,0
2025,15602497,Sanchez,675,France,Male,30,10,0.0,1,1,1,115538.45,0
2025,15600812,Onio,437,France,Male,39,10,223389.74,1,1,1,37722.7,0
2025,15600184,Schulz,699,France,Male,39,9,165764.43,1,1,1,75451.32,0
2025,15605739,Navarro,664,Germany,Female,25,4,144600.77,1,1,0,117623.36,1
2025,15606816,Ruiz,839,France,Female,28,0,0.0,2,1,1,55712.62,0
2025,15604023,Perez,574,France,Male,46,7,0.0,2,1,0,66779.78,0
2025,15609761,Obinna,692,France,Female,47,7,113646.02,2,1,0,85576.24,0
2025,15609337,Schäfer,722,Spain,Male,33,0,98262.4,1,1,1,107333.92,0
2025,15605548,Gomez,586,France,Male,32,5,0.0,2,1,1,74226.95,0
2025,15605893,Boni,794,France,Male,29,2,0.0,1,1,0,50450.03,0
2025,15600113,Munoz,614,Germany,Female,42,1,139176.78,1,1,0,109818.54,1
2025,15601452,Gomez,574,France,Male,32,9,95029.15,1,1,1,34894.17,0
2025,15607511,Weber,666,France,Male,41,10,0.0,1,1,0,100219.42,0
2025,15602922,Hargrave,694,France,Male,46,3,0.0,1,1,1,111011.38,0
2025,15602358,Alonso,504,France,Female,25,0,0.0,1,1,1,52881.66,0
2025,15603542,Smith,721,Germany,Female,34,9,104438.03,2,1,1,44999.11,0
2025,15604320,Gomez,644,Germany,Female,29,9,102068.2,2,1,0,53111.85,0
2025,15600529,Romero,795,Germany,Male,43,6,136440.68,2,1,0,111550.18,1
2025,15601722,Alvarez,633,France,Female,46,0,131580.45,2,1,0,183363.21,0
2025,15600279,Hoffmann,705,Spain,Female,29,0,0.0,2,1,0,22710.33,1
2025,15609708,Richard,699,Germany,Male,31,0,92176.35,1,1,0,21376.08,1
2025,15609169,He,548,Germany,Female,27,7,161785.65,1,1,1,35741.82,0
2025,15602915,Klein,670,France,Female,50,6,168443.23,2,1,1,88676.16,0
2025,15608942,Smith,600,France,Male,34,0,0.0,2,1,1,182582.8,0
2025,15600864,Braun,756,Germany,Male,27,1,125954.81,1,1,1,82218.77,0
2025,15606035,Bernard,722,Spain,Male,30,7,104041.87,1,1,1,118323.69,0
2025,15606465,Munoz,678,Spain,Male,42,4,144046.98,1,1,1,44957.93,0
2025,15609624,Michel,668,Spain,Female,43,4,0.0,1,0,0,102911.7,0
2025,15606676,Schneider,545,France,Male,18,4,46907.04,2,1,1,62949.59,0
2025,15600635,Martin,748,Germany,Male,40,2,89507.67,2,0,1,82784.73,1
2025,15602162,Garcia,850,France,Male,50,7,65599.97,2,1,0,150542.06,0
2025,15603677,Schulz,620,Germany,Female,31,2,155184.91,1,0,0,181196.53,1
2025,15600393,Simon,706,France,Male,19,10,88624.78,1,0,0,147377.52,0
2025,15608653,Dubois,614,France,Male,53,7,0.0,1,1,1,65594.94,0
2025,15606157,Thomas,528,Spain,Female,21,0,101211.93,1,0,1,155528.09,0
2025,15609987,Schneider,577,France,Male,29,8,0.0,1,1,1,160817.31,0
2025,15603308,Bartlett,485,Spain,Male,26,4,0.0,2,0,0,48672.65,0
2025,15603170,Lefebvre,637,France,Female,36,8,0.0,3,1,1,147518.52,0
2025,15601231,Laurent,640,France,Male,33,4,89380.54,2,1,1,197220.62,0
2025,15609916,Gomez,697,Germany,Male,43,4,82702.67,1,1,1,19484.51,1
2025,15601714,Hargrave,536,France,Male,37,5,126296.6,2,1,0,21402.73,0
2025,15609051,Lefebvre,506,Spain,Male,30,0,0.0,2,1,1,55978.15,0
2025,15600587,Dominguez,580,Spain,Female,20,3,94173.32,2,1,1,76930.09,0
2025,15606006,Chu,586,Germany,Female,50,5,102632.06,1,1,1,164971.93,1
2025,15607593,Mitchell,847,France,Male,43,10,0.0,2,1,0,143624.0,0
2025,15604993,Schmidt,555,France,Female,37,8,144458.02,1,0,1,120037.07,0
2025,15607772,Simon,732,Germany,Female,58,5,144184.32,2,1,0,49402.08,1
2025,15607991,Alonso,600,Germany,Female,46,2,97906.93,2,0,0,122720.73,1
2025,15600652,Richard,630,France,Female,36,7,0.0,1,1,0,60860.08,0
2025,15607442,Klein,614,Germany,Female,46,0,71732.42,1,1,1,181180.53,1
2025,15602849,Richter,520,Spain,Female,33,4,0.0,2,0,0,41275.24,0
2025,15605463,Schwarz,706,France,Female,43,8,0.0,1,0,0,117217.55,0
2025,15600308,Hill,682,Germany,Male,59,2,170748.56,1,0,0,32031.19,1
2025,15600492,Schröder,597,France,Female,34,8,72446.98,1,0,1,94091.22,1
2025,15608272,Chidiebere,683,France,Female,34,4,36875.36,2,1,0,171265.59,0
2025,15600947,Hoffmann,664,Spain,Female,21,6,55403.34,2,1,1,81477.66,0
2025,15609816,Becker,662,France,Female,28,0,104335.87,2,1,0,13054.78,0
2025,15609765,Gutierrez,557,France,Male,52,10,0.0,2,1,1,48055.24,0
2025,15606573,Bernard,453,Spain,Male,39,9,83883.52,1,1,1,137634.76,0
2025,15600122,Garcia,616,France,Male,36,5,0.0,2,1,1,167472.77,0
2025,15606417,Hill,549,France,Female,46,3,153024.58,2,0,0,48628.54,0
2025,15604045,Schröder,475,France,Female,34,2,0.0,2,1,1,57908.33,0
2025,15608019,Schröder,652,Spain,Male,32,3,128587.87,1,1,0,190444.62,0
2025,15605520,Weber,567,France,Female,37,8,0.0,2,1,1,146914.8,0
2025,15603486,Jimenez,591,France,Male,23,10,0.0,2,1,1,136642.54,0
2025,15601306,Onio,568,France,Male,35,3,92742.98,2,1,1,132543.29,0
2025,15606361,Martinez,651,France,Female,34,9,89709.18,2,1,1,182344.16,0
2025,15605821,Mitchell,592,Germany,Male,34,8,105804.74,1,0,0,111021.96,1
2025,15607891,Zimmermann,667,Germany,Male,25,1,183534.02,1,0,0,44145.0,0
2025,15609301,Garcia,669,France,Female,50,6,0.0,2,1,0,132112.47,0
2025,15603476,Smith,573,France,Female,29,5,140204.17,2,0,0,156129.68,0
2025,15604946,Romero,556,Spain,Female,59,1,0.0,1,1,1,158153.43,0
2025,15600382,Becker,642,France,Female,27,2,0.0,2,1,1,136780.54,0
2025,15602541,Bauer,687,Spain,Male,37,1,0.0,1,1,0,106726.55,0
2025,15605217,Bernard,668,Germany,Male,49,3,111684.49,1,1,0,77931.66,1
2025,15605593,Schneider,766,Spain,Male,59,2,124988.55,1,0,1,118276.44,0
2025,15603357,Hoffmann,744,Germany,Female,23,2,153796.28,1,0,0,179478.23,0
2025,15602395,Hargrave,654,France,Male,48,8,0.0,1,1,1,38935.85,0
2025,15602113,Wolf,763,France,Female,19,5,80055.52,2,0,0,65272.67,0
2025,15603575,Schmidt,633,Spain,Male,32,3,148882.38,2,1,0,173964.72,0
2025,15602882,Romero,520,Spain,Male,44,4,178943.42,1,1,0,44890.78,0
2025,15604478,Leroy,698,Germany,Female,45,10,89538.69,1,1,1,13165.46,1
2025,15601504,Simon,713,France,Female,32,0,0.0,1,0,1,62295.04,0
2025,15606506,Onio,472,France,Male,67,2,0.0,1,1,0,130457.71,1
2025,15607578,Petit,782,Spain,Female,34,0,133461.31,2,1,1,59316.85,0
2025,15605732,Hoffmann,493,France,Male,42,0,62074.62,1,0,0,163284.33,0
2025,15604605,Hernandez,480,France,Male,25,10,98827.85,1,0,0,78758.53,0
2025,15603448,Navarro,651,France,Female,48,6,123725.39,3,1,1,186220.91,1
2025,15604048,Perez,474,Germany,Male,31,10,145926.51,2,1,1,89133.27,0
2025,15609251,Becker,617,Spain,Male,31,0,107138.47,2,1,0,10869.33,0
2025,15607236,Jimenez,553,France,Male,24,9,82037.65,1,0,0,199395.2,0
2025,15603845,Braun,533,France,Female,37,0,0.0,2,1,0,86169.68,0
2025,15602307,Hill,569,France,Female,53,9,200151.84,2,1,1,183788.88,0
2025,15608415,Thomas,629,Spain,Male,57,5,113366.02,2,1,1,73665.67,0
2025,15604517,Garcia,648,France,Male,33,4,63834.59,1,1,0,69213.86,0
2025,15601764,He,636,France,Male,54,10,136272.99,2,0,1,24947.18,0
2025,15600874,Dupont,506,France,Female,37,2,0.0,1,1,1,114758.53,0
2025,15603076,Torres,669,Spain,Male,29,8,0.0,1,1,0,76518.49,0
2025,15606819,Smith,773,France,Male,57,10,0.0,1,1,1,181356.65,0
2025,15608699,Alonso,625,France,Male,32,6,0.0,1,0,1,47961.31,0
2025,15604724,Dominguez,511,France,Male,47,7,0.0,1,0,0,41689.38,0
2025,15608596,Dupont,532,France,Female,26,8,106325.82,2,1,1,128072.89,0
2025,15600689,Garcia,660,France,Male,57,3,40016.06,1,1,1,73761.5,0
2025,15601212,Krüger,514,France,Male,52,6,0.0,2,1,1,154511.92,0
2025,15609545,Garcia,573,Spain,Male,18,4,79681.98,2,1,1,38928.19,0
2025,15601815,Rodriguez,684,France,Female,34,2,112057.5,1,1,1,81933.38,0
2025,15603686,He,722,France,Female,24,10,0.0,2,1,0,132910.38,0
2025,15604482,Navarro,564,France,Male,50,2,75188.75,2,1,0,30368.58,1
2025,15601642,Thomas,600,Germany,Female,28,2,79135.48,1,1,1,172874.29,0
2025,15606467,Wagner,758,France,Male,38,7,0.0,2,1,0,56775.26,0
2025,15609362,Chidiebere,494,Spain,Female,34,7,0.0,1,1,1,95731.97,1
2025,15608294,Jimenez,557,France,Male,26,5,71608.5,1,1,1,163684.26,0
2025,15602575,Bernard,675,Spain,Female,31,7,133670.11,2,1,0,42319.19,0
2025,15604219,Fischer,664,France,Female,40,4,0.0,2,0,1,140120.38,0
2025,15607889,Romero,817,France,Female,37,6,90910.18,1,1,1,114397.5,0
2025,15609964,Durand,622,France,Male,46,4,0.0,1,1,1,28722.61,0
2025,15606781,Petit,770,France,Female,41,3,161793.59,1,1,0,88104.18,0
2025,15603943,Hill,725,France,Male,36,7,97107.53,2,1,1,106953.34,0
2025,15601301,Klein,737,France,Female,41,1,0.0,2,0,0,183531.7,0
2025,15606832,Becker,666,France,Male,37,10,126154.71,1,1,0,25376.13,1
2025,15604832,Smith,578,Germany,Male,36,5,141810.38,1,1,0,75382.26,0
2025,15606318,Garcia,579,Germany,Female,38,7,114323.04,2,1,1,152515.87,0
2025,15608616,Martinez,475,Germany,Female,45,6,142624.43,2,1,1,14799.29,1
2025,15605212,Laurent,717,France,Female,28,4,164190.85,1,1,0,191519.21,0
2025,15604921,He,695,France,Male,43,6,0.0,1,1,0,23607.49,0
2025,15608643,Dupont,610,Germany,Female,34,4,94006.41,2,1,1,111054.21,0
2025,15606193,Meyer,650,France,Female,48,8,78187.55,1,1,1,116159.21,0
2025,15604704,Hargrave,725,France,Male,24,10,0.0,2,1,1,75457.93,0
2025,15602326,Thomas,661,Spain,Male,43,10,0.0,2,1,0,63230.31,1
2025,15606559,Sanchez,635,France,Male,33,1,67679.71,1,1,1,33574.67,0
2025,15602601,Muller,399,Germany,Female,23,6,85874.66,1,1,0,148528.68,0
2025,15607874,Schwarz,497,Germany,Male,30,9,123281.49,1,1,1,186673.11,1
2025,15601508,Klein,754,France,Female,24,6,0.0,2,1,0,29381.04,0
2025,15601760,Hill,551,France,Male,27,5,0.0,1,0,1,27882.49,0
2025,15602422,Gutierrez,735,Spain,Female,57,6,0.0,2,1,1,183632.63,0
2025,15606714,Muller,504,Germany,Male,36,9,82104.61,1,1,0,142562.88,1
2025,15609979,Laurent,488,Germany,Female,67,5,162830.1,1,1,1,83913.32,1
2025,15601172,Moreau,670,France,Female,35,9,87985.45,2,1,0,168610.82,0
2025,15605358,Richard,761,Germany,Male,26,8,157485.97,1,1,0,165862.49,0
2025,15606545,Martin,718,France,Male,38,10,0.0,2,0,0,30109.86,0
2025,15606694,He,700,Spain,Male,51,1,151744.63,2,0,0,180625.76,0
2025,15604258,Schmidt,476,Spain,Male,36,0,0.0,2,1,0,78021.43,0
2025,15604222,Laurent,555,Germany,Male,36,6,131918.16,1,1,1,180003.7,0
2025,15600045,Fischer,671,Germany,Male,24,10,79951.62,1,0,0,98314.64,0
2025,15609616,Mitchell,572,Germany,Male,33,1,108185.6,1,1,0,72438.19,0
2025,15606677,Muller,710,France,Male,41,9,0.0,2,1,1,35856.23,0
2025,15605611,Michel,634,Germany,Male,32,2,94237.24,2,0,1,127178.58,0
2025,15607184,Garcia,537,Spain,Female,35,3,0.0,1,1,0,28976.83,0
2025,15603852,Jimenez,586,France,Female,59,4,0.0,3,1,0,56483.64,1
2025,15600862,Navarro,616,France,Male,29,1,0.0,2,1,1,73908.98,0
2025,15608380,Hill,683,Germany,Male,48,3,141023.05,2,1,1,46578.88,1
2025,15601957,Hernandez,805,Spain,Female,18,10,182018.64,1,0,0,166143.74,1
2025,15602795,Simon,723,France,Female,37,9,167885.72,1,0,1,82623.9,0
2025,15607658,Wagner,586,Germany,Male,35,8,90560.73,1,1,0,158662.75,1
2025,15602474,Onio,734,Spain,Male,40,4,80768.68,2,1,1,137936.03,0
2025,15606150,Moreau,700,France,Female,24,8,135794.37,1,1,0,110093.93,0
2025,15600667,Lopez,628,Germany,Male,40,4,91482.3,1,1,0,82906.62,1
2025,15607223,Dubois,588,Germany,Female,41,0,95081.34,3,0,0,187829.89,1
2025,15600040,Navarro,608,Germany,Male,56,0,92080.94,1,1,0,175988.66,1
2025,15602465,Moreno,708,France,Male,28,5,0.0,1,0,0,10860.74,0
2025,15600691,Munoz,713,France,Male,36,4,106852.97,1,1,0,91642.9,0
2025,15609697,Sanchez,518,France,Female,51,10,0.0,2,0,0,26150.67,0
2025,15600624,Schulz,743,Spain,Female,46,8,0.0,2,0,0,29499.52,0
2025,15600134,Alonso,635,France,Male,48,8,110010.3,1,1,1,103365.01,0
2025,15608060,Leroy,741,France,Male,36,10,82255.02,2,0,1,154299.07,0
2025,15603411,Alvarez,611,Spain,Female,33,3,0.0,1,1,0,181228.17,0
2025,15608287,Becker,485,France,Male,32,5,105104.58,1,0,0,72783.3,0
2025,15603202,Martinez,752,Germany,Male,38,2,121883.04,1,0,1,88141.7,0
2025,15603355,Schwarz,453,Germany,Male,39,8,88892.59,2,1,1,107308.3,0
2025,15605261,Smith,659,France,Female,27,9,0.0,1,0,0,49595.28,0
2025,15600507,Schröder,753,Spain,Female,26,7,0.0,1,1,0,83585.34,0
2025,15600500,Bartlett,668,Spain,Male,47,4,0.0,2,1,0,81728.79,0
2025,15609041,Rodriguez,625,France,Male,33,3,0.0,2,1,0,151129.08,0
2025,15609276,Michel,588,Spain,Male,58,7,0.0,1,1,0,83743.59,0
2025,15601723,Schulz,442,Germany,Male,37,8,155159.6,2,1,1,156942.82,0
2025,15608929,Perez,583,Germany,Male,57,5,98791.75,1,1,1,152481.87,1
2025,15606915,Boni,543,Spain,Male,40,8,0.0,1,0,1,174649.51,0
2025,15603464,Alonso,602,France,Male,46,1,0.0,1,1,0,21285.05,0
2025,15602758,Mitchell,744,Germany,Female,25,6,99963.4,1,1,1,60044.4,0
2025,15600199,Alvarez,715,Germany,Female,39,3,194605.4,2,1,1,196932.13,0
2025,15607293,Hill,464,Spain,Female,43,9,161635.73,2,1,0,78717.89,0
2025,15600698,Smith,717,Germany,Male,24,6,119256.63,2,0,1,29342.44,0
2025,15609564,Schröder,668,France,Male,30,6,0.0,2,1,1,27671.79,0
2025,15607036,Weber,629,Germany,Male,50,9,81455.57,2,0,0,37979.63,1
2025,15608373,Navarro,726,Germany,Female,31,5,153834.61,1,1,1,146482.52,0
2025,15602362,Garcia,618,France,Female,27,4,83261.03,2,1,1,183778.9,0
2025,15605172,Obinna,819,France,Female,47,0,0.0,1,0,1,122248.35,1
2025,15600262,Schäfer,700,Germany,Male,44,4,148658.44,2,1,1,59866.57,1
2025,15605788,Petit,511,Spain,Female,38,5,53497.89,2,0,1,185877.52,0
2025,15608541,Richter,613,France,Female,61,1,95005.33,1,1,1,47163.12,0
2025,15600057,Meyer,708,Spain,Male,42,9,115384.74,1,1,0,72294.99,0
2025,15605203,Obinna,559,Spain,Male,34,1,59360.91,3,1,1,78591.13,0
2025,15604446,Garcia,601,France,Female,33,3,130238.98,2,0,1,179390.43,0
2025,15606064,Obinna,689,Spain,Male,46,6,0.0,1,1,0,69233.78,1
2025,15603955,Navarro,680,Germany,Male,39,0,170923.23,2,0,1,22029.7,0
2025,15609576,Bauer,731,Spain,Female,38,6,0.0,1,1,0,78864.21,0
2025,15607114,He,727,France,Female,42,0,0.0,2,1,1,19016.0,0
2025,15600773,Weber,607,France,Male,31,7,0.0,2,1,0,68031.09,0
2025,15606964,Ruiz,779,France,Male,36,1,0.0,2,0,0,74836.21,0
2025,15606451,Hernandez,801,Germany,Male,29,0,107315.13,2,1,0,141104.13,0
2025,15605290,Obinna,672,Spain,Male,48,10,0.0,2,1,0,86854.59,0
2025,15604960,Schröder,524,Spain,Female,55,5,142055.25,1,1,1,127473.81,0
2025,15604278,Thomas,633,France,Female,52,1,155280.26,1,0,0,188026.69,0
2025,15602558,Wolf,659,France,Female,36,3,0.0,1,0,0,183445.11,0
2025,15607409,Munoz,628,Germany,Male,38,7,139407.77,2,1,1,66095.9,0
2025,15607750,Chu,780,France,Male,26,0,139724.33,2,1,1,64726.86,0
2025,15609781,Leroy,759,France,Female,33,7,0.0,2,1,0,193547.41,1
2025,15604629,Onio,713,France,Female,21,8,0.0,1,1,1,27815.99,0
2025,15604985,Alonso,647,France,Female,26,8,106210.79,1,0,1,142478.82,0
2025,15602281,Martinez,747,France,Female,36,2,140295.57,2,0,0,174945.87,0
2025,15608436,Hill,749,Spain,Male,25,7,82490.39,1,1,1,106698.55,0
2025,15609607,Martin,723,Spain,Male,28,5,30171.19,2,1,0,153162.27,0
2025,15604489,Bartlett,563,Spain,Female,26,9,0.0,1,0,1,131524.9,0
2025,15607644,Alvarez,695,Germany,Female,37,8,84782.42,1,1,0,164791.57,0
2025,15604758,Weber,629,Spain,Female,33,2,0.0,2,1,0,175801.15,0
2025,15605756,Petit,653,Germany,Male,33,3,136258.07,1,0,1,91147.84,0
2025,15607175,Wagner,727,France,Female,36,6,0.0,2,1,0,149472.55,0
2025,15606370,Bauer,651,France,Female,34,7,0.0,1,0,1,129416.56,0
2025,15600796,Klein,700,France,Male,43,10,0.0,2,0,1,178591.29,0
2025,15605597,Wagner,641,France,Male,46,9,66902.62,1,1,1,87189.24,0
2025,15608252,Chidiebere,465,Spain,Male,47,9,0.0,2,1,0,11507.89,0
2025,15609145,Laurent,724,France,Male,57,6,117719.0,2,1,0,39494.42,0
2025,15609798,Thomas,615,France,Female,22,4,95098.19,2,1,1,19275.78,0
2025,15608501,Lopez,818,France,Male,33,8,100429.49,1,1,1,169316.02,0
2025,15600336,Michel,820,France,Female,42,6,68840.89,1,0,1,61787.47,0
2025,15609467,Romero,546,France,Female,47,6,0.0,1,0,0,130268.49,1
2025,15605836,Dubois,710,France,Female,61,4,153678.86,1,1,0,87665.92,0
2025,15603212,Robert,700,Spain,Female,67,5,136066.05,2,0,0,134708.26,0
2025,15607270,Onio,736,Germany,Female,29,1,145338.12,1,1,0,85556.34,0
2025,15602929,Perez,601,France,Female,25,0,126028.61,2,1,0,116889.54,0
2025,15606438,Dupont,558,Germany,Female,39,2,78348.34,1,0,0,41390.16,1
2025,15604132,Dupont,585,France,Female,26,10,99067.95,2,1,0,100415.06,0
2025,15600941,Becker,627,France,Male,37,0,0.0,1,1,0,144589.0,0
2025,15609166,Hernandez,512,France,Male,35,1,0.0,1,1,0,147925.56,0
2025,15607153,Perez,743,Spain,Male,42,3,0.0,1,1,0,98658.03,0
2025,15600644,Bartlett,583,France,Male,29,3,89447.44,2,0,0,141904.53,0
2025,15608992,Durand,600,France,Female,48,4,0.0,1,1,0,102681.62,1
2025,15605826,Braun,629,France,Male,24,5,0.0,2,1,0,76408.44,1
2025,15601740,Romero,677,France,Male,43,8,0.0,1,1,0,182890.22,0
2025,15600881,Sanchez,571,Germany,Female,41,3,136881.0,2,1,0,67370.82,1
2025,15608629,Onio,765,France,Female,18,7,156609.27,1,1,0,163261.03,0
2025,15606827,Jimenez,739,France,Female,34,0,138928.04,1,0,1,155650.81,1
2025,15604212,Koch,635,France,Male,40,7,0.0,2,1,1,29923.43,0
2025,15606707,Dominguez,647,France,Male,41,8,0.0,2,0,1,139181.77,0
2025,15609672,Robert,502,France,Male,30,10,121962.38,1,1,1,47608.94,0
2025,15602994,Martinez,526,France,Male,30,6,0.0,1,1,0,50735.76,0
2025,15600535,Lefebvre,743,France,Female,44,0,0.0,1,1,0,68878.62,0
2025,15605735,Hernandez,689,Spain,Female,25,3,0.0,2,0,1,156038.85,0
2025,15601947,Perez,731,Germany,Female,32,10,62971.46,1,1,1,146974.16,0
2025,15601019,Becker,753,Spain,Male,54,8,0.0,2,1,0,88865.31,0
2025,15606538,Bauer,604,Spain,Male,20,2,137961.7,1,1,1,33988.6,0
2025,15609921,Simon,561,Spain,Female,37,5,161054.24,2,1,1,102954.06,0
2025,15600413,Thomas,714,Spain,Male,31,5,0.0,1,1,1,80737.29,0
2025,15601666,Navarro,641,Germany,Female,42,8,162235.5,2,0,0,75095.68,1
2025,15603731,Hoffmann,746,France,Male,36,3,91958.54,2,1,0,51113.68,0
2025,15606374,Wagner,449,Germany,Male,33,7,141479.29,2,1,0,59596.74,0
2025,15603576,Simon,622,France,Female,43,2,0.0,2,0,1,10307.69,0
2025,15607815,Schneider,666,Spain,Male,21,0,116091.93,2,1,1,113257.99,0
2025,15606414,Torres,751,France,Male,39,7,143255.13,2,1,1,113664.03,0
2025,15604224,Schneider,690,Germany,Male,47,9,137828.94,1,1,0,40748.7,1
2025,15601276,Alvarez,577,Spain,Female,42,9,84849.24,2,0,0,13882.3,0
2025,15608578,Lopez,700,Spain,Male,55,7,97916.87,1,1,0,199629.31,0
2025,15607854,Hoffmann,825,Germany,Female,47,8,102310.34,3,1,1,191352.09,1
2025,15600312,Durand,622,France,Female,39,10,157263.9,2,0,1,42655.74,0
2025,15600669,Dubois,635,France,Female,21,8,50323.75,2,1,0,124661.99,0
2025,15608988,Navarro,697,Germany,Male,42,9,102299.05,2,1,1,55469.49,1
2025,15603070,Smith,647,France,Female,52,5,0.0,2,0,1,182395.77,0
2025,15608367,Robert,724,Spain,Female,43,8,75170.61,2,0,1,154089.71,0
2025,15609915,Dupont,595,France,Male,49,3,0.0,1,1,1,118894.59,1
2025,15601934,Lopez,533,Spain,Male,43,6,0.0,2,0,0,122213.36,0
2025,15605032,Hoffmann,651,France,Female,39,6,0.0,2,1,1,83677.01,0
2025,15609436,Moreno,544,Spain,Male,35,7,64605.32,2,1,1,154886.11,0
2025,15605605,Chu,562,France,Female,33,7,0.0,2,1,0,198963.52,0
2025,15601955,Hargrave,622,France,Female,38,4,165955.95,1,1,1,75443.31,1
2025,15603984,Munoz,634,Spain,Female,52,9,124939.72,1,1,0,162521.79,0
2025,15600203,Martin,771,France,Female,34,6,0.0,1,1,0,89482.24,0
2025,15604931,Neumann,723,Germany,Male,52,3,111906.82,2,1,0,120194.3,1
2025,15608136,Sanchez,734,Spain,Female,49,0,65235.12,1,1,0,185212.1,0
2025,15601916,Weber,803,France,Male,31,7,0.0,2,1,1,96680.89,0
2025,15605871,Koch,465,France,Male,29,6,0.0,1,1,1,151631.55,0
2025,15605116,Schulz,748,France,Male,42,3,141798.78,1,1,0,87304.66,0
2025,15609120,Petit,736,France,Female,47,3,0.0,1,1,0,57923.92,0
2025,15600513,Fischer,850,Spain,Male,52,6,35643.17,3,0,0,10438.16,1
2025,15607067,Bernard,712,France,Female,32,2,145040.06,1,0,1,159239.28,0
2025,15609182,Sanchez,712,France,Male,30,7,100126.05,1,1,0,130032.72,0
2025,15603555,Schwarz,489,Spain,Female,59,2,136377.73,1,0,1,35082.32,0
2025,15602891,Boni,653,France,Male,51,10,96636.59,2,1,1,53450.13,0
2025,15603600,Bernard,748,France,Female,44,1,103615.04,1,1,1,122454.64,0
2025,15604714,Bernard,566,Germany,Male,26,8,114406.5,1,0,0,57803.68,1
2025,15602233,Hernandez,732,Germany,Male,56,7,153939.55,1,1,1,46992.64,1
2025,15608812,Schröder,586,France,Female,31,2,158624.58,1,1,1,14028.42,0
2025,15606823,Hargrave,591,France,Male,46,4,0.0,1,1,1,174328.79,1
2025,15606017,Perez,513,France,Female,42,0,88023.11,2,1,1,166794.96,0
2025,15608820,Schneider,728,France,Male,39,8,81058.54,2,1,0,80767.99,0
2025,15603754,Thomas,675,Spain,Male,51,10,0.0,1,1,1,94632.5,0
2025,15605322,Garcia,634,France,Male,54,5,150212.06,1,1,0,117444.29,0
2025,15602299,Richter,730,Germany,Female,41,2,128294.65,1,0,1,147526.29,1
2025,15604850,Martinez,480,France,Female,30,4,144747.94,2,1,0,29596.72,0
2025,15609793,Navarro,520,Spain,Male,56,9,141413.5,1,1,0,181767.17,0
2025,15609069,Schäfer,850,France,Male,38,2,0.0,2,0,0,40105.75,0
2025,15606136,Smith,629,Germany,Male,32,10,45958.43,2,1,1,154347.74,0
2025,15604468,Koch,530,France,Male,38,4,0.0,2,0,0,97863.57,0
2025,15606243,Torres,713,France,Female,53,4,0.0,2,1,1,39771.42,0
2025,15601461,Bartlett,558,Spain,Female,52,10,0.0,1,1,1,19607.29,1
2025,15603675,Bartlett,589,Germany,Female,53,7,138535.69,1,1,1,41880.6,1
2025,15608322,Dubois,664,France,Female,41,6,115628.7,1,0,0,129610.52,1
2025,15601022,Dupont,779,Germany,Female,40,1,192192.34,2,1,1,69040.43,1
2025,15602649,Klein,497,Spain,Female,30,0,92013.66,2,1,0,126055.69,0
2025,15608576,Perez,643,France,Female,46,3,146451.96,2,1,1,89278.7,0
2025,15600476,Richter,728,Spain,Male,43,9,0.0,1,1,0,150933.23,0
2025,15605874,Martinez,640,France,Female,33,9,0.0,1,0,1,67116.66,0
2025,15605552,He,617,Spain,Male,49,7,0.0,2,1,1,188284.68,0
2025,15601218,Martin,559,France,Female,46,2,109973.14,1,1,0,189756.97,1
2025,15608604,Simon,493,France,Female,26,4,0.0,1,0,0,44812.69,0
2025,15606445,Romero,592,France,Male,35,3,0.0,2,1,0,56791.93,0
2025,15609976,Garcia,568,France,Female,51,0,0.0,1,1,0,38980.14,0
2025,15606618,Lopez,563,France,Male,27,7,0.0,1,1,1,23798.35,0
2025,15603264,Rodriguez,759,Spain,Female,43,1,0.0,1,1,1,162754.65,0
2025,15604727,Perez,549,Germany,Male,38,10,136904.33,2,1,0,84721.35,1
2025,15602000,Richard,722,France,Female,43,8,149392.59,2,1,0,166236.15,0
2025,15605523,Romero,675,Spain,Female,38,4,53479.85,1,0,1,145460.62,0
2025,15607539,Alvarez,606,Germany,Male,50,1,143447.34,2,1,1,133423.07,1
2025,15605014,Weber,590,France,Male,23,2,134443.33,1,1,0,79289.94,0
2025,15605701,Becker,653,France,Female,38,6,98906.83,1,1,0,105185.22,0
2025,15600808,Meyer,724,Germany,Male,44,3,128883.14,2,1,0,105985.41,1
2025,15602779,Mitchell,615,France,Female,56,1,104854.6,1,1,1,28651.01,0
2025,15601892,Mitchell,520,France,Male,34,3,120944.48,1,0,1,111774.79,0
2025,15604109,Zimmermann,536,Spain,Female,45,5,91759.56,3,0,0,40459.31,1
2025,15601385,Zimmermann,570,France,Male,45,0,143662.83,3,1,0,174312.35,1
2025,15606175,Moreau,628,France,Female,50,3,107995.55,2,1,1,94254.47,0
2025,15602661,Navarro,627,France,Female,53,3,0.0,2,1,1,117216.74,0
2025,15608037,Torres,631,Germany,Male,35,8,123280.42,1,1,1,90747.45,0
2025,15608197,Chu,585,France,Male,46,4,0.0,2,1,0,134606.01,0
2025,15605106,Thomas,543,France,Female,55,5,0.0,2,1,0,143666.11,0
2025,15609882,Martinez,544,France,Female,49,7,0.0,2,0,1,63802.55,0
2025,15607469,Robert,647,France,Female,42,5,102323.79,2,0,1,198584.94,0
2025,15601380,Mitchell,732,Germany,Male,32,7,113273.95,1,1,0,100878.97,0
2025,15601830,Dupont,700,France,Female,21,3,111722.41,1,1,1,39903.81,0
2025,15602947,Michel,617,Spain,Male,47,7,105345.93,2,1,1,61579.28,0
2025,15600752,Robert,665,Germany,Male,43,9,125015.83,1,1,1,86801.88,1
2025,15601390,Bernard,596,France,Female,45,5,0.0,1,0,0,29396.06,0
2025,15605684,Navarro,602,Germany,Male,41,8,107272.42,2,1,0,177686.72,1
2025,15602087,He,606,France,Female,20,2,0.0,1,1,1,62328.08,0
2025,15604584,Mitchell,664,Germany,Female,42,2,78770.27,2,0,0,63551.16,1
2025,15609570,Hill,672,France,Male,38,4,154479.1,2,1,1,174978.21,0
2025,15603149,Chidiebere,823,France,Female,31,1,129739.5,2,1,0,184816.47,0
2025,15607288,Rodriguez,661,Germany,Female,37,7,124234.71,2,0,0,117893.57,0
2025,15603287,Schmidt,533,Spain,Male,27,6,101340.24,1,1,0,137125.33,0
2025,15602921,He,602,Spain,Female,42,1,117331.12,1,0,0,130362.74,0
2025,15606777,Munoz,660,Spain,Male,47,1,0.0,2,1,1,17324.95,0
2025,15605538,Hargrave,850,Germany,Female,50,6,95516.36,2,1,1,14138.38,1
2025,15602007,Alonso,673,Spain,Female,36,2,0.0,2,1,1,20384.0,0
2025,15609591,Boni,696,France,Male,46,9,99454.99,2,0,1,124811.04,0
2025,15608143,Schmidt,781,Germany,Female,36,1,136442.63,2,1,0,13215.06,0
2025,15606703,Hoffmann,775,France,Male,34,5,0.0,2,1,0,16879.08,1
2025,15608656,Braun,532,Germany,Male,33,2,170687.81,1,1,1,64837.88,1
2025,15605621,Schulz,570,France,Male,40,8,0.0,2,1,0,61608.54,0
2025,15605248,He,654,France,Male,57,0,144000.47,1,0,1,190439.99,0
2025,15609305,Michel,599,Germany,Female,50,3,97411.4,2,0,1,29620.05,1
2025,15603350,Chidiebere,660,France,Male,19,0,0.0,1,0,1,65807.68,0
2025,15603334,Alonso,584,France,Male,41,3,58703.67,2,0,0,81064.86,0
2025,15600083,Schmidt,633,France,Male,45,5,0.0,1,0,1,127265.87,0
2025,15606821,Leroy,509,France,Female,29,1,155550.4,2,1,1,29715.48,0
2025,15601141,Ruiz,715,Spain,Male,49,2,129265.7,2,1,0,172986.3,0
2025,15604922,Rodriguez,801,Spain,Female,19,8,0.0,1,1,0,192202.19,0
2025,15603921,Simon,673,Spain,Male,24,7,115531.12,1,1,0,29240.95,0
2025,15603413,Diaz,686,France,Female,35,2,0.0,1,0,0,45715.83,0
2025,15605135,Sanchez,701,France,Female,27,9,0.0,1,1,0,132718.76,0
2025,15606719,Hargrave,635,Spain,Female,31,2,0.0,2,1,0,85072.75,0
2025,15603794,Robert,720,France,Female,25,5,0.0,2,1,1,19102.99,0
2025,15608300,Garcia,724,Germany,Male,43,1,69388.84,1,1,0,193909.14,1
2025,15605339,Neumann,745,France,Male,39,10,108643.39,2,1,1,172201.94,0
2025,15609264,Torres,663,Spain,Male,22,8,87058.33,2,1,1,59855.88,0
2025,15601845,Koch,659,Spain,Female,59,5,106475.12,2,1,1,197686.91,0
2025,15605254,Zimmermann,716,Germany,Male,39,1,34028.66,2,1,1,131234.25,0
2025,15603614,Michel,604,Spain,Female,23,10,0.0,1,1,1,128878.41,0
2025,15605999,Weber,735,Spain,Female,46,3,112454.43,2,0,0,135131.95,0
2025,15603663,Dubois,753,Spain,Male,29,6,128428.26,2,1,0,124952.54,0
2025,15608506,Moreno,618,Spain,Female,41,9,0.0,1,1,0,154422.92,0
2025,15601053,Wagner,707,Spain,Male,34,1,0.0,2,1,1,58925.75,0
2025,15608958,Schwarz,669,France,Male,18,5,118869.98,2,1,0,156475.45,0
2025,15601990,Petit,679,Spain,Male,37,5,107630.31,2,0,0,98912.79,0
2025,15603398,Durand,634,Spain,Male,37,2,0.0,2,1,0,43289.73,0
2025,15604134,Klein,663,France,Female,18,9,0.0,2,0,0,70010.96,0
2025,15606998,Thomas,710,France,Female,37,7,97547.39,3,0,1,51499.42,0
2025,15606443,Thomas,540,Spain,Female,21,1,0.0,1,1,0,40469.87,0
2025,15606649,Hill,674,Germany,Female,38,8,107334.47,1,1,0,36469.92,0
2025,15605469,Petit,529,Spain,Female,22,8,0.0,1,1,0,196502.08,0
2025,15608135,Jimenez,677,Germany,Female,44,1,120001.4,2,0,0,36168.08,1
2025,15605742,He,501,France,Male,39,3,100570.49,2,1,1,140041.93,0
2025,15603546,Gutierrez,700,Spain,Female,45,8,129664.07,2,1,0,49518.33,1
2025,15609944,Laurent,698,France,Male,44,0,0.0,2,1,0,46176.13,0
2025,15607819,Thomas,685,Spain,Male,49,3,169343.44,1,0,1,125167.49,0
2025,15602645,Schneider,630,France,Female,47,6,88286.07,1,1,1,49204.85,1
2025,15609415,Navarro,740,France,Female,35,6,0.0,2,1,0,64604.92,0
2025,15609825,Alvarez,644,Germany,Female,34,6,107596.62,1,1,0,121406.22,1
2025,15601705,Martin,771,France,Female,53,6,115466.87,3,1,0,156838.9,1
2025,15609539,Richard,602,Germany,Female,23,2,74871.09,2,1,0,46690.24,0
2025,15608374,Schulz,422,Germany,Female,54,4,96181.3,1,1,0,151768.89,1
2025,15604802,Gutierrez,715,France,Female,45,2,87522.72,2,1,0,114911.02,0
2025,15607346,Chu,783,France,Male,36,3,0.0,2,1,0,179269.87,0
2025,15604305,Bauer,777,France,Male,58,4,140151.24,1,1,0,79915.48,0
2025,15604910,Jimenez,671,Germany,Female,36,5,89629.09,1,1,0,26770.03,0
2025,15606603,Hoffmann,609,Spain,Male,41,5,0.0,3,1,1,155740.32,0
2025,15601465,Muller,800,Spain,Female,18,5,78551.39,2,0,1,153737.4,0
2025,15602530,Petit,696,France,Male,54,9,182185.63,1,1,0,23366.11,0
2025,15604814,Schwarz,730,Germany,Male,70,7,123712.29,1,0,0,152063.21,1
2025,15607571,Richter,560,Germany,Male,32,10,142144.73,1,1,0,171303.61,1
2025,15602797,Klein,602,Germany,Male,29,2,63755.72,2,0,0,116556.08,0
2025,15607738,Schneider,661,Germany,Female,30,3,152994.92,2,1,0,118009.85,0
2025,15606375,Bauer,629,France,Male,18,10,44946.92,2,1,0,132088.34,0
2025,15604948,Hernandez,745,France,Male,41,2,142993.58,2,1,1,156032.53,0
2025,15608275,Schmidt,754,Germany,Female,41,5,97500.56,2,0,1,126132.54,1
2025,15602329,Bartlett,701,France,Male,18,5,93645.24,1,1,1,136538.7,0
2025,15601034,Chidiebere,756,France,Male,46,4,109382.67,1,0,1,199254.95,0
2025,15608406,Dupont,556,Spain,Male,41,10,127870.12,2,1,1,51403.28,0
2025,15608662,Robert,783,France,Male,30,3,109811.96,1,1,1,191247.71,0
2025,15607443,Chu,673,Germany,Female,18,10,128031.18,1,1,0,145077.69,0
2025,15602509,Martin,570,Germany,Female,36,2,114133.73,3,1,1,24218.95,1
2025,15601025,Alvarez,629,Spain,Male,30,5,120204.93,3,1,1,99350.07,1
2025,15604016,Meyer,648,Spain,Female,47,4,96542.68,2,1,1,114692.34,0
2025,15603838,Muller,578,Spain,Female,23,0,92967.41,1,0,1,38391.16,0
2025,15605722,Martinez,742,Germany,Male,33,6,138744.95,2,1,0,187993.88,0
2025,15605233,Moreno,625,Spain,Female,43,6,0.0,1,1,1,155950.46,0
2025,15600568,Hernandez,582,Spain,Female,29,3,87947.32,2,1,0,141913.37,0
2025,15604098,Fischer,605,Germany,Male,58,6,113634.78,2,1,1,140273.86,1
2025,15606213,Schulz,695,France,Female,39,9,0.0,2,0,1,147047.4,0
2025,15606862,Schmidt,593,France,Female,35,4,64384.69,2,0,1,148342.01,0
2025,15603227,Moreau,685,Germany,Male,44,10,83108.51,2,1,0,119818.37,1
2025,15602011,Thomas,668,France,Male,50,2,0.0,1,0,0,33925.44,1
2025,15605995,Garcia,630,Germany,Female,50,0,102900.45,1,0,0,94531.85,1
2025,15609933,Thomas,773,France,Female,47,0,153208.91,3,1,0,115147.19,0
2025,15602823,Sanchez,565,France,Female,38,4,0.0,1,1,0,166163.96,0
2025,15604672,Sanchez,642,France,Male,58,5,0.0,1,1,1,57615.6,0
2025,15608013,Braun,706,France,Female,23,4,0.0,1,1,0,198861.41,1
2025,15609631,Neumann,757,France,Female,32,2,0.0,1,1,1,197891.74,0
2025,15606130,Chidiebere,645,Germany,Male,50,0,86792.74,1,1,1,73590.88,1
2025,15602505,Schneider,812,Germany,Female,43,10,163798.79,1,1,1,175289.58,1
2025,15600197,He,668,France,Male,43,2,128735.54,2,1,1,140277.86,0
2025,15609425,Fischer,649,Spain,Female,18,8,51554.63,2,1,1,143465.74,0
2025,15609495,Neumann,444,Spain,Male,40,5,0.0,1,1,0,20414.68,0
2025,15603163,Obinna,776,France,Female,36,7,90794.22,2,1,0,72229.39,0
2025,15609207,Mitchell,666,Spain,Male,54,0,110166.39,1,0,1,43556.0,0
2025,15603907,Robert,505,France,Female,41,10,0.0,2,1,1,198053.88,0
2025,15609920,Bauer,589,France,Male,33,7,70605.23,1,1,0,71045.31,0
2025,15608534,Hoffmann,492,Germany,Female,39,6,91926.92,2,1,0,59003.87,0
2025,15608825,Obinna,777,France,Female,50,3,0.0,1,0,0,79613.71,0
2025,15609743,Moreau,814,France,Male,37,7,120055.38,2,0,0,82070.89,0
2025,15600121,Torres,557,Spain,Female,29,1,103944.62,1,1,1,79002.32,0
2025,15609492,Schneider,631,Germany,Female,53,8,190203.42,2,1,1,149549.57,1
2025,15609358,Schulz,736,France,Female,26,6,0.0,1,0,1,195062.71,0
2025,15605844,Schmidt,600,France,Female,37,8,0.0,2,1,0,87968.11,0
2025,15608778,Neumann,619,Germany,Male,36,2,79472.68,1,1,0,32379.05,0
2025,15605090,Bartlett,602,Spain,Female,24,8,0.0,2,0,1,173100.95,0
2025,15603909,Romero,623,Germany,Male,34,5,134818.02,2,0,0,178030.45,0
2025,15605404,Schmidt,585,Germany,Female,55,4,139730.43,1,1,0,112568.15,1
2025,15607570,Dominguez,651,France,Female,50,1,0.0,2,1,1,160936.32,0
2025,15600883,Sanchez,530,France,Male,38,4,0.0,1,0,1,94742.7,0
2025,15603331,Wagner,587,Germany,Male,29,8,48807.14,1,1,1,177860.75,0
2025,15600991,He,614,France,Female,59,2,70654.92,2,1,1,198996.99,0
2025,15603951,Alvarez,621,Spain,Female,30,1,86788.38,2,1,1,39106.33,0
2025,15608949,Zimmermann,614,France,Female,30,10,0.0,1,0,0,87822.01,0
2025,15606045,Dubois,588,Germany,Male,40,7,183892.06,1,1,0,108507.41,1
2025,15608905,Garcia,622,France,Female,27,4,0.0,1,0,0,43489.57,0
2025,15609906,Klein,603,France,Female,31,7,96475.95,1,0,1,24534.61,0
2025,15609377,Hill,700,France,Male,27,0,95655.29,1,1,0,75876.2,0
2025,15609790,Alvarez,598,Germany,Female,46,4,180797.31,1,0,0,43443.91,1
2025,15608305,Petit,757,Spain,Male,28,0,100663.99,1,0,1,121973.07,0
2025,15604363,Zimmermann,594,Spain,Female,38,8,101004.19,1,1,0,169549.67,1
2025,15606675,Krüger,658,Germany,Male,53,2,146353.91,1,1,1,174817.54,1
2025,15600429,Schwarz,702,France,Female,18,7,165230.08,2,0,1,37364.78,0
2025,15600256,Torres,826,Spain,Male,46,7,0.0,1,1,0,191751.72,1
2025,15600629,Leroy,743,Germany,Female,41,5,162095.21,2,0,0,130955.65,1
2025,15608222,Rodriguez,699,France,Female,53,7,0.0,2,1,1,50463.45,0
2025,15602121,Bauer,661,France,Male,31,10,140999.3,2,0,0,14302.59,0
2025,15602987,Lopez,737,France,Male,44,4,136195.61,2,0,0,52357.03,0
2025,15609783,Hoffmann,602,Spain,Male,31,1,0.0,3,1,0,78340.17,1
2025,15601754,Martin,660,France,Male,49,5,0.0,1,0,1,137528.61,0
2025,15607826,Becker,673,France,Female,44,1,132803.7,1,1,0,93163.62,1
2025,15602867,Wagner,753,Spain,Female,20,9,55108.63,2,1,1,62171.51,0
2025,15608975,Boni,661,Germany,Male,43,0,131322.92,2,1,1,147054.73,1
2025,15608450,Muller,850,Spain,Female,31,6,102743.19,1,0,0,199660.2,1
2025,15609289,Onio,671,Spain,Female,50,3,0.0,1,1,0,103290.41,0
2025,15604782,Schäfer,553,France,Female,48,10,34136.62,2,1,0,74719.05,0
2025,15600623,Navarro,700,Spain,Female,26,3,172285.96,1,1,0,94190.98,0
2025,15608558,Gutierrez,641,Spain,Male,42,3,160034.01,1,0,0,37248.31,0
2025,15608719,Schäfer,597,Spain,Male,31,1,0.0,1,0,0,144855.49,1
2025,15600700,Navarro,560,France,Male,37,3,0.0,2,1,0,155356.5,0
2025,15601563,Koch,681,France,Male,39,0,0.0,2,1,1,147464.13,0
2025,15601071,Petit,597,Germany,Female,40,2,119500.47,2,0,1,65016.69,1
2025,15601223,Onio,662,Germany,Female,34,8,143005.17,2,1,1,70227.05,0
2025,15600905,Boni,597,France,Male,32,2,93253.16,2,0,1,87260.9,0
2025,15609203,Muller,673,Spain,Male,47,3,0.0,1,1,1,50724.42,0
2025,15603275,Becker,560,Germany,Male,43,2,94737.63,1,0,1,156921.7,1
2025,15607880,Laurent,653,Germany,Male,47,4,125859.68,2,1,0,124444.95,1
2025,15606076,Zimmermann,614,Germany,Male,30,5,127979.54,2,1,0,16859.07,0
2025,15607503,Lefebvre,690,France,Female,20,3,0.0,2,1,1,173889.75,0
2025,15608404,Bartlett,583,Spain,Male,35,1,57575.19,1,0,1,114092.61,0
2025,15604434,Garcia,624,Spain,Male,39,0,0.0,2,0,1,178597.3,0
2025,15609826,Sanchez,687,Germany,Female,37,8,90038.54,1,0,1,152714.55,1
2025,15607439,Schäfer,665,France,Female,26,1,0.0,2,1,0,105727.42,0
2025,15601676,Obinna,761,France,Male,39,0,14157.79,2,1,1,156582.37,0
2025,15603211,Fischer,575,Spain,Female,50,6,169669.65,1,1,0,36015.72,0
2025,15606218,Lefebvre,458,Germany,Female,21,5,121868.79,2,1,1,104140.71,0
2025,15600943,Gomez,670,Germany,Male,45,4,121350.25,2,1,0,103274.82,1
2025,15607522,Krüger,674,Germany,Male,27,3,89122.63,1,1,1,119776.27,0
2025,15600233,Zimmermann,507,Spain,Female,34,10,0.0,2,0,1,199797.87,0
2025,15609039,Garcia,699,Spain,Male,18,4,139679.39,1,1,0,114082.78,0
2025,15601970,Schneider,789,Spain,Male,48,8,0.0,1,1,1,79177.52,0
2025,15606593,Meyer,850,Spain,Female,28,4,0.0,1,0,1,86061.7,0
2025,15601128,Alvarez,697,France,Female,28,1,0.0,2,1,1,152366.38,0
2025,15601459,Smith,685,France,Female,45,3,129677.78,2,1,0,32469.92,0
2025,15607584,Boni,753,Spain,Male,44,2,0.0,2,0,1,144762.68,0
2025,15602622,Romero,445,Spain,Female,55,6,107652.54,2,0,1,95894.63,0
2025,15608788,Boni,838,France,Male,32,5,0.0,1,1,0,159706.56,1
2025,15601702,Garcia,528,Spain,Male,60,10,158002.56,1,0,0,194048.08,0
2025,15608263,Bauer,599,Spain,Male,24,7,121370.32,2,1,0,176203.27,0
2025,15601256,Moreno,559,Spain,Male,57,3,0.0,2,1,1,139763.95,0
2025,15608338,Mitchell,673,Germany,Female,25,4,144144.15,2,0,0,55704.14,0
2025,15601628,Lopez,647,Germany,Female,27,7,164968.3,1,1,0,145380.36,0
2025,15600385,Martin,681,France,Female,46,9,102450.35,1,1,1,26063.27,0
2025,15605134,Bauer,587,Spain,Male,47,7,0.0,1,0,1,193700.28,0
2025,15609901,He,636,Germany,Female,50,10,129383.7,1,1,1,32333.17,1
2025,15605557,Lefebvre,504,Germany,Male,18,8,150679.24,2,0,0,139868.04,1
2025,15603839,Muller,694,France,Male,37,10,99198.97,1,0,0,55487.45,0
2025,15605798,Ruiz,788,Germany,Female,46,10,107865.55,2,1,0,56592.45,1
2025,15600209,Robert,701,Spain,Male,34,3,0.0,2,0,0,173294.6,0
2025,15608446,Martin,780,Germany,Female,55,6,114738.03,2,1,1,108353.98,1
2025,15605541,He,755,Spain,Male,64,10,88005.85,2,1,0,187841.65,0
2025,15605394,Martin,849,France,Female,50,4,0.0,2,1,1,120679.48,0
2025,15604338,Obinna,668,Spain,Male,32,4,21520.13,2,1,0,173015.95,0
2025,15608112,Leroy,666,France,Male,25,8,28839.91,3,1,1,99063.68,0
2025,15608467,Martin,755,Germany,Female,60,2,157167.99,2,0,0,41050.66,1
2025,15600576,Richter,722,Germany,Male,27,6,90263.74,2,1,1,183007.26,0
2025,15601061,Lefebvre,628,Spain,Male,41,4,0.0,2,1,0,156021.83,1
2025,15608018,Hill,470,France,Male,42,9,120722.28,1,1,1,129987.59,0
2025,15608180,Meyer,654,Spain,Male,21,9,0.0,1,0,0,144197.21,0
2025,15606903,Neumann,720,France,Male,25,6,0.0,1,1,1,139981.8,0
2025,15609507,Romero,570,France,Male,34,5,0.0,1,1,1,138626.53,0
2025,15602319,Neumann,838,France,Female,47,7,109638.71,1,0,1,68392.94,0
2025,15608660,Robert,707,France,Female,51,3,0.0,1,0,0,181765.43,0
2025,15608405,Navarro,850,Spain,Female,40,0,51288.02,1,0,0,53149.06,1
2025,15600196,Neumann,690,France,Male,37,7,0.0,1,0,1,154410.7,0
2025,15608884,Boni,747,France,Male,50,6,49313.73,2,1,1,35840.57,0
2025,15601409,Lefebvre,561,Spain,Female,36,6,0.0,2,1,1,180089.81,0
2025,15603267,Michel,584,France,Female,50,1,0.0,2,0,0,149336.33,0
2025,15609992,Bartlett,596,France,Male,53,4,166386.79,1,1,1,154716.02,0
2025,15605891,Braun,684,Spain,Male,29,10,103030.64,1,1,1,114010.79,0
2025,15604995,Perez,505,France,Female,28,10,110918.82,1,0,0,83272.05,1
2025,15609683,Dominguez,503,France,Male,33,2,0.0,1,1,0,98077.81,0
2025,15608412,Becker,714,France,Female,35,7,0.0,3,0,1,110570.7,0
2025,15609435,Sanchez,518,Germany,Female,46,9,118684.57,1,1,0,125365.87,1
2025,15602898,Schwarz,732,Spain,Male,43,3,0.0,2,1,0,138096.6,0
2025,15603557,Gutierrez,643,Spain,Male,33,0,0.0,1,0,0,86909.39,0
2025,15604963,Mitchell,763,France,Male,38,7,0.0,1,1,0,91426.81,0
2025,15602098,Alonso,642,Germany,Female,31,5,126464.89,1,1,1,76969.24,0
2025,15609711,Martinez,700,Spain,Female,43,6,0.0,2,1,0,64915.77,0
2025,15606925,Romero,790,France,Male,29,10,129101.36,1,1,1,51268.08,0
2025,15607420,Muller,688,France,Female,27,3,0.0,1,1,0,76675.56,0
2025,15606643,Koch,742,France,Male,62,3,0.0,1,1,1,196140.82,0
2025,15605334,Schneider,744,France,Female,48,4,59351.68,2,0,1,173182.96,0
2025,15601910,Hernandez,715,France,Male,40,9,65787.34,1,1,1,78982.79,0
2025,15606393,Muller,816,France,Female,45,10,0.0,1,1,1,183905.4,0
2025,15604524,Gutierrez,739,Germany,Male,39,7,138646.52,1,0,0,58438.9,0
2025,15602648,Lefebvre,509,Germany,Male,21,0,107027.26,2,0,0,71860.56,0
2025,15608717,Boni,490,Germany,Female,64,8,133324.22,2,0,1,122748.85,1
2025,15603738,Krüger,763,Germany,Male,36,5,174634.09,1,0,1,127604.23,0
2025,15603973,Schneider,667,France,Female,41,9,126513.14,1,1,0,60391.37,0
2025,15607887,Garcia,565,France,Male,33,1,0.0,1,1,1,54675.56,0
2025,15604063,Hargrave,616,Germany,Female,34,9,142534.22,1,1,0,121607.04,1
2025,15603700,Richter,498,France,Female,43,9,0.0,2,1,1,43709.67,0
2025,15606055,Chu,520,Spain,Female,31,5,75960.92,1,0,1,116975.51,0
2025,15603539,Chu,619,Spain,Female,33,3,0.0,1,1,0,135686.46,1
2025,15602288,Michel,771,Germany,Female,59,2,119852.39,2,0,1,160065.5,1
2025,15603001,Boni,721,France,Male,19,1,138335.0,1,0,0,27217.11,0
2025,15601926,Garcia,701,France,Female,41,5,0.0,2,1,0,122691.97,0
2025,15602178,Weber,559,Germany,Female,24,1,137839.0,1,1,0,125960.74,1
2025,15602023,Laurent,828,Germany,Male,32,5,186942.97,2,1,1,192939.4,0
2025,15608843,Dubois,673,France,Female,33,2,0.0,2,0,0,17856.23,1
2025,15600108,Lefebvre,623,France,Male,49,5,94453.73,1,1,1,112771.25,0
2025,15600334,Schmidt,708,France,Male,36,6,106719.58,2,0,0,122462.71,0
2025,15604031,Chidiebere,496,France,Male,43,8,0.0,2,1,1,33073.37,0
2025,15604208,Garcia,676,Spain,Male,33,0,0.0,1,0,1,104111.06,0
2025,15606757,Dubois,607,France,Male,42,10,0.0,1,1,1,125007.2,0
2025,15601798,Schmidt,818,Spain,Male,34,9,62491.22,2,1,1,15859.89,0
2025,15606295,He,671,France,Female,49,8,0.0,2,0,0,179091.79,0
2025,15602333,Lopez,626,France,Male,40,8,95271.46,1,1,0,169748.24,0
2025,15600299,Moreno,544,France,Male,27,0,161877.51,2,0,0,183227.21,0
2025,15608803,Bernard,595,Germany,Male,48,8,127469.81,2,0,0,17718.1,1
2025,15601191,Gomez,782,France,Female,37,9,0.0,2,0,1,91904.91,0
2025,15608407,Moreau,638,Germany,Male,36,6,149706.77,2,0,0,47097.71,0
2025,15607084,Martin,616,France,Male,34,4,80006.83,2,1,0,192766.7,0
2025,15605648,Hoffmann,732,Spain,Female,39,8,0.0,1,1,0,34220.2,0
2025,15605122,Fischer,555,Spain,Male,26,6,0.0,1,1,1,169445.56,0
2025,15609721,Jimenez,525,France,Female,22,2,0.0,2,1,1,44069.17,0
2025,15608848,Robert,820,France,Male,39,5,108866.89,2,1,0,176928.32,0
2025,15603849,Schmidt,621,France,Male,43,10,0.0,2,1,1,26654.76,0
2025,15606546,Neumann,782,France,Male,40,9,0.0,2,1,1,146387.41,0
2025,15606223,Smith,461,Spain,Male,27,3,117497.49,2,0,1,15884.08,0
2025,15607395,Klein,575,Germany,Female,56,10,86785.67,2,1,0,122430.77,1
2025,15601421,Ruiz,742,France,Female,34,8,0.0,1,1,0,174443.84,0
2025,15602097,Schwarz,678,France,Female,39,10,127655.08,3,1,1,156747.81,0
2025,15606330,Becker,718,Spain,Male,31,4,140286.21,2,0,1,155776.47,0
2025,15607594,Schwarz,648,Spain,Female,18,10,0.0,1,0,1,71166.66,0
2025,15606097,He,580,Spain,Male,22,8,0.0,1,1,1,53776.24,0
2025,15602249,Leroy,725,Germany,Male,39,6,90645.66,1,1,1,113736.57,0
2025,15609245,Moreno,666,Germany,Male,23,2,135620.29,1,1,1,139962.73,0
2025,15605662,Dominguez,784,Germany,Male,49,2,108992.59,2,1,1,180710.8,1
2025,15604093,Sanchez,676,France,Male,52,1,0.0,1,1,0,123525.45,0
2025,15604550,Alonso,771,Germany,Female,45,9,111005.22,2,0,1,33271.56,1
2025,15604139,Garcia,629,France,Female,52,7,0.0,1,1,1,14778.6,1
2025,15606840,Laurent,614,Spain,Female,52,7,0.0,2,1,0,146218.82,0
2025,15608003,Zimmermann,755,Germany,Female,33,0,214731.23,2,1,1,122245.05,0
2025,15606404,Lopez,547,France,Female,49,7,89326.4,2,1,0,50733.4,0
2025,15605365,Leroy,648,France,Male,41,7,0.0,1,1,0,149048.81,0
2025,15602453,Zimmermann,546,France,Female,41,7,0.0,1,1,1,173329.38,0
2025,15606173,Alonso,742,France,Female,36,2,0.0,3,0,1,193740.21,0
2025,15602276,Braun,822,France,Male,29,8,0.0,2,1,0,59701.93,0
2025,15602424,Wagner,598,France,Male,34,0,104195.17,2,0,0,135828.92,1
2025,15600501,Fischer,560,France,Male,47,5,115663.04,1,1,0,60278.54,0
2025,15608982,Schwarz,740,Spain,Female,29,1,55905.28,2,1,1,59663.77,0
2025,15605699,Dominguez,422,Germany,Male,33,0,88563.25,1,0,0,159964.07,1
2025,15602554,Zimmermann,631,France,Male,25,5,137105.67,2,1,1,23917.78,0
2025,15601007,Simon,492,Spain,Female,43,6,0.0,1,1,1,108736.68,0
2025,15600367,Gutierrez,600,Germany,Female,35,4,115503.51,1,1,0,121116.6,1
2025,15607335,Boni,669,Spain,Male,32,7,127070.81,1,0,0,31846.48,0
2025,15609023,Mitchell,773,France,Female,31,8,89905.43,1,1,1,194645.82,0
2025,15608708,Richard,637,Spain,Female,38,0,75398.68,2,1,0,166429.69,0
2025,15604392,Onio,635,France,Male,43,1,0.0,2,1,0,15084.63,0
2025,15605602,Torres,525,France,Female,18,9,138638.83,1,0,0,97033.15,0
2025,15606124,Michel,555,Germany,Female,38,9,103297.46,1,1,0,29676.08,0
2025,15602905,Gutierrez,671,France,Male,34,7,0.0,1,1,1,127529.53,0
2025,15608838,Koch,612,Germany,Female,44,6,74099.8,1,0,1,74663.03,1
2025,15602786,Braun,619,Spain,Male,40,8,0.0,2,1,1,81915.42,0
2025,15609248,Jimenez,850,Spain,Male,22,6,0.0,2,1,1,38572.34,0
2025,15609509,Wolf,659,Germany,Male,29,6,139147.03,2,1,0,83576.74,0
2025,15605929,Sanchez,489,Spain,Male,27,3,0.0,1,1,1,16854.99,0
2025,15609978,Lopez,801,France,Female,32,10,0.0,2,1,0,126116.87,0
2025,15609336,Garcia,671,Germany,Female,44,5,104273.88,1,0,1,193889.1,1
2025,15609220,Navarro,638,France,Female,28,6,128578.79,1,1,1,150663.25,1
2025,15604431,Gomez,772,Spain,Female,40,4,0.0,1,0,1,164051.6,0
2025,15604429,Boni,715,France,Female,38,5,90745.94,2,1,0,49135.34,0
2025,15608137,Schneider,621,France,Male,68,6,109264.68,2,0,0,47347.54,0
2025,15608036,Bauer,577,France,Female,41,9,0.0,2,1,1,44017.46,0
2025,15606115,Chu,676,France,Male,33,1,0.0,3,1,0,100397.55,1
2025,15601011,Simon,532,Germany,Male,40,1,114930.57,1,1,1,173820.09,1
2025,15609230,Bauer,523,Germany,Female,60,5,94466.23,2,1,1,98795.01,1
2025,15603620,Zimmermann,506,France,Female,27,10,117399.81,2,1,1,40384.91,0
2025,15603805,Fischer,604,Spain,Male,36,7,0.0,1,1,0,66543.21,0
2025,15606612,Laurent,553,Spain,Female,45,0,0.0,2,0,1,119968.13,0
2025,15606659,Fischer,785,Spain,Female,26,4,0.0,1,1,1,112189.97,0
2025,15606824,Schulz,822,Germany,Female,35,3,118162.41,1,1,0,72427.02,1
2025,15604248,Hargrave,835,Spain,Male,30,8,0.0,1,1,1,175135.64,0
2025,15602726,Dominguez,574,Spain,Female,38,7,95489.3,1,1,0,190151.41,0
2025,15601134,Chu,850,Germany,Male,18,9,124054.12,1,1,1,178618.3,0
2025,15607379,Munoz,713,France,Male,39,5,0.0,2,1,0,125339.82,0
2025,15607212,Fischer,601,France,Female,57,2,93574.87,1,0,1,194120.09,0
2025,15604754,Boni,717,France,Male,45,0,100167.11,1,1,0,129311.54,0
2025,15605103,Muller,590,Germany,Male,47,3,120420.76,1,0,1,17406.59,1
2025,15600408,Dominguez,719,Spain,Female,34,1,135238.74,3,0,1,110830.47,0
2025,15600280,Lefebvre,664,Spain,Female,39,7,69688.01,2,1,0,61470.1,0
2025,15601873,Moreno,621,France,Male,42,2,0.0,2,1,0,36235.81,0
2025,15601546,Bernard,722,Germany,Male,44,5,97303.58,1,1,0,147525.32,1
2025,15603641,Munoz,731,Germany,Female,43,6,113727.2,2,0,0,170543.55,1
2025,15605608,Schröder,655,France,Female,37,4,98633.18,2,0,0,106979.99,0
2025,15606557,Lopez,805,France,Male,61,0,0.0,2,1,1,158932.32,0
2025,15602405,Laurent,705,France,Female,18,8,105312.98,1,1,1,72649.72,0
2025,15600358,Hoffmann,633,Germany,Male,52,2,77227.65,1,1,1,171789.92,1
2025,15605347,Rodriguez,795,France,Male,50,4,119788.07,2,1,1,168104.28,0
2025,15608851,Meyer,611,France,Female,18,6,0.0,1,1,0,135208.3,0
2025,15604376,Robert,637,France,Male,41,2,85163.7,2,1,1,158625.31,0
2025,15607722,Robert,682,France,Male,33,1,123957.4,2,0,0,48372.07,0
2025,15609478,Bartlett,569,France,Female,48,4,0.0,2,1,0,185490.1,0
2025,15602494,Martin,716,France,Male,37,5,146170.67,3,0,1,20254.02,0
2025,15602894,Alonso,601,Spain,Female,43,0,66449.98,2,1,1,99993.38,0
2025,15603497,Alvarez,654,Germany,Male,34,9,98616.09,1,1,1,188244.59,0
2025,15604601,Rodriguez,669,Spain,Male,27,8,130476.02,2,1,1,26719.07,0
2025,15601209,Simon,605,Germany,Female,44,0,132753.59,1,0,0,149377.87,1
2025,15601966,Becker,717,France,Male,39,10,112244.43,2,1,0,189291.03,0
2025,15608886,He,572,Germany,Male,37,7,69635.36,1,1,1,152068.93,0
2025,15603353,Dubois,630,Germany,Male,33,2,164351.91,1,0,1,65499.38,0
2025,15602635,Weber,643,France,Male,54,3,115571.92,2,1,1,122837.82,0
2025,15608673,Schwarz,487,France,Male,19,4,0.0,2,1,0,136112.77,0
2025,15609568,Lopez,679,France,Male,52,5,0.0,2,1,1,69080.95,0
2025,15606611,Gomez,636,France,Female,25,0,152909.47,2,0,1,191478.6,0
2025,15603568,Meyer,840,Germany,Male,47,10,138806.0,1,0,1,136347.92,1
2025,15607034,Dubois,645,France,Male,53,3,0.0,1,0,0,20114.41,0
2025,15600294,He,809,France,Female,53,8,83560.79,1,1,0,159572.48,0
2025,15604218,Dominguez,574,Germany,Male,55,10,74649.23,2,0,0,97471.21,1
2025,15602470,Hargrave,756,France,Female,54,6,133335.74,1,1,0,188721.44,0
2025,15601202,Meyer,747,Spain,Female,41,4,65531.86,2,1,1,38675.85,0
2025,15606195,Neumann,808,France,Female,34,2,0.0,1,1,1,194492.16,0
2025,15607104,Onio,461,Spain,Female,33,5,91600.2,2,1,1,59991.15,0
2025,15605670,Leroy,428,Spain,Male,38,6,0.0,4,1,1,122298.33,0
2025,15601835,Gomez,731,France,Female,44,8,167622.98,1,1,1,25489.09,0
2025,15601492,Schäfer,734,Spain,Male,43,6,0.0,2,1,1,13599.66,0
2025,15600868,Wagner,580,France,Female,36,8,139579.2,1,0,1,101956.2,0
2025,15605525,Gutierrez,765,France,Female,45,2,126638.66,2,1,1,187813.87,0
2025,15608784,Garcia,644,France,Female,44,4,0.0,2,1,1,26527.83,0
2025,15602259,Weber,638,France,Male,42,1,130941.47,3,1,1,154938.63,1
2025,15605973,Moreno,599,France,Female,40,0,48923.2,2,1,0,31419.58,1
2025,15600335,Alonso,764,Spain,Male,59,8,0.0,1,1,1,24442.91,1
2025,15600591,Durand,542,France,Male,45,9,0.0,1,1,0,45648.43,0
2025,15600906,Garcia,564,France,Male,37,9,138194.28,3,0,1,99885.27,1
2025,15602056,Schulz,747,Germany,Female,26,3,143276.79,1,1,0,158983.05,0
2025,15605230,Alvarez,665,Germany,Male,40,1,125983.25,2,1,1,144918.02,1
2025,15601518,Mitchell,601,Spain,Female,34,6,105851.27,1,0,1,101578.85,0
2025,15603059,Ruiz,582,France,Male,51,8,125003.67,1,0,1,95659.07,0
2025,15604585,Thomas,726,France,Male,23,7,0.0,2,1,0,128255.82,0
2025,15607120,Michel,563,Spain,Male,29,7,0.0,2,0,1,110545.36,0
2025,15603622,Schulz,847,France,Female,53,3,113922.9,2,1,1,75960.64,0
2025,15603328,Smith,579,Spain,Male,31,10,0.0,2,0,1,132280.8,0
2025,15604525,Lopez,628,Germany,Female,29,10,158502.55,1,0,1,38355.99,0
2025,15607795,Simon,762,Spain,Female,40,6,137195.08,1,1,0,133126.18,0
2025,15606048,Leroy,653,France,Male,43,2,77315.79,2,1,0,165625.65,0
2025,15608872,Becker,649,Germany,Male,36,9,159880.56,1,1,0,122017.78,0
2025,15607050,Hargrave,538,Spain,Female,35,3,112259.6,1,1,1,14583.41,0
2025,15605683,Zimmermann,751,France,Male,24,1,0.0,2,1,1,34594.01,0
2025,15606355,Schmidt,562,Germany,Female,24,6,117245.66,1,1,1,122978.96,0
2025,15603832,Garcia,672,Spain,Male,44,1,136389.78,1,1,0,168442.62,0
2025,15607624,Schäfer,677,Spain,Male,24,5,0.0,1,1,1,60479.93,0
2025,15603604,Zimmermann,618,France,Male,42,2,69070.26,2,0,1,95714.1,0
2025,15602460,Alvarez,657,Germany,Female,29,9,113000.56,2,1,1,76626.91,0
2025,15605516,Smith,596,Germany,Female,44,10,104606.85,2,1,1,89843.45,1
2025,15600875,Moreau,624,France,Female,53,3,121498.13,1,1,1,84729.82,0
2025,15602764,Richter,683,France,Female,33,2,0.0,2,1,0,103282.34,0
2025,15604148,Martin,494,France,Male,50,9,0.0,2,1,1,194975.36,0
2025,15600302,Dubois,579,Germany,Female,28,5,122919.67,1,1,0,164112.07,0
2025,15608919,Obinna,643,France,Male,34,7,71711.26,2,1,1,183779.38,0
2025,15605984,Lefebvre,583,France,Female,48,1,0.0,1,1,0,36737.28,0
2025,15602487,Richard,816,France,Female,42,6,133414.11,1,1,0,58750.59,1
2025,15604596,Dupont,566,France,Female,44,0,75548.78,2,1,1,154213.24,0
2025,15600114,Perez,658,France,Female,35,4,0.0,1,0,1,128224.42,0
2025,15601932,Robert,742,France,Male,46,1,144681.2,2,0,0,50684.3,0
2025,15604677,Rodriguez,557,France,Male,33,8,148732.21,1,1,0,17140.91,0
2025,15603660,Schäfer,850,France,Female,54,6,0.0,2,1,1,67358.71,0
2025,15602911,Moreno,710,France,Male,39,1,95516.31,1,0,1,136086.16,0
2025,15600650,Hargrave,712,France,Male,38,4,0.0,1,0,0,162273.27,0
2025,15602723,Sanchez,577,France,Female,33,3,79054.24,2,0,1,119837.07,0
2025,15602968,Schmidt,772,France,Female,45,1,131397.5,1,1,1,22801.25,0
2025,15609883,Munoz,650,France,Male,53,5,0.0,1,1,1,78334.73,0
2025,15608291,Dubois,731,Germany,Male,19,5,80677.89,2,1,0,114865.8,0
2025,15609541,Dupont,531,Germany,Male,34,5,143623.41,2,1,0,173929.53,0
2025,15609327,Schmidt,806,Germany,Female,26,8,99173.91,1,1,1,25977.24,0
2025,15605831,Gutierrez,595,Germany,Female,35,1,115784.23,1,1,1,40835.09,0
2025,15608038,Schmidt,707,France,Male,47,8,149733.41,2,1,0,107563.06,0
2025,15608388,Fischer,758,France,Female,44,7,0.0,2,1,0,96841.81,0
2025,15600912,Schmidt,630,Spain,Female,53,1,132315.19,1,1,0,179561.77,1
2025,15602753,Obinna,637,Germany,Male,40,8,147643.2,2,0,1,44775.84,1
2025,15602746,Hill,627,Germany,Female,21,4,62798.79,1,1,1,158268.1,1
2025,15606052,Dubois,792,France,Male,60,2,0.0,1,0,0,100076.51,1
2025,15603158,Dubois,610,Germany,Male,30,10,84781.88,2,0,1,144155.05,0
2025,15607081,Schneider,798,Spain,Female,35,7,0.0,1,1,0,43910.85,0
2025,15609925,Bartlett,587,France,Male,18,5,161987.19,2,1,0,193640.53,0
2025,15607947,Koch,667,Spain,Female,37,4,146726.07,1,0,0,122596.04,0
2025,15605497,Durand,654,France,Male,18,3,100579.53,2,1,0,161056.76,0
2025,15609593,Moreau,706,Spain,Male,53,7,100869.66,1,1,0,150142.81,1
2025,15602122,Leroy,738,Germany,Female,32,10,124097.77,2,1,1,25322.28,0
2025,15600378,Leroy,766,Germany,Male,35,7,143470.16,2,1,0,196847.06,0
2025,15601463,Hargrave,630,France,Female,25,4,83934.42,2,1,0,96653.04,0
2025,15605485,Meyer,539,France,Female,37,5,108457.05,1,1,0,114964.54,0
2025,15600902,Gomez,590,Germany,Female,45,1,139125.78,1,1,1,22790.97,1
2025,15608591,Weber,826,France,Male,52,1,0.0,1,1,1,53774.58,0
2025,15605237,Wagner,752,France,Male,38,5,105108.2,1,1,1,185100.01,0
2025,15602863,Martinez,595,France,Female,19,7,216473.42,1,0,0,51131.07,0
2025,15606063,Garcia,570,France,Female,56,8,133978.33,2,1,1,189461.45,0
2025,15607416,Schulz,627,Germany,Male,44,1,135904.84,2,0,1,153909.81,1
2025,15604812,Lefebvre,675,France,Female,42,1,90038.13,4,1,1,55740.18,0
2025,15601961,Alvarez,639,Spain,Male,58,0,0.0,2,1,0,56256.3,0
2025,15603687,Navarro,694,Germany,Male,36,8,126590.14,1,1,1,35596.03,0
2025,15602984,Wagner,681,France,Male,27,10,0.0,2,1,0,100866.98,0
2025,15609389,Hill,669,France,Female,45,4,112912.97,1,0,1,34644.77,1
2025,15607410,Gutierrez,834,France,Female,41,0,0.0,2,1,1,73883.35,0
2025,15603201,Schäfer,620,Germany,Female,21,2,113421.67,1,0,1,173518.78,0
2025,15602135,Bernard,604,Germany,Male,40,8,108137.86,2,1,0,188779.29,1
2025,15605965,Schäfer,564,France,Male,42,1,0.0,1,1,1,50485.8,0
2025,15604420,Braun,518,Spain,Female,42,2,0.0,1,1,1,32212.73,0
2025,15605157,Munoz,469,Germany,Female,37,10,116914.97,2,1,0,180777.39,1
2025,15605797,Fischer,544,Spain,Male,53,1,0.0,1,1,1,46614.1,0
2025,15607817,Krüger,684,Germany,Female,34,5,130206.54,2,0,0,155769.4,0
2025,15609363,Hoffmann,648,France,Male,64,3,152832.49,1,0,0,193071.44,1
2025,15603265,Alonso,482,France,Male,38,5,0.0,2,0,0,138016.24,0
2025,15609273,Mitchell,682,France,Male,24,6,0.0,2,1,0,194689.12,0
2025,15608683,Petit,637,Germany,Male,57,1,180895.18,2,1,1,158128.94,1
2025,15603061,Hill,653,Spain,Female,29,1,115897.41,1,1,0,112108.82,1
2025,15600497,Gomez,571,France,Male,68,8,0.0,1,1,1,61950.07,0
2025,15609135,Bernard,567,Spain,Female,50,4,96629.35,1,1,0,196135.79,0
2025,15600665,Koch,709,Spain,Female,48,0,96588.29,2,1,1,169620.41,0
2025,15601836,Zimmermann,592,Germany,Male,18,9,126570.78,2,1,0,131426.57,0
2025,15607523,Garcia,518,Germany,Female,42,8,155759.52,1,0,1,98752.05,1
2025,15607459,Zimmermann,599,France,Male,37,8,0.0,3,1,1,164673.6,0
2025,15601408,Torres,619,Spain,Female,40,5,89479.59,2,1,1,61533.17,0
2025,15608440,Schäfer,764,France,Male,57,10,0.0,1,0,0,140876.9,1
2025,15603167,Dubois,619,France,Male,32,1,107548.29,1,0,0,131614.77,1
2025,15604795,Hill,787,France,Female,27,0,136736.37,1,1,1,138230.39,0
2025,15600755,Wagner,722,Spain,Female,38,5,61622.51,1,1,1,87777.86,0
2025,15607576,Diaz,597,Germany,Male,36,2,94271.52,1,1,0,171693.52,0
2025,15602774,Laurent,736,France,Male,29,2,0.0,1,1,1,111432.94,0
2025,15609471,Hernandez,673,Spain,Female,45,8,0.0,1,1,1,49188.3,0
2025,15604895,Alvarez,563,Spain,Female,37,7,0.0,2,0,1,121322.77,0
2025,15602831,Hoffmann,693,Spain,Female,19,2,0.0,1,1,1,101660.5,0
2025,15607011,Gomez,628,Germany,Female,37,6,117723.0,1,1,0,107096.48,1
2025,15603087,Ruiz,681,Germany,Female,38,5,86376.71,2,1,0,159179.9,0
2025,15609809,Alonso,596,Spain,Male,30,9,0.0,1,0,1,98879.81,0
2025,15603983,Lopez,683,Spain,Female,49,1,171588.75,2,0,1,170057.38,0
2025,15600628,Koch,718,France,Male,34,10,121400.55,2,0,1,33631.29,0
2025,15607968,Obinna,609,France,Female,32,10,114959.9,2,1,0,59144.77,0
2025,15604551,Robert,570,France,Male,52,6,0.0,2,1,1,88686.5,0
2025,15601168,Hernandez,832,Germany,Male,29,7,153175.53,2,0,1,147775.95,0
2025,15600658,Wolf,630,Germany,Female,23,2,106424.7,1,0,0,63173.33,1
2025,15603392,Lefebvre,667,Germany,Female,54,7,68832.99,1,1,0,61418.51,1
2025,15606442,Gomez,727,Spain,Female,34,5,0.0,1,1,1,191830.33,0
2025,15605618,Romero,685,France,Female,34,9,0.0,1,1,0,74316.9,0
2025,15604365,Zimmermann,441,Spain,Male,47,6,0.0,2,1,0,70485.66,0
2025,15603270,Garcia,499,Spain,Male,43,2,85779.2,1,0,1,166725.64,0
2025,15600193,Chu,642,France,Female,21,1,0.0,2,1,0,142412.55,0
2025,15604872,Torres,660,Spain,Male,27,1,0.0,1,1,0,77658.3,1
2025,15605178,Moreau,814,France,Female,57,5,0.0,2,0,1,171498.29,0
2025,15609350,Schmidt,683,Spain,Male,60,4,104886.83,2,1,1,195953.92,0
2025,15603801,Schäfer,508,Germany,Male,26,0,89006.45,2,1,1,38641.23,0
2025,15601064,Richter,634,France,Female,39,4,0.0,1,0,0,118344.61,0
2025,15606889,Bernard,533,France,Female,32,9,153018.59,1,1,1,94641.15,0
2025,15601255,Simon,759,France,Female,33,0,157795.23,1,1,1,42167.0,0
2025,15607358,Gomez,498,France,Female,50,10,115698.74,1,1,0,102072.91,1
2025,15609430,Krüger,542,France,Male,31,1,0.0,1,1,0,43435.35,0
2025,15607287,Weber,692,Germany,Male,43,6,133358.42,2,1,0,17478.42,1
2025,15607656,Michel,637,Germany,Female,26,10,62865.89,2,1,1,30148.65,0
2025,15605113,Sanchez,599,Germany,Male,34,9,131552.76,2,0,0,178463.93,0
2025,15609178,Mitchell,624,France,Male,18,6,83729.23,2,0,0,168826.61,0
2025,15602778,Diaz,690,France,Male,37,6,145750.07,1,1,0,105760.71,0
2025,15609270,Hoffmann,609,Germany,Male,41,1,153149.06,3,1,1,170266.96,1
2025,15607061,Perez,596,France,Male,38,4,147471.64,1,1,1,101669.84,0
2025,15609908,Dominguez,641,France,Male,44,9,0.0,1,1,0,153801.82,0
2025,15609490,Michel,571,Germany,Male,52,5,182504.7,2,1,1,179294.91,1
2025,15600257,Chidiebere,816,France,Female,41,7,131061.81,2,1,1,67937.58,0
2025,15600774,Dominguez,582,France,Female,22,0,96152.79,1,1,0,87380.23,0
2025,15608353,Laurent,629,France,Male,58,3,67692.67,1,1,1,187880.12,0
2025,15608743,Schulz,729,Spain,Male,39,7,102427.01,1,1,1,81692.17,0
2025,15606914,Martinez,819,France,Female,38,9,0.0,2,1,1,190511.43,0
2025,15604856,Schulz,746,France,Male,18,3,98982.18,2,0,0,144495.85,0
2025,15603587,Hargrave,551,Germany,Female,30,6,144985.33,1,1,0,147642.3,1
2025,15606674,Gomez,750,France,Male,28,4,0.0,2,1,1,89470.33,0
2025,15600540,Durand,669,France,Female,45,9,43673.59,2,1,0,14523.98,0
2025,15604764,Martin,622,France,Male,38,4,106543.4,1,0,1,185495.62,0
2025,15609682,Gutierrez,832,Spain,Male,55,10,87304.5,1,1,1,26058.6,0
2025,15609518,Hernandez,701,France,Male,20,10,113266.01,2,1,1,100028.49,0
2025,15603027,Fischer,552,Spain,Male,47,2,0.0,2,0,0,36538.88,0
2025,15600836,Alvarez,733,Spain,Male,43,4,70198.91,1,1,1,37282.34,0
2025,15608588,Gomez,624,France,Female,53,5,135258.65,1,1,0,111879.85,0
2025,15606452,Garcia,640,Germany,Female,36,6,124889.66,1,0,1,17110.37,1
2025,15603763,Muller,600,France,Female,52,9,138654.76,1,0,0,30613.9,1
2025,15608114,Neumann,581,France,Female,48,5,0.0,1,1,0,77541.04,0
2025,15603870,Schmidt,559,France,Female,44,4,0.0,2,1,1,188117.28,0
2025,15604936,Krüger,640,France,Male,34,3,0.0,3,0,0,92084.97,0
2025,15603210,Laurent,681,Spain,Male,29,8,0.0,1,1,0,36764.63,0
2025,15600315,Dominguez,520,Spain,Male,28,1,142183.98,1,1,0,130425.91,0
2025,15602784,Petit,598,Germany,Female,57,4,73029.39,1,1,1,32215.3,1
2025,15603319,Schäfer,631,France,Male,24,0,0.0,2,1,0,165181.48,0
2025,15606235,Chidiebere,681,Germany,Female,24,10,157444.42,1,0,1,29163.26,0
2025,15600328,Gutierrez,511,Germany,Male,23,6,71511.58,1,1,0,61425.77,0
2025,15600357,Robert,590,France,Female,42,3,142512.91,2,1,0,82819.56,0
2025,15603601,Braun,642,France,Female,40,5,0.0,2,0,0,22453.7,0
2025,15609887,Richard,788,France,Male,32,5,0.0,1,1,0,124047.29,0
2025,15600268,Rodriguez,639,Spain,Male,48,9,70480.91,1,1,1,67433.18,0
2025,15604849,Muller,607,France,Male,39,8,0.0,2,1,1,186437.03,0
2025,15607864,Klein,560,France,Male,39,4,0.0,1,1,1,189932.58,0
2025,15604747,Hernandez,607,Germany,Female,39,6,107855.82,2,1,1,156660.97,0
2025,15607419,Bernard,675,Germany,Female,33,1,64656.58,1,0,1,178093.43,0
2025,15608714,Michel,549,Germany,Male,43,8,162487.05,1,1,1,94827.99,1
2025,15603884,He,626,Spain,Male,36,7,103678.51,2,1,0,75861.11,0
2025,15604711,Gutierrez,718,France,Male,43,2,0.0,2,1,0,196774.59,1
2025,15605377,Schneider,631,Spain,Male,42,0,121449.05,1,1,1,57686.21,0
2025,15603904,Meyer,596,Germany,Female,48,0,162172.51,2,1,1,184771.19,1
2025,15601414,Schneider,713,Germany,Female,49,10,57297.53,1,1,0,30220.48,1
2025,15608756,Lefebvre,641,France,Male,39,9,0.0,1,1,0,36697.02,0
2025,15608564,Wagner,666,Germany,Male,30,6,128746.13,1,1,1,115020.6,0
2025,15607414,Koch,635,Germany,Female,49,3,128591.13,2,1,0,154536.15,1
2025,15605665,Zimmermann,800,France,Male,46,6,121671.92,1,1,1,69580.61,0
2025,15604696,He,771,Spain,Male,49,7,0.0,2,1,0,78576.83,0
2025,15602062,Moreno,681,Spain,Female,24,3,81195.86,1,0,0,108009.05,0
2025,15601095,Muller,677,France,Female,44,1,106655.3,1,1,0,79970.57,0
2025,15601444,Schäfer,627,Germany,Female,40,1,104408.4,1,1,0,99654.17,0
2025,15609714,Michel,850,Spain,Female,33,0,99556.62,1,1,1,179573.48,0
2025,15603569,Robert,800,France,Male,42,10,151636.43,2,1,1,162999.56,0
2025,15605454,Alvarez,601,France,Female,26,3,97654.59,2,0,1,140537.23,0
2025,15608852,Schulz,431,Germany,Female,56,6,83777.57,1,0,0,139201.38,1
2025,15609392,Hernandez,558,France,Female,47,5,154529.25,1,1,0,73497.6,0
2025,15603338,Petit,561,Germany,Male,48,2,136040.72,1,1,0,102689.91,1
2025,15605619,Ruiz,850,Germany,Male,56,9,93344.62,2,1,1,139584.53,1
2025,15605496,Moreau,648,Spain,Male,46,6,0.0,1,1,0,66669.81,0
2025,15605556,Dominguez,566,France,Female,47,2,53822.62,2,1,0,189102.85,0
2025,15609470,Petit,601,France,Female,45,0,93431.63,2,0,0,182724.73,0
2025,15605815,Schwarz,572,Spain,Male,55,3,100149.5,3,1,0,175077.13,1
2025,15605435,Krüger,836,France,Female,38,6,82404.32,2,1,0,48663.3,0
2025,15606849,Rodriguez,665,Germany,Male,34,10,132468.39,2,1,1,105223.1,0
2025,15600167,Boni,610,France,Female,30,3,0.0,1,0,1,154373.46,0
2025,15602272,He,606,France,Female,34,7,0.0,1,1,0,101942.24,1
2025,15606447,Garcia,637,France,Female,59,3,0.0,2,1,1,181769.25,0
2025,15601568,Hill,671,France,Female,49,1,138372.91,1,1,0,50387.42,0
2025,15603586,Jimenez,647,Spain,Male,46,8,76439.54,1,1,1,92719.0,0
2025,15603525,Koch,661,Spain,Female,36,0,0.0,1,0,0,170315.56,1
2025,15601490,Martinez,530,Germany,Male,18,8,112331.69,2,1,0,117901.3,0
2025,15608212,Laurent,641,France,Female,36,9,116046.62,1,1,0,153284.84,1
2025,15607051,Hoffmann,724,France,Female,37,2,0.0,1,1,0,147853.86,1
2025,15607266,Lefebvre,626,France,Female,36,1,0.0,1,1,1,185371.37,0
2025,15608499,Braun,610,France,Female,33,1,0.0,1,0,0,92138.95,0
2025,15605110,Onio,615,France,Female,34,10,103491.18,2,1,0,63753.52,0
2025,15605571,Gutierrez,484,Spain,Female,36,0,140417.83,1,1,1,41125.16,0
2025,15601744,Klein,665,France,Female,30,7,110572.22,1,1,0,53172.14,1
2025,15607345,Hoffmann,693,France,Male,30,8,0.0,1,0,1,181526.3,0
2025,15608681,Schäfer,657,Germany,Male,55,8,122376.44,2,1,1,12067.61,1
2025,15604442,Richard,670,France,Female,60,6,122873.13,1,1,1,15599.34,0
2025,15601363,Fischer,500,France,Female,42,4,96107.03,1,1,1,112746.14,0
2025,15601576,Schulz,656,Germany,Male,18,10,94002.85,2,1,0,160701.77,0
2025,15606263,Hoffmann,621,Germany,Male,47,10,139621.5,3,1,0,183643.66,1
2025,15605976,Gomez,685,Spain,Female,23,6,0.0,1,1,0,34556.8,0
2025,15605697,Boni,745,France,Female,41,6,0.0,1,0,0,98673.23,0
2025,15601517,Bernard,685,Spain,Male,31,5,100955.36,1,1,1,97485.28,0
2025,15608485,Moreau,769,Germany,Female,31,10,105967.04,2,1,0,78544.57,0
2025,15607925,Durand,539,Spain,Male,23,3,0.0,2,1,0,129133.02,0
2025,15603541,Lopez,515,France,Male,39,10,0.0,2,0,1,82983.6,0
2025,15606845,Perez,764,France,Male,32,6,96964.45,1,0,0,115084.0,0
2025,15602289,Schäfer,691,France,Male,45,3,156233.06,2,1,1,29828.49,0
2025,15603710,Rodriguez,489,France,Female,37,1,0.0,2,1,0,75240.03,0
2025,15608547,Meyer,847,France,Female,47,2,77219.69,1,1,1,60605.46,0
2025,15605450,Martin,711,Germany,Male,36,4,131312.82,1,1,0,60345.57,0
2025,15603594,Alvarez,634,France,Female,39,8,95675.85,1,0,0,81927.43,0
2025,15608667,Gutierrez,802,France,Male,54,4,96397.92,1,1,1,123284.06,0
2025,15606408,Schulz,604,France,Female,40,9,133319.53,2,1,0,164276.61,0
2025,15607408,Hargrave,718,France,Female,45,10,0.0,2,0,1,118078.84,0
2025,15602363,Martinez,697,France,Male,26,4,0.0,1,1,0,27440.11,0
2025,15606913,Ruiz,513,Spain,Female,40,6,89201.47,3,1,0,130061.83,1
2025,15603520,Meyer,799,Germany,Male,40,9,124332.0,2,1,1,68807.19,0
2025,15606710,Thomas,539,Spain,Male,37,10,0.0,1,1,0,60589.42,1
2025,15606822,Hill,628,France,Male,44,3,0.0,1,0,0,45576.82,0
2025,15607441,Petit,485,Germany,Male,34,8,161605.34,1,1,0,178827.18,1
2025,15603299,Jimenez,617,France,Female,28,6,118278.76,2,0,1,176268.31,0
2025,15606696,Obinna,636,Germany,Female,47,4,86005.78,1,1,1,170348.74,1
2025,15606920,He,737,Germany,Female,30,5,146637.09,2,0,0,96821.89,0
2025,15602028,Bauer,652,Germany,Female,26,9,79246.23,1,1,1,99153.49,0
2025,15608360,Braun,647,Spain,Female,37,4,112173.13,1,1,1,61792.92,0
2025,15607627,Schmidt,679,France,Male,31,0,75565.86,2,0,0,155824.75,0
2025,15601963,Dominguez,798,France,Female,33,4,93773.28,2,1,0,72064.14,0
2025,15606039,Petit,626,France,Female,48,10,0.0,1,1,0,110015.42,0
2025,15605696,Bernard,619,Spain,Female,50,9,95271.73,1,0,0,99419.6,0
2025,15607339,Alvarez,734,France,Female,57,5,61456.57,1,0,1,173345.67,0
2025,15604346,Alonso,621,Germany,Male,44,5,165905.3,2,1,0,170683.38,1
2025,15602065,Klein,590,Spain,Male,51,9,55193.22,2,1,0,154549.21,0
2025,15608574,Moreno,570,Spain,Female,30,10,152893.0,1,1,1,108231.33,0
2025,15605583,Schulz,612,France,Male,39,1,78007.36,1,1,0,99259.26,0
2025,15607380,Krüger,719,France,Male,62,7,0.0,1,1,1,23361.39,1
2025,15607411,Becker,734,Germany,Female,42,0,101546.61,1,1,1,123775.48,1
2025,15606597,Moreau,693,France,Male,25,9,48782.2,1,1,1,64502.53,0
2025,15606131,He,660,France,Male,35,3,0.0,2,0,1,105874.64,0
2025,15600910,Martin,650,France,Male,54,6,0.0,1,1,0,47851.14,0
2025,15603807,Krüger,670,France,Female,37,3,14567.2,2,1,1,98117.68,0
2025,15605612,Meyer,674,France,Male,31,4,0.0,2,1,0,105810.21,0
2025,15601015,Lopez,713,France,Male,38,0,0.0,2,1,1,54657.47,0
2025,15604665,Dubois,605,France,Female,26,3,0.0,2,1,0,108804.09,0
2025,15609659,Boni,487,France,Female,38,6,0.0,1,0,1,199824.2,0
2025,15604947,Ruiz,753,France,Male,34,6,116433.94,2,1,0,135571.48,0
2025,15609281,Schäfer,629,France,Female,49,5,138033.6,2,1,0,157246.82,0
2025,15607597,Laurent,606,France,Male,45,8,0.0,3,1,0,122430.75,0
2025,15607401,Ruiz,753,Spain,Female,52,5,136145.68,1,0,0,69577.79,0
2025,15600886,Jimenez,656,Spain,Female,33,9,0.0,1,0,1,175874.25,0
2025,15607466,Zimmermann,596,France,Male,49,0,70568.57,1,1,0,33737.65,0
2025,15602137,Torres,649,France,Female,53,3,0.0,1,1,1,18447.6,0
2025,15601686,Schröder,591,Germany,Female,33,7,78021.93,1,0,0,104104.53,1
2025,15600354,Wagner,591,France,Female,42,4,0.0,1,1,0,151693.62,0
2025,15600940,Perez,689,France,Female,47,10,0.0,1,0,0,175148.76,0
2025,15606938,Fischer,628,France,Male,42,5,45644.1,2,1,1,151115.96,0
2025,15604328,Moreno,743,France,Female,20,6,144777.85,2,1,1,55507.63,0
2025,15608256,Martinez,775,France,Female,40,5,0.0,2,1,0,51625.87,0
2025,15609126,Meyer,644,Spain,Female,48,1,76562.34,1,1,0,131835.43,0
2025,15604969,Hoffmann,744,Spain,Male,22,6,88916.02,2,1,0,167182.68,0
2025,15603208,Weber,589,Germany,Female,42,5,141995.24,1,1,0,167847.85,1
2025,15609133,Romero,765,Spain,Male,33,0,118811.49,1,1,0,146513.09,1
2025,15603298,Klein,651,France,Male,34,8,114611.09,2,0,1,75720.72,0
2025,15604007,Hargrave,850,France,Female,42,5,0.0,1,0,1,81005.56,0
2025,15608274,Jimenez,743,France,Male,37,4,121938.0,2,0,1,151453.59,0
2025,15600559,Onio,656,France,Female,32,7,0.0,2,1,0,71726.66,0
2025,15605472,Garcia,758,Spain,Male,45,2,0.0,1,0,1,170183.02,0
2025,15600244,Alvarez,789,Germany,Male,35,8,85365.71,3,0,0,27838.58,0
2025,15600131,Schröder,836,Spain,Male,39,3,101704.18,1,1,1,146807.98,0
2025,15606801,Richter,652,France,Female,49,5,109065.9,1,1,0,146253.83,0
2025,15606331,Gomez,664,Spain,Female,40,5,142726.91,1,0,0,39507.08,0
2025,15603536,Munoz,733,France,Male,36,7,82123.78,2,0,0,20357.77,0
2025,15609800,Schäfer,606,Germany,Male,53,6,138923.16,1,1,0,65500.88,1
2025,15607265,Chidiebere,610,France,Female,18,3,171889.17,2,1,1,121549.25,0
2025,15600795,Weber,525,France,Female,35,5,0.0,2,1,0,41639.46,0
2025,15606208,Dominguez,674,France,Male,34,9,134457.34,1,0,1,67935.04,0
2025,15604981,Jimenez,712,France,Male,23,5,0.0,2,0,0,24596.6,0
2025,15601529,Krüger,638,Germany,Female,37,0,109082.79,1,1,1,86053.02,0
2025,15609426,Moreau,527,France,Female,29,5,21116.17,2,0,1,12900.35,0
2025,15605311,Martin,743,France,Male,40,8,92954.28,2,1,1,187850.32,0
2025,15606526,Dubois,563,France,Male,41,3,158929.97,2,0,1,154086.83,0
2025,15607969,Wagner,754,France,Male,37,0,0.0,1,1,1,52519.87,0
2025,15600593,Gutierrez,569,France,Female,28,0,0.0,2,1,0,169408.75,0
2025,15608972,Weber,638,France,Female,58,3,133655.43,2,1,0,74926.67,0
2025,15605165,Braun,684,France,Male,38,5,98997.32,1,1,1,40557.32,0
2025,15609421,Dupont,733,France,Male,56,6,0.0,1,1,1,19253.7,1
2025,15605195,Moreno,748,Germany,Female,24,6,138653.0,2,0,1,14859.32,0
2025,15606946,Obinna,708,Spain,Male,26,5,0.0,1,0,1,68715.74,0
2025,15602413,Rodriguez,686,Spain,Male,40,0,155414.09,1,1,0,70411.81,0
2025,15604205,Wolf,839,France,Female,55,5,0.0,2,1,1,160660.57,0
2025,15604826,He,626,France,Male,37,5,113794.68,1,1,1,166881.4,0
2025,15601689,Hoffmann,637,Germany,Male,24,3,93688.55,2,1,0,144845.0,0
2025,15607580,Koch,746,France,Female,38,2,28386.2,2,0,0,158408.93,0
2025,15607166,Onio,616,Germany,Male,43,3,88750.44,2,1,0,133970.53,1
2025,15609091,Dupont,736,Germany,Female,53,10,131626.47,2,1,1,83117.43,1
2025,15602310,Neumann,780,France,Female,56,8,0.0,1,1,0,30033.5,0
2025,15600451,Neumann,806,France,Female,44,7,0.0,2,0,0,164430.97,0
2025,15606863,Dubois,563,Spain,Male,44,7,0.0,1,1,1,152956.29,0
2025,15604713,Hill,670,France,Female,26,1,126354.38,2,1,0,135854.15,0
2025,15608416,Moreno,850,France,Male,48,4,36954.24,2,1,0,70107.45,0
2025,15601716,Durand,771,France,Male,47,8,104957.68,3,1,0,134392.08,0
2025,15608544,Bartlett,620,Germany,Male,42,1,130748.95,1,0,0,113254.76,1
2025,15605510,Diaz,574,France,Female,18,10,0.0,2,0,0,111090.94,0
2025,15602806,Krüger,796,France,Male,59,3,0.0,1,1,0,70807.27,0
2025,15602904,Bartlett,641,France,Male,38,6,0.0,1,1,0,38638.68,0
2025,15602637,Gutierrez,443,France,Male,29,5,119446.81,2,0,0,188327.75,0
2025,15602109,Fischer,679,France,Male,32,2,167341.14,2,1,1,136367.59,0
2025,15603617,Dominguez,645,Spain,Male,30,6,39061.58,1,0,1,147434.42,0
2025,15609580,Lefebvre,614,Germany,Female,30,4,69825.28,2,1,1,28236.72,0
2025,15603523,Moreau,681,Spain,Male,48,4,0.0,2,0,0,143322.58,0
2025,15600720,Hargrave,778,Spain,Male,43,3,92313.29,1,0,0,78500.85,0
2025,15607128,Gomez,712,France,Male,50,8,122802.97,2,1,1,86444.04,1
2025,15600214,Richard,630,Germany,Female,44,9,161493.7,1,0,0,153451.7,1
2025,15600427,Gutierrez,684,France,Female,25,6,126550.54,2,1,0,42797.63,0
2025,15600177,Braun,680,France,Female,32,6,0.0,2,0,0,43219.41,1
2025,15602926,Petit,592,Spain,Male,45,10,152378.92,1,0,0,84657.01,1
2025,15609984,Simon,642,France,Male,41,7,0.0,1,0,1,12713.48,0
2025,15608425,Fischer,686,France,Female,31,10,0.0,2,1,1,199760.56,0
2025,15608326,Michel,656,Spain,Male,43,1,0.0,1,1,1,152830.15,0
2025,15609424,Gomez,795,France,Female,46,8,35763.1,2,1,1,119238.07,0
2025,15601167,Schmidt,711,Germany,Male,34,6,117646.85,2,0,0,150556.88,0
2025,15609601,Leroy,613,Spain,Male,52,10,0.0,1,1,1,167569.15,0
2025,15607132,Torres,636,Spain,Female,42,0,0.0,2,1,1,197482.73,0
2025,15600176,Michel,729,Spain,Female,43,2,98881.67,2,1,1,151081.8,0
2025,15603332,Hill,850,France,Male,37,7,105207.85,2,1,1,135632.42,0
2025,15604867,Romero,705,Germany,Male,29,1,119283.62,2,1,0,104927.04,0
2025,15609464,Schäfer,738,Germany,Female,38,2,174769.66,2,0,0,41508.54,0
2025,15604042,Durand,754,France,Male,62,8,0.0,2,1,1,173309.94,0
2025,15602887,Dubois,644,France,Female,39,2,0.0,1,1,1,72245.86,1
2025,15608453,Garcia,650,Spain,Female,24,3,106716.48,2,1,1,18707.22,0
2025,15608182,Klein,681,France,Female,55,8,0.0,2,1,0,187007.37,0
2025,15602813,Garcia,850,France,Female,38,9,0.0,2,1,1,109663.57,0
2025,15602553,Boni,780,Germany,Male,42,6,97307.2,2,0,0,18893.49,1
2025,15607133,Onio,759,France,Female,18,8,93205.59,1,1,0,183148.01,0
2025,15607422,Petit,576,France,Male,30,7,113026.87,1,1,1,33726.09,0
2025,15606176,Hill,577,France,Male,48,8,147066.71,1,0,0,100983.94,0
2025,15604570,Torres,590,France,Male,31,6,118703.74,2,0,0,60030.14,0
2025,15602210,Schmidt,584,Germany,Female,38,10,152583.23,1,1,0,128778.48,1
2025,15601482,Lefebvre,802,Germany,Male,40,6,123612.78,2,0,1,93819.81,0
2025,15600391,Becker,621,France,Female,37,10,78225.08,2,1,1,168503.21,0
2025,15606970,Rodriguez,693,France,Male,43,8,0.0,2,1,0,154945.86,0
2025,15607706,Gutierrez,613,France,Male,40,10,101701.06,1,1,0,168969.67,0
2025,15605092,Jimenez,766,Germany,Female,46,9,71674.42,1,1,0,48323.99,1
2025,15605042,Hoffmann,661,Spain,Female,40,0,23720.38,1,1,0,79272.86,0
2025,15606732,Munoz,660,Germany,Male,49,0,92773.49,1,1,1,180433.23,1
2025,15609116,Dupont,508,Spain,Male,38,1,80844.22,1,0,1,131434.17,0
2025,15609032,Mitchell,674,France,Male,43,10,120310.98,1,1,0,191048.64,0
2025,15605437,Dupont,547,France,Male,43,4,142640.88,1,1,0,93534.2,0
2025,15606230,Meyer,739,France,Male,35,7,97614.57,3,0,0,32356.99,0
2025,15606480,Braun,639,Germany,Male,45,10,153799.92,2,1,1,131253.42,1
2025,15604228,Romero,603,Germany,Male,47,7,117263.88,2,1,0,48608.35,1
2025,15605306,Navarro,616,Germany,Male,58,6,127385.81,2,0,1,144897.41,1
2025,15602510,Perez,797,Germany,Female,45,0,125941.66,1,1,0,33377.09,1
2025,15600714,Hernandez,559,Spain,Female,40,2,62478.82,2,1,0,105627.49,0
2025,15600979,Hernandez,647,France,Male,30,9,58869.91,1,0,1,172012.31,0
2025,15601687,Richter,577,Germany,Male,22,5,150528.61,3,1,0,106658.54,0
2025,15609341,Rodriguez,681,Spain,Male,40,5,0.0,2,1,1,145649.94,0
2025,15602652,Becker,712,Germany,Male,45,6,162613.69,1,0,0,58865.15,1
2025,15607038,Richard,652,France,Male,47,3,120548.12,1,1,1,76903.3,0
2025,15603050,Hargrave,743,France,Male,29,7,0.0,1,0,1,87982.62,0
2025,15600844,Jimenez,735,France,Male,52,0,120788.42,1,0,1,85551.46,0
2025,15602680,Petit,768,Spain,Female,44,3,135420.69,1,0,1,22681.63,0
2025,15603842,Meyer,634,France,Male,41,4,0.0,1,0,1,134140.61,0
2025,15601704,Becker,721,Germany,Female,33,5,173873.15,1,1,1,143298.61,0
2025,15601162,Bauer,686,France,Male,49,0,159631.04,2,1,1,194326.8,0
2025,15608895,Hargrave,674,France,Male,44,10,0.0,2,0,1,73638.61,0
2025,15607089,Schröder,510,Germany,Male,42,5,109060.54,3,1,0,96085.96,1
2025,15600029,Michel,638,France,Male,49,10,63984.01,1,1,1,87664.76,0
2025,15604779,Boni,597,France,Male,47,7,0.0,2,1,0,16862.4,0
2025,15606139,Wolf,789,Spain,Female,48,5,52943.44,3,1,1,42933.63,0
2025,15601994,Schneider,555,Germany,Male,39,0,151787.63,1,1,0,21952.64,1
2025,15607347,Hoffmann,693,Germany,Female,33,8,119650.52,1,0,1,47598.25,0
2025,15608721,Lopez,737,Spain,Female,29,9,68601.05,1,1,1,61080.44,0
2025,15604698,Schneider,553,France,Female,61,6,110699.59,1,1,1,176961.77,0
2025,15609998,Neumann,827,France,Male,48,1,0.0,2,1,0,61769.22,0
2025,15608934,Lopez,724,France,Male,51,10,95835.56,2,1,1,86351.5,0
2025,15603976,Rodriguez,701,France,Female,31,8,105781.25,2,0,1,113836.15,0
2025,15605769,Moreau,641,France,Male,72,8,127617.64,1,0,1,81564.43,0
2025,15600997,Michel,624,France,Male,23,9,50841.82,2,0,1,143314.51,0
2025,15609886,Meyer,465,France,Female,34,4,94338.85,2,0,0,37395.46,0
2025,15606385,Romero,605,Germany,Male,42,7,129637.2,2,1,0,121109.71,1
2025,15606369,Moreno,581,Germany,Male,22,2,158390.99,1,1,0,59346.15,0
2025,15601515,Meyer,608,Spain,Female,18,6,0.0,1,0,1,28344.7,1
2025,15606103,Romero,763,Spain,Female,32,6,0.0,1,1,1,83267.66,0
2025,15604474,Moreno,672,France,Male,18,0,0.0,1,1,0,196595.86,0
2025,15606734,Dominguez,476,France,Male,50,10,65997.41,2,1,1,85403.55,0
2025,15603500,Hill,789,Germany,Male,41,0,141287.01,2,1,0,185846.7,1
2025,15605498,Bauer,539,Germany,Female,35,9,134884.5,1,1,1,80386.62,0
2025,15605814,Meyer,741,Spain,Male,33,3,0.0,1,0,1,53832.23,0
2025,15608475,Braun,673,France,Male,27,5,10000.0,1,1,0,190683.37,0
2025,15602793,Dubois,723,Spain,Female,29,10,70411.93,1,0,1,83449.18,0
2025,15608107,Martin,710,France,Female,34,1,128222.4,2,1,1,23912.45,0
2025,15606647,Leroy,734,Spain,Male,47,10,177459.52,2,0,1,102406.95,0
2025,15609158,Bauer,610,France,Male,39,1,0.0,2,1,0,106766.41,0
2025,15602770,Koch,497,Spain,Female,43,8,0.0,2,0,0,132426.53,0
2025,15607786,Martin,655,France,Female,18,2,0.0,1,0,1,95692.29,0
2025,15603723,Schäfer,525,France,Female,35,1,127803.29,2,0,1,28963.43,0
2025,15600494,Zimmermann,663,France,Male,49,8,0.0,2,0,0,112983.81,0
2025,15601328,Ruiz,659,France,Male,20,4,0.0,2,1,0,156653.05,0
2025,15609002,Schröder,651,Spain,Female,35,6,172873.19,2,1,1,34852.43,0
2025,15604810,Robert,596,Spain,Male,37,6,123377.65,2,1,0,88186.78,0
2025,15606974,Hoffmann,488,Germany,Male,36,8,124625.36,1,0,0,175248.36,1
2025,15609365,Jimenez,585,Spain,Female,40,1,0.0,2,0,1,191042.29,0
2025,15604239,Bartlett,599,France,Female,41,6,0.0,2,1,0,82023.85,0
2025,15600903,Jimenez,759,Spain,Male,30,7,81631.95,2,1,0,163917.25,0
2025,15607870,Onio,772,France,Male,51,1,138229.92,2,1,1,70749.99,0
2025,15603345,Moreno,810,Germany,Female,50,0,81491.42,2,1,1,142484.37,1
2025,15602961,Hill,619,Germany,Female,24,5,85153.33,1,1,1,172983.54,0
2025,15600261,Jimenez,640,Spain,Male,29,5,91392.08,1,1,0,172161.36,0
2025,15602917,Romero,495,France,Female,42,1,0.0,1,0,1,189171.41,0
2025,15607139,Becker,602,France,Male,27,3,0.0,2,0,1,168265.59,0
2025,15605430,Richter,724,France,Female,42,10,88113.52,1,1,0,140287.42,1
2025,15609932,Neumann,607,France,Male,52,9,136277.47,1,1,1,178604.02,0
2025,15600204,Wolf,758,Spain,Female,55,1,0.0,2,1,0,79967.94,0
2025,15600705,Rodriguez,668,Spain,Male,48,3,0.0,3,0,1,37437.51,1
2025,15606811,Braun,602,France,Male,43,0,0.0,2,1,1,104851.63,0
2025,15605127,Michel,557,Germany,Female,41,6,119319.19,1,1,1,125784.71,1
2025,15606114,Laurent,400,Germany,Male,40,6,171392.81,1,0,1,84947.93,0
2025,15600187,Michel,620,Germany,Male,37,9,135396.76,3,1,1,133869.67,1
2025,15605754,Thomas,567,Germany,Female,48,1,118048.23,1,1,1,175324.13,1
2025,15603621,Obinna,608,Spain,Male,38,10,0.0,2,0,0,140687.04,0
2025,15606356,Rodriguez,767,Germany,Female,58,2,123662.05,2,1,1,99074.51,1
2025,15606483,Gutierrez,521,France,Male,38,1,100639.48,2,0,1,155459.94,0
2025,15608240,Moreno,850,France,Male,34,0,0.0,1,1,0,166821.25,0
2025,15607634,Bernard,576,France,Male,40,0,0.0,1,0,0,64554.22,0
2025,15603850,Richter,622,France,Female,36,4,0.0,2,1,0,77106.77,0
2025,15602373,Smith,723,France,Male,33,9,0.0,1,1,0,141252.64,0
2025,15609284,Klein,701,Germany,Male,34,10,129652.45,2,0,0,52331.42,0
2025,15608790,Thomas,694,Germany,Female,35,3,110546.62,1,0,0,67060.94,0
2025,15606698,Weber,644,Germany,Female,30,4,107799.03,1,1,0,29514.59,1
2025,15607382,Martin,574,Spain,Male,38,8,0.0,2,1,0,165576.71,0
2025,15603664,Boni,620,Germany,Female,40,8,122743.65,1,1,0,115651.17,0
2025,15609146,Meyer,722,France,Male,37,6,0.0,1,1,0,114130.13,0
2025,15606166,Moreau,604,Spain,Male,55,3,116488.2,1,0,1,53485.46,0
2025,15600175,Thomas,827,France,Male,30,2,36454.91,2,1,1,51529.62,0
2025,15601383,Wolf,850,France,Male,47,1,186392.55,1,1,0,15019.92,0
2025,15609767,Wagner,662,France,Female,30,7,0.0,3,1,0,152704.19,0
2025,15603097,Garcia,751,Germany,Female,39,3,84955.76,1,1,0,132653.39,0
2025,15600151,Zimmermann,648,France,Female,22,5,136671.42,1,0,0,58101.41,0
2025,15608438,Dominguez,574,France,Female,44,5,0.0,1,1,1,131639.9,1
2025,15603343,Michel,580,Germany,Male,29,1,129901.1,2,0,1,114174.07,0
2025,15606792,Schwarz,530,France,Female,30,3,0.0,1,1,0,15408.92,1
2025,15606119,Hill,703,France,Female,43,5,103379.35,2,1,1,185856.08,0
2025,15605367,Bernard,733,Spain,Male,18,3,128820.43,1,0,1,196011.01,0
2025,15602528,Martinez,702,France,Male,54,9,80257.26,2,1,0,199531.13,0
2025,15607998,Leroy,844,Germany,Female,38,7,119965.33,2,0,1,99430.99,0
2025,15608879,Thomas,758,Spain,Male,37,6,0.0,2,1,1,131832.98,0
2025,15606988,Rodriguez,543,Spain,Male,46,10,46173.59,2,0,0,153275.26,0
2025,15600976,Jimenez,652,France,Female,54,9,0.0,2,0,0,194447.94,0
2025,15604940,Smith,693,France,Female,39,2,0.0,1,1,1,83304.11,1
2025,15604944,Ruiz,711,Germany,Male,34,7,126664.82,1,1,0,156422.85,0
2025,15606104,Schulz,633,France,Male,43,9,132342.08,1,1,1,11357.73,0
2025,15604513,Diaz,562,Spain,Male,42,6,0.0,2,1,0,175381.27,0
2025,15600573,Mitchell,564,Spain,Male,48,3,104672.75,1,1,1,158101.59,0
2025,15604746,Diaz,628,France,Female,39,2,0.0,2,0,1,118140.85,0
2025,15601793,Robert,641,France,Male,32,1,0.0,1,1,0,90959.71,0
2025,15600347,Mitchell,625,Spain,Male,38,8,0.0,2,1,0,157889.11,0
2025,15609080,Martin,551,France,Female,36,10,0.0,2,1,1,187466.5,0
2025,15606154,Hoffmann,652,Spain,Male,29,1,85872.78,2,0,1,135198.56,0
2025,15603496,Hill,795,France,Female,31,8,51565.01,2,1,1,112710.11,0
2025,15609122,Moreno,587,Germany,Female,49,5,128798.6,1,1,1,31686.87,1
2025,15601224,Smith,517,France,Male,36,4,28217.56,1,1,0,32587.69,0
2025,15607315,Garcia,475,France,Male,18,1,0.0,1,1,1,134336.92,1
2025,15603573,Chu,626,Spain,Female,38,10,141822.6,1,0,0,139536.5,0
2025,15605490,Dominguez,753,France,Male,32,10,0.0,2,0,0,189632.39,0
2025,15609615,Michel,589,Spain,Female,29,7,0.0,1,1,0,184097.84,1
2025,15600723,Mitchell,612,Germany,Female,28,4,162498.59,2,1,1,132911.73,0
2025,15600831,Weber,521,France,Female,27,0,0.0,1,0,0,13453.86,0
2025,15601187,Krüger,525,Spain,Female,24,1,0.0,2,1,0,19676.64,0
2025,15606665,Hoffmann,779,France,Male,40,1,196940.02,2,1,0,53666.32,0
2025,15608078,Jimenez,604,France,Female,40,0,0.0,1,1,1,199112.32,0
2025,15609453,Garcia,689,France,Male,39,7,0.0,1,1,0,40742.07,0
2025,15609210,Alonso,695,Spain,Male,22,7,0.0,1,1,0,106066.24,0
2025,15609950,Martin,474,France,Female,42,7,0.0,1,0,1,188186.33,0
2025,15609367,Sanchez,810,Spain,Male,18,5,0.0,1,0,1,91726.67,0
2025,15600226,Romero,716,Germany,Male,29,6,89444.42,2,1,0,58820.77,0
2025,15607113,Garcia,701,Spain,Male,26,4,73134.2,1,1,0,46543.22,0
2025,15606474,Schneider,660,Spain,Male,36,7,129971.95,1,0,1,138415.97,0
2025,15603666,Sanchez,709,Spain,Male,39,1,0.0,1,1,1,83223.6,0
2025,15601470,Thomas,674,Spain,Female,42,8,0.0,1,1,1,170068.51,0
2025,15602192,Alonso,740,France,Female,36,2,92170.78,2,1,1,181900.16,0
2025,15607431,Zimmermann,728,Spain,Male,27,2,0.0,1,1,0,134749.28,0
2025,15608216,Zimmermann,691,Spain,Male,39,2,0.0,1,0,1,94959.79,0
2025,15609235,Schulz,749,France,Male,32,8,145710.19,2,0,0,112111.39,0
2025,15608081,Schäfer,724,Spain,Male,50,4,114703.58,1,1,0,39826.79,0
2025,15600013,Fischer,685,France,Female,49,0,27194.31,1,1,1,93436.56,0
2025,15607295,Leroy,759,France,Female,50,3,63069.58,1,1,0,115369.85,0
2025,15602212,Moreau,663,France,Male,43,1,60354.32,1,1,0,12152.98,0
2025,15604725,Dubois,697,Germany,Male,33,8,145289.68,2,0,0,23672.91,0
2025,15608194,Martinez,515,Germany,Male,48,4,139140.44,2,0,0,26047.36,1
2025,15609681,Wagner,712,France,Female,54,5,0.0,1,0,1,197883.44,0
2025,15609266,Thomas,525,France,Male,34,2,125928.23,2,0,1,192074.6,0
2025,15609342,Dupont,638,Spain,Male,25,2,0.0,2,1,1,101212.83,0
2025,15609020,Wolf,850,Spain,Female,48,8,0.0,2,1,0,44947.74,0
2025,15600015,Zimmermann,751,France,Male,51,6,123255.56,2,1,0,187242.56,0
2025,15602913,Chu,682,France,Female,38,10,134649.85,1,1,0,124526.66,0
2025,15609213,Boni,689,Spain,Female,42,2,0.0,1,1,1,133874.64,0
2025,15605386,Martin,512,Germany,Female,30,8,85066.96,2,1,1,41965.27,0
2025,15600620,Martin,747,Spain,Male,53,3,0.0,2,1,1,156462.4,0
2025,15601091,Garcia,595,France,Male,27,4,0.0,2,1,0,106113.39,0
2025,15601599,Hernandez,618,France,Female,37,10,58907.86,1,1,1,197528.1,0
2025,15603860,Martinez,579,France,Female,53,10,0.0,2,1,1,103639.17,0
2025,15602812,Wolf,631,Germany,Male,36,3,112964.04,1,0,1,176974.6,0
2025,15608155,Gutierrez,713,Spain,Male,39,3,0.0,2,1,0,60281.99,0
2025,15606800,Smith,760,France,Female,28,3,0.0,1,0,1,43088.4,0
2025,15607561,Bartlett,809,Germany,Female,37,2,121744.11,2,1,1,65638.65,0
2025,15602582,Robert,553,France,Female,22,1,118272.92,2,1,0,57509.25,0
2025,15601026,Garcia,571,Germany,Male,49,9,123395.05,2,0,1,156557.11,1
2025,15606434,Garcia,641,Germany,Female,32,9,130471.68,1,1,1,78687.12,0
2025,15603974,Martinez,601,Germany,Female,20,8,125840.83,4,1,1,151073.28,1
2025,15608529,Jimenez,558,Germany,Male,31,7,144158.28,1,1,0,79769.6,1
2025,15600142,Munoz,504,France,Female,39,9,47996.07,2,1,0,70022.61,0
2025,15609153,Schwarz,657,Germany,Male,51,1,101193.23,1,0,0,28740.41,1
2025,15605433,Diaz,703,Spain,Female,41,4,0.0,1,0,1,79209.57,0
2025,15606185,Meyer,620,France,Female,32,1,44008.43,2,1,0,10103.78,0
2025,15600435,Moreno,685,France,Male,31,7,73839.36,1,1,0,133410.53,0
2025,15602514,Wolf,557,France,Male,41,3,125928.53,1,1,1,27190.11,0
2025,15607881,Muller,660,France,Female,39,9,0.0,2,1,1,22093.76,0
2025,15605137,Diaz,734,France,Female,35,7,117136.63,2,0,1,90017.7,0
2025,15609808,Perez,797,Spain,Female,34,1,107231.79,1,1,1,92934.63,0
2025,15602776,Zimmermann,850,France,Female,47,4,0.0,1,1,0,59725.19,1
2025,15605164,Schwarz,534,Spain,Male,40,5,95197.82,1,0,1,70534.41,0
2025,15602015,Wolf,733,France,Female,61,1,110360.18,2,1,1,71479.91,0
2025,15603254,Schmidt,573,France,Male,18,10,0.0,1,1,0,151137.71,0
2025,15601608,Schmidt,706,Spain,Female,24,10,0.0,1,1,0,152387.87,0
2025,15602499,Torres,653,France,Male,39,0,0.0,2,1,0,62878.91,0
2025,15603018,Hernandez,581,Spain,Female,38,10,134706.99,2,1,1,124566.51,0
2025,15602014,Wagner,697,Germany,Female,30,3,168427.96,2,0,1,58281.49,1
2025,15606387,Lefebvre,731,France,Female,38,9,0.0,2,1,0,150172.8,0
2025,15603699,Onio,533,France,Male,41,5,0.0,2,1,0,94913.39,0
2025,15600728,Schneider,641,Germany,Female,44,9,179358.63,2,1,1,188582.53,1
2025,15609912,Romero,593,Spain,Female,23,10,115340.36,1,1,0,14926.66,0
2025,15601057,Bartlett,591,France,Male,43,10,119505.18,1,1,0,176857.42,1
2025,15603642,Richard,688,France,Male,48,7,0.0,1,1,0,108629.62,0
2025,15604721,Wagner,603,France,Female,40,4,0.0,1,1,0,103967.17,1
2025,15608333,Diaz,576,Germany,Female,39,1,108109.86,1,1,1,93464.54,0
2025,15608670,Richter,576,France,Female,35,9,0.0,1,0,0,199311.23,1
2025,15604855,Alvarez,648,France,Male,24,9,0.0,2,0,0,103930.35,0
2025,15601135,Michel,487,France,Male,41,9,0.0,1,1,0,90232.35,0
2025,15600303,Chidiebere,711,France,Female,39,10,126338.38,1,1,1,15582.4,0
2025,15600663,Navarro,683,Spain,Male,46,9,0.0,2,0,1,149023.02,0
2025,15608096,Lefebvre,730,France,Male,57,0,119391.43,1,1,0,21254.55,0
2025,15607958,Ruiz,535,France,Male,48,8,134499.45,2,1,0,101147.74,0
2025,15608260,Michel,714,Spain,Female,23,2,0.0,2,1,0,163844.55,0
2025,15601132,He,744,France,Male,44,8,0.0,2,1,0,162775.65,0
2025,15601857,Simon,531,France,Female,21,3,161217.55,1,1,0,85180.82,0
2025,15604917,Gutierrez,747,France,Female,52,0,0.0,2,0,1,189231.93,0
2025,15603030,Laurent,493,Spain,Male,43,8,0.0,2,1,0,54144.97,0
2025,15605441,Obinna,680,Spain,Female,46,7,94893.28,2,1,1,102402.26,0
2025,15601037,Koch,656,France,Female,34,3,0.0,1,0,1,89057.62,0
2025,15606529,Obinna,516,Germany,Male,49,3,152917.21,3,0,0,199790.93,1
2025,15607714,Alvarez,718,France,Female,28,1,87174.02,1,1,1,128326.11,0
2025,15603494,Hill,524,Spain,Female,32,0,0.0,2,1,0,180269.67,0
2025,15607389,Navarro,677,Germany,Female,42,2,135267.7,2,1,1,61303.11,1
2025,15605650,Thomas,557,France,Male,31,5,163911.89,2,1,1,179310.36,0
2025,15604759,Schulz,754,Germany,Female,40,2,161471.6,1,1,0,135672.25,0
2025,15604287,Garcia,561,France,Male,28,8,0.0,2,0,0,88738.22,0
2025,15608292,Sanchez,846,France,Female,49,8,98565.99,2,1,1,45235.46,0
2025,15605319,Sanchez,624,France,Male,42,5,91602.99,2,1,0,43114.98,0
2025,15600498,Schneider,563,Germany,Male,27,3,95513.58,1,0,1,178010.14,0
2025,15607053,Smith,641,France,Female,25,6,123448.65,1,0,0,78276.6,0
2025,15605892,Hargrave,654,Spain,Female,41,4,103814.03,1,1,0,83158.35,0
2025,15602433,Jimenez,595,Germany,Male,41,6,214930.42,2,1,0,85299.93,1
2025,15600232,Schulz,686,France,Female,39,7,119296.11,2,1,1,42421.28,0
2025,15609466,Dominguez,564,France,Male,48,1,0.0,1,1,1,74257.68,1
2025,15602537,Chidiebere,551,Spain,Female,27,7,50620.09,2,1,1,156361.16,0
2025,15606113,Chu,666,Germany,Male,39,3,102372.87,1,1,1,40810.66,0
2025,15600139,Torres,718,France,Male,34,9,0.0,1,0,1,181487.09,0
2025,15600790,Hernandez,666,France,Male,51,1,148563.02,2,1,1,151717.23,0
2025,15601031,Wolf,515,Spain,Male,34,7,50882.84,1,1,0,60569.4,0
2025,15602991,Zimmermann,580,Spain,Male,59,9,58939.53,2,1,1,177574.17,0
2025,15600898,Robert,775,Germany,Female,37,7,65579.32,2,1,1,56341.94,0
2025,15609890,Richter,452,France,Female,28,7,97810.71,1,1,1,112223.74,0
2025,15609532,Bernard,720,Spain,Male,34,7,0.0,2,1,1,126016.91,0
2025,15600425,Moreau,747,Spain,Female,41,9,94566.54,2,1,1,120080.44,0
2025,15603421,Hill,651,Germany,Female,27,9,151287.42,2,1,0,161335.68,0
2025,15609504,Meyer,741,France,Male,50,7,61674.23,2,0,1,77533.13,0
2025,15608169,Koch,850,Spain,Female,32,0,52790.82,1,1,0,159005.4,0
2025,15607550,Braun,841,France,Male,45,10,0.0,1,0,0,114419.17,0
2025,15600278,Munoz,721,Germany,Male,23,10,156073.6,1,1,1,61582.54,0
2025,15606094,Alvarez,613,France,Male,45,0,152847.29,1,1,0,157181.78,0
2025,15609968,Moreno,838,Germany,Male,18,8,120658.5,2,1,0,39942.29,0
2025,15602243,Wagner,564,Spain,Female,44,9,115326.98,1,1,1,112781.9,0
2025,15601283,Martin,590,France,Female,50,6,123984.08,1,1,1,158376.56,0
2025,15604322,Lopez,580,France,Male,43,1,45217.69,1,1,0,140452.82,0
2025,15603928,Munoz,799,Germany,Female,50,5,143784.75,1,1,1,128727.65,1
2025,15608831,Bartlett,587,France,Female,37,4,93034.79,2,1,1,167928.39,0
2025,15605159,Durand,624,Spain,Female,36,1,153505.12,2,1,0,126502.81,0
2025,15608926,Durand,672,Germany,Female,37,1,157430.84,2,0,0,60001.86,0
2025,15600990,Romero,643,France,Female,50,3,160400.29,2,0,0,124520.14,0
2025,15603982,Becker,648,Germany,Male,46,4,137691.01,1,1,0,138427.78,1
2025,15601602,Martin,541,Spain,Male,36,7,0.0,2,1,1,149671.23,1
2025,15606721,Durand,718,Spain,Male,51,7,157009.91,2,1,1,190270.05,0
2025,15601045,Simon,589,France,Female,33,10,85417.3,1,1,1,116086.68,0
2025,15603590,Klein,516,Germany,Female,23,9,116865.44,2,0,1,42578.67,0
2025,15605652,Becker,537,France,Male,40,8,0.0,2,1,1,82085.96,0
2025,15601107,Petit,741,Germany,Male,36,2,132215.65,2,1,1,107620.58,0
2025,15606013,Martin,582,France,Female,48,1,86336.99,1,0,1,159475.52,0
2025,15603009,Obinna,572,Spain,Female,48,1,0.0,1,0,1,25000.06,0
2025,15608761,Laurent,697,Spain,Male,39,5,84191.14,1,0,0,100658.41,0
2025,15602805,He,726,Spain,Male,37,7,0.0,2,0,0,11294.23,0
2025,15603498,Schulz,712,France,Female,44,10,75342.48,1,0,1,135500.48,0
2025,15605863,Petit,687,France,Female,26,2,140387.56,2,1,1,24695.65,0
2025,15608359,Alvarez,781,France,Male,29,2,125865.29,1,1,0,57414.74,0
2025,15606829,Chu,807,Spain,Male,48,0,139109.27,1,0,0,185317.55,0
2025,15609447,Moreno,667,Germany,Male,57,6,106687.62,1,0,1,124080.82,1
2025,15602171,Gomez,539,Spain,Male,39,6,0.0,2,1,1,179280.75,0
2025,15607855,Diaz,641,France,Female,45,6,111548.4,2,1,0,88855.92,0
2025,15601564,Klein,555,France,Female,48,7,136112.38,1,1,0,167194.09,1
2025,15601838,Obinna,768,France,Male,34,10,72820.79,1,1,1,114196.37,0
2025,15605182,Moreno,836,Spain,Female,38,4,94751.18,1,1,0,59509.61,1
2025,15604896,Fischer,616,France,Male,38,5,169436.06,1,1,0,196095.34,0
2025,15602964,Weber,721,Germany,Male,49,4,109100.8,1,1,0,136403.93,1
2025,15605895,Robert,561,Spain,Male,42,8,0.0,2,1,0,181318.02,0
2025,15608488,Gutierrez,768,Germany,Female,33,10,126629.51,2,1,1,33084.79,0
2025,15606595,Smith,556,France,Female,37,7,0.0,2,0,0,11133.66,0
2025,15603129,Bauer,651,Germany,Female,36,7,147991.93,1,1,1,101806.64,0
2025,15602838,Becker,780,France,Female,48,2,115085.69,1,1,0,122455.3,1
2025,15605512,Gutierrez,778,France,Male,38,8,0.0,1,0,0,63273.75,0
2025,15600957,Zimmermann,515,Germany,Female,37,9,111280.64,2,1,1,98411.59,0
2025,15602181,Schneider,770,Germany,Male,37,1,142983.91,1,1,1,111102.23,0
2025,15602632,Hill,799,Spain,Male,46,10,0.0,1,1,0,146359.87,0
2025,15605586,Schneider,740,Germany,Male,40,5,148526.49,2,0,0,70427.54,0
2025,15601950,Torres,415,Spain,Female,54,6,152854.91,1,0,1,172617.36,1
2025,15607587,Gutierrez,626,France,Male,32,2,108095.83,2,1,0,78321.5,0
2025,15601900,Onio,556,France,Female,30,7,143423.66,2,1,1,169627.26,0
2025,15608867,Martin,461,Spain,Male,53,6,0.0,2,1,0,193855.19,0
2025,15608296,Garcia,635,Spain,Male,38,5,122345.01,2,1,0,142299.43,0
2025,15606540,Wolf,478,Spain,Female,30,3,0.0,2,1,1,177879.77,0
2025,15606507,Diaz,752,Germany,Male,43,2,82726.78,1,0,1,79982.39,1
2025,15602769,Hargrave,659,Germany,Male,32,0,158220.04,2,1,0,186245.93,0
2025,15600222,Klein,744,France,Male,31,0,122782.63,1,1,1,158970.85,0
2025,15606791,Romero,725,France,Female,34,8,0.0,1,1,1,45820.78,0
2025,15606753,Koch,689,France,Male,27,5,0.0,1,1,0,151773.05,0
2025,15600863,Zimmermann,614,Germany,Female,56,4,127429.54,1,1,0,166714.85,1
2025,15609621,Chu,589,Spain,Male,45,9,122813.86,2,1,0,37625.86,0
2025,15606737,Sanchez,593,France,Male,42,9,89882.68,2,1,1,19203.04,0
2025,15601802,Gutierrez,688,France,Female,40,4,123598.17,1,0,0,36011.67,0
2025,15603291,He,597,Germany,Male,32,3,135644.7,1,1,1,138817.93,0
2025,15601569,Hernandez,604,Spain,Male,25,4,0.0,1,0,1,153288.04,0
2025,15604364,Schmidt,665,Spain,Female,54,1,75925.92,2,0,1,138019.82,0
2025,15602031,Simon,565,France,Female,42,3,86835.86,2,0,1,118299.49,1
2025,15604488,Thomas,637,France,Male,32,0,0.0,1,1,0,113791.2,0
2025,15602439,Torres,760,France,Female,41,2,0.0,2,1,1,106185.5,0
2025,15608460,Wagner,490,France,Male,60,7,0.0,1,1,0,192608.2,1
2025,15605638,Chu,413,Germany,Female,18,8,136032.63,1,1,1,109491.23,0
2025,15601404,Dubois,744,France,Male,27,10,49532.73,1,1,1,187555.86,0
2025,15607470,Schröder,442,Germany,Female,50,6,149105.75,2,1,0,139377.21,1
2025,15602160,Richard,657,France,Female,37,2,89310.48,1,1,0,90235.05,0
2025,15603307,Hoffmann,618,Germany,Female,54,9,141299.07,1,1,1,21834.78,1
2025,15607876,Hargrave,352,Germany,Male,29,4,159761.48,2,0,0,18459.95,0
2025,15606460,Perez,686,Spain,Male,49,5,143694.7,2,1,1,28992.18,0
2025,15605540,Schröder,597,Germany,Female,23,4,142506.13,1,0,0,119812.66,0
2025,15609140,Ruiz,527,France,Female,39,3,0.0,1,0,0,144147.36,0
2025,15605789,Schulz,734,France,Female,29,7,0.0,3,1,0,70806.29,1
2025,15606657,Dupont,662,France,Male,42,2,139188.81,1,0,1,122898.08,0
2025,15600619,Lopez,725,France,Male,25,7,0.0,2,1,0,100742.61,0
2025,15602423,Mitchell,652,Germany,Male,48,4,104335.21,2,1,0,155154.97,1
2025,15607099,Hoffmann,734,France,Male,49,7,94977.92,2,1,1,172266.93,0
2025,15607737,Alvarez,743,Germany,Female,25,9,131440.16,2,0,1,196708.48,0
2025,15600456,Perez,850,France,Male,57,4,0.0,2,1,0,54342.87,0
2025,15604595,Braun,520,Germany,Male,26,8,99068.0,1,1,0,58048.03,0
2025,15609443,Meyer,536,France,Female,34,3,0.0,1,1,0,116316.46,0
2025,15607220,Klein,667,Germany,Female,32,2,168546.7,1,1,0,10772.75,0
2025,15605146,Bartlett,477,Germany,Female,48,6,114359.25,2,1,0,16889.32,1
2025,15608070,Smith,630,France,Male,30,10,124028.93,1,1,1,146849.18,1
2025,15600542,Dupont,639,France,Male,49,10,80598.56,2,1,0,10807.19,0
2025,15601032,Leroy,655,Spain,Female,32,8,71902.72,1,0,1,104824.23,0
2025,15605309,Richard,533,France,Male,51,6,155792.67,1,1,0,152691.37,1
2025,15600314,Martin,749,Spain,Female,34,10,0.0,1,1,1,38062.04,0
2025,15608173,Meyer,586,Spain,Female,33,4,152577.23,1,1,1,140304.83,0
2025,15600519,Diaz,760,Spain,Female,28,4,0.0,4,1,1,143212.64,0
2025,15600337,Moreau,765,Germany,Male,35,7,97115.08,2,1,1,187078.76,0
2025,15603609,Sanchez,759,Germany,Male,43,8,107503.82,2,0,1,53398.64,1
2025,15601174,Dupont,647,France,Male,36,10,0.0,2,1,0,97017.07,0
2025,15600111,Martin,778,France,Male,36,4,0.0,1,1,0,104788.39,0
2025,15602557,Martin,850,Spain,Female,38,7,0.0,2,0,0,183567.1,0
2025,15607059,Neumann,787,France,Male,50,6,0.0,2,1,1,16116.4,0
2025,15600211,Jimenez,523,France,Female,38,3,0.0,2,1,1,34063.01,0
2025,15606517,Romero,689,Spain,Male,18,2,0.0,2,1,0,99218.77,0
2025,15600692,Muller,576,France,Male,37,4,89792.7,2,1,0,52361.32,0
2025,15602368,Sanchez,726,France,Male,36,0,0.0,2,1,0,122275.03,0
2025,15601938,Jimenez,655,France,Male,21,4,94821.1,2,0,1,141284.29,0
2025,15606750,Robert,680,Germany,Female,41,6,113487.18,3,1,1,59889.41,1
2025,15608644,Schröder,702,Germany,Male,31,7,94653.9,1,0,1,128126.05,0
2025,15601066,Onio,599,Germany,Male,43,7,61947.73,2,0,0,48409.95,1
2025,15602308,Hoffmann,776,France,Male,26,4,111064.97,1,1,0,151074.95,0
2025,15609354,Schulz,564,Germany,Male,39,10,134362.7,1,0,1,163052.33,0
2025,15604493,Ruiz,770,France,Female,51,8,62778.1,3,0,1,146460.95,0
2025,15600144,Zimmermann,649,France,Male,36,6,91787.65,2,1,1,63971.43,0
2025,15606748,Krüger,717,Spain,Male,48,5,101306.08,1,1,0,94734.43,0
2025,15601184,Garcia,537,France,Male,23,5,145282.99,1,1,1,78547.3,0
2025,15601206,Garcia,558,Spain,Male,40,8,0.0,2,0,1,165117.79,0
2025,15601445,Koch,592,France,Female,42,5,0.0,2,1,0,90142.42,0
2025,15604385,Hargrave,684,France,Female,18,9,0.0,2,1,0,167330.03,0
2025,15601357,Wolf,655,France,Male,33,6,124928.39,2,1,1,24575.08,0
2025,15602350,Richard,680,Germany,Male,50,10,146149.89,2,0,1,133691.35,1
2025,15605126,Perez,664,Spain,Male,27,10,0.0,3,1,0,154944.75,1
2025,15602099,Sanchez,581,Germany,Male,52,2,121303.3,2,1,0,170321.32,1
2025,15605331,Garcia,582,Germany,Female,52,0,113487.16,2,1,0,32531.51,1
2025,15609521,Moreau,692,France,Male,18,7,0.0,1,1,0,88707.65,0
2025,15606739,Chidiebere,747,Germany,Male,36,0,74175.23,3,0,1,61360.29,1
2025,15605960,Hargrave,706,Spain,Female,52,5,0.0,2,1,1,132055.66,0
2025,15601407,Schneider,669,France,Male,44,10,0.0,3,1,1,10515.81,0
2025,15600216,Onio,692,Spain,Male,45,9,138602.33,2,1,0,130928.9,0
2025,15605834,Dupont,586,Spain,Male,28,7,0.0,2,1,1,176287.56,0
2025,15605185,Krüger,812,Germany,Male,37,6,108573.1,1,1,0,162586.34,0
2025,15604888,Alonso,670,Spain,Male,36,6,0.0,2,1,0,97331.59,0
2025,15602208,Obinna,580,France,Female,27,10,0.0,2,1,1,119298.61,0
2025,15604313,Schulz,627,France,Male,41,7,0.0,1,1,1,124966.39,0
2025,15602875,Michel,534,France,Male,39,7,0.0,2,1,1,58633.39,0
2025,15604970,Romero,643,Germany,Male,25,6,152592.55,1,1,0,54523.1,0
2025,15603400,Mitchell,648,Germany,Female,45,5,105963.85,2,1,1,198909.2,1
2025,15607728,Lefebvre,644,France,Male,34,5,0.0,2,1,1,13375.04,0
2025,15601004,Braun,691,France,Female,31,9,141667.97,1,1,1,160504.08,1
2025,15606928,Gomez,497,Germany,Female,41,1,100121.18,1,1,0,99144.87,1
2025,15602498,Michel,580,France,Male,32,8,101297.24,2,1,1,93618.61,0
2025,15604329,Becker,558,Germany,Female,37,10,171365.23,2,1,1,154511.13,0
2025,15609432,Robert,811,France,Male,50,10,71701.88,1,0,0,14010.65,0
2025,15608771,Wagner,548,Spain,Female,18,1,146901.3,2,1,1,180331.18,0
2025,15603172,Dominguez,596,France,Male,40,9,0.0,3,1,0,19529.07,0
2025,15601144,Munoz,619,Germany,Male,43,10,161804.45,1,0,0,143423.83,1
2025,15609243,Durand,660,France,Female,39,5,0.0,2,0,1,76034.33,0
2025,15606562,Becker,714,France,Female,35,7,0.0,2,1,1,193400.44,0
2025,15606036,Schröder,726,Spain,Female,29,0,0.0,1,0,1,50327.84,0
2025,15606292,Dubois,749,Spain,Female,39,7,0.0,1,1,0,90302.42,1
2025,15602376,Gutierrez,501,Germany,Female,36,2,97918.15,1,1,1,32935.85,0
2025,15606060,Munoz,676,France,Male,23,5,149042.3,2,1,1,195494.62,0
2025,15605357,Laurent,731,France,Female,39,3,0.0,1,1,1,139471.31,0
2025,15601979,Thomas,518,France,Female,49,9,0.0,2,0,0,71920.24,0
2025,15604277,Hargrave,775,France,Male,37,4,113925.82,1,1,0,199813.32,0
2025,15607992,Schwarz,834,France,Male,44,8,0.0,1,1,1,93730.24,0
2025,15607278,Moreau,751,Spain,Male,40,2,83238.83,1,1,1,21492.61,0
2025,15605476,Dubois,738,Spain,Female,43,10,0.0,1,1,0,22068.09,0
2025,15603818,Dubois,701,Germany,Female,56,4,127718.83,2,0,0,188070.15,1
2025,15602237,Munoz,507,Spain,Male,34,6,0.0,1,1,1,122121.31,0
2025,15604593,Hill,581,Germany,Male,19,3,82139.67,2,0,1,43408.94,0
2025,15606844,Michel,646,Spain,Male,23,7,151725.09,1,1,0,160499.05,0
2025,15606793,Martin,605,France,Female,48,2,0.0,2,0,1,63319.24,0
2025,15604862,Lopez,735,Germany,Male,48,6,146000.23,1,1,0,81455.6,1
2025,15602040,Becker,731,Germany,Male,43,5,158736.52,1,0,0,110563.35,1
2025,15602836,Robert,728,Germany,Female,49,6,166008.72,1,1,1,161765.66,1
2025,15600030,Rodriguez,664,France,Female,49,5,112662.63,2,1,1,129044.3,0
2025,15605569,Dominguez,663,Germany,Female,45,8,81494.58,2,1,0,114201.25,1
2025,15608191,Schwarz,613,Spain,Male,34,0,0.0,1,0,0,48824.14,0
2025,15608696,Rodriguez,643,Spain,Female,53,8,119300.12,1,0,1,162421.48,0
2025,15607549,Garcia,747,Spain,Female,26,7,124665.24,2,0,0,23804.76,0
2025,15607162,Schröder,597,France,Female,30,3,0.0,2,1,0,72595.52,0
2025,15602788,Neumann,644,Germany,Female,42,0,130058.46,1,1,0,63061.97,1
2025,15603671,Muller,657,Germany,Male,44,6,90919.27,1,1,1,140347.31,1
2025,15609231,Chidiebere,766,France,Female,39,2,103696.04,2,1,1,113444.32,0
2025,15601737,Smith,700,Germany,Male,48,0,129087.4,1,0,1,85286.18,1
2025,15602086,Schmidt,612,France,Female,41,1,0.0,2,1,1,52845.47,0
2025,15601861,Petit,666,France,Male,46,7,112751.52,1,0,0,116404.8,0
2025,15609191,Hernandez,653,France,Male,28,6,0.0,2,0,1,98430.64,0
2025,15604226,Klein,644,France,Male,42,9,167049.05,2,1,0,76657.85,0
2025,15609858,Laurent,657,France,Female,33,2,0.0,1,1,0,61700.12,0
2025,15606476,Klein,686,France,Male,36,5,0.0,1,1,0,94194.72,1
2025,15605660,Robert,679,France,Female,33,3,0.0,2,1,1,54935.25,0
2025,15607282,Dominguez,778,France,Male,48,4,0.0,2,1,0,13692.25,1
2025,15607070,Ruiz,625,France,Female,31,1,133080.54,1,1,1,84352.44,1
2025,15603564,Onio,462,France,Female,18,5,84859.7,1,0,1,40653.95,0
2025,15604430,Schmidt,513,Spain,Male,46,0,0.0,3,1,0,186950.44,1
2025,15605465,Onio,659,Spain,Female,29,7,112726.63,1,0,0,40688.13,0
2025,15601788,Koch,747,France,Female,40,6,82458.16,2,1,1,47293.03,0
2025,15604991,Becker,527,France,Male,38,10,0.0,2,1,0,58847.37,0
2025,15606942,Klein,513,France,Female,41,5,0.0,1,0,1,65379.33,0
2025,15600589,Bauer,817,France,Male,61,5,0.0,2,1,1,12911.86,0
2025,15600064,Bartlett,560,France,Male,62,9,0.0,1,0,1,184303.99,1
2025,15609705,Hoffmann,488,Germany,Male,43,0,160437.89,2,1,0,188678.25,1
2025,15603729,Obinna,614,Germany,Female,23,7,175245.7,1,1,1,21257.23,0
2025,15600047,Petit,697,France,Female,28,10,179808.43,1,0,1,45430.29,0
2025,15609702,Boni,750,Spain,Female,33,4,131707.57,3,1,1,114379.31,0
2025,15604740,Garcia,691,France,Male,43,6,175917.22,2,1,0,155016.85,0
2025,15606220,Richard,602,Spain,Female,30,1,0.0,1,0,1,83428.09,0
2025,15607188,Richter,689,France,Male,29,5,35687.03,1,1,0,199760.01,0
2025,15607759,Rodriguez,576,Spain,Male,26,5,0.0,1,1,0,107781.88,0
2025,15601708,Thomas,594,Germany,Male,39,3,105418.85,2,0,1,73376.98,1
2025,15603238,Leroy,624,Spain,Male,21,5,153817.86,1,0,0,110528.35,0
2025,15607943,Leroy,760,Germany,Female,18,0,46044.74,2,1,1,92282.13,0
2025,15608271,Hill,676,Germany,Male,31,8,116241.9,1,1,0,122569.44,0
2025,15600770,He,694,Germany,Male,37,7,92912.14,2,1,1,77259.15,0
2025,15608963,Hernandez,752,France,Male,40,1,110669.83,1,1,0,56679.8,0
2025,15606627,Diaz,756,Germany,Female,24,9,120940.71,2,1,0,44210.72,0
2025,15606468,Petit,850,Germany,Female,33,7,120476.02,2,1,0,197775.61,0
2025,15607215,Fischer,587,Spain,Male,62,4,0.0,1,1,0,85463.4,0
2025,15609137,Garcia,617,France,Male,28,8,0.0,2,1,0,163966.46,0
2025,15602232,Schmidt,646,France,Female,36,3,0.0,1,1,0,97874.33,0
2025,15601782,He,594,France,Female,45,1,0.0,2,1,1,93113.55,0
2025,15606158,Weber,648,France,Female,50,2,0.0,1,1,1,160317.34,0
2025,15607978,Romero,649,France,Female,62,6,91897.03,1,0,1,133862.37,0
2025,15601567,Neumann,592,Germany,Male,43,10,118978.6,2,1,0,52482.68,1
2025,15601303,Martin,634,France,Male,21,1,0.0,2,1,0,18975.51,0
2025,15606360,Sanchez,676,Spain,Male,26,10,0.0,1,1,0,115591.85,0
2025,15603427,Becker,539,France,Female,37,8,0.0,2,1,1,59762.46,0
2025,15607984,Muller,626,Germany,Female,53,9,92511.45,2,1,0,68050.48,1
2025,15608795,Garcia,494,France,Male,36,4,89969.33,1,1,1,100682.68,0
2025,15600963,Weber,569,Germany,Female,56,7,71880.65,2,0,1,102602.63,1
2025,15604645,Schmidt,764,Germany,Female,29,2,96077.0,1,0,1,85529.8,1
2025,15601155,Bartlett,736,Germany,Female,30,7,181768.53,2,1,1,107071.02,0
2025,15600449,Hill,623,France,Female,31,8,0.0,1,1,0,89315.28,0
2025,15604331,Durand,521,Germany,Male,44,9,103618.22,2,1,0,20994.02,1
2025,15602293,Robert,581,Spain,Male,42,8,0.0,1,1,0,56566.41,0
2025,15600003,Schwarz,515,Germany,Female,45,7,115823.72,1,1,1,28835.26,1
2025,15603635,Munoz,732,France,Male,22,2,0.0,1,1,1,15578.12,0
2025,15608671,Gomez,780,France,Female,47,1,10000.0,1,1,0,178524.6,1
2025,15609646,Simon,531,Spain,Female,30,5,0.0,1,1,0,115670.21,0
2025,15608034,Richter,625,Spain,Male,46,6,0.0,1,0,0,133530.42,0
2025,15608792,He,727,Germany,Female,26,6,102967.9,1,1,1,88448.09,0
2025,15607934,Michel,716,Spain,Female,35,3,0.0,2,1,0,182176.74,0
2025,15607890,Alonso,538,France,Male,40,8,0.0,1,1,0,105969.28,0
2025,15602090,Braun,501,Spain,Male,37,7,0.0,2,1,1,154130.82,0
2025,15606769,Torres,649,France,Female,39,5,71440.71,1,0,0,42881.06,0
2025,15605414,Krüger,738,Spain,Male,39,3,0.0,1,0,0,10485.25,0
2025,15605978,Neumann,495,Spain,Male,46,4,0.0,1,1,0,188184.75,0
2025,15606788,Torres,663,France,Male,49,1,113441.62,2,0,1,104245.18,0
2025,15606508,Schröder,619,France,Male,31,9,0.0,1,1,1,65276.95,0
2025,15605086,Chu,586,France,Male,46,5,0.0,2,1,1,23535.95,1
2025,15608839,Wolf,671,Germany,Male,28,5,154150.06,2,1,0,63931.27,1
2025,15602783,Fischer,644,France,Female,29,1,0.0,3,1,1,75145.78,0
2025,15604825,Schulz,689,France,Female,35,5,0.0,1,1,1,65736.83,0
2025,15607852,Dominguez,575,Spain,Male,34,5,0.0,2,1,1,157216.17,0
2025,15603196,Onio,727,France,Female,32,10,0.0,2,0,0,81661.66,1
2025,15605971,Garcia,641,Germany,Male,36,1,118828.65,1,1,1,52380.84,0
2025,15607312,Schulz,681,France,Female,29,9,142227.04,2,1,0,125392.22,0
2025,15600801,Jimenez,551,France,Male,44,3,0.0,2,1,0,125265.17,0
2025,15601831,Chu,675,France,Female,23,8,0.0,2,1,0,188818.55,0
2025,15609214,Zimmermann,773,Spain,Female,53,1,133634.66,1,1,1,96532.03,0
2025,15602521,Klein,573,Germany,Male,26,2,116663.18,2,1,1,25117.38,0
2025,15601597,Diaz,599,France,Female,57,0,102734.67,1,1,1,41015.03,0
2025,15609500,Gomez,756,Spain,Female,33,6,66953.49,2,1,1,102511.83,0
2025,15602176,Schwarz,691,France,Male,49,0,107848.42,1,1,0,24956.78,0
2025,15601855,Martin,512,Germany,Female,30,9,117538.69,1,1,1,45388.96,1
2025,15603008,Dubois,681,France,Female,37,6,0.0,2,1,0,40990.8,0
2025,15602706,Obinna,541,France,Male,44,1,91078.01,1,1,1,41984.61,0
2025,15605528,Boni,776,France,Female,34,1,160518.73,1,1,1,179222.82,0
2025,15607487,Boni,666,France,Male,35,9,88460.63,3,1,0,169129.52,0
2025,15606003,Richter,607,Germany,Female,29,3,191640.63,2,1,1,87202.98,0
2025,15602378,Zimmermann,800,France,Female,39,8,0.0,2,1,1,47597.78,0
2025,15600569,Weber,719,France,Male,30,0,85793.08,1,1,0,117734.13,0
2025,15605117,Diaz,820,France,Female,34,4,93045.85,1,1,1,19195.37,0
2025,15604466,Mitchell,586,Spain,Male,48,4,73495.93,1,1,1,138080.92,0
2025,15609026,Onio,615,France,Male,46,5,0.0,1,1,1,186203.51,0
2025,15607073,Lefebvre,579,France,Male,56,0,123973.3,1,1,1,60709.29,0
2025,15602641,Koch,619,France,Female,47,2,0.0,2,0,0,151124.79,0
2025,15604162,Martinez,534,France,Male,20,4,136331.6,1,1,1,70891.65,0
2025,15609387,Torres,603,France,Male,18,9,161545.11,1,1,1,50623.09,0
2025,15603231,He,565,Germany,Male,60,10,116273.48,1,1,0,50270.57,1
2025,15603484,Wagner,584,France,Male,47,1,0.0,2,1,0,112912.18,0
2025,15603104,Weber,641,France,Female,54,1,164929.15,2,1,1,124306.88,0
2025,15604842,Laurent,594,Spain,Male,28,4,164390.0,1,0,0,33820.66,0
2025,15602450,Wagner,358,Spain,Male,39,1,111071.82,1,0,1,73287.59,1
2025,15600285,Lopez,850,Spain,Male,38,5,0.0,2,1,0,137276.55,0
2025,15601662,Romero,691,Germany,Female,36,1,167053.53,1,1,1,129193.48,0
2025,15607566,Dupont,575,Germany,Male,50,3,108466.85,1,1,1,111677.53,1
2025,15608029,Garcia,607,Spain,Male,38,2,183848.61,2,1,1,121046.84,0
2025,15601823,Laurent,850,France,Female,26,8,0.0,1,0,0,120547.53,0
2025,15600399,Martinez,656,Spain,Male,31,2,128769.21,1,1,1,144709.47,0
2025,15609368,Torres,731,Spain,Male,34,6,148945.44,2,1,0,168517.23,0
2025,15609056,Rodriguez,656,Germany,Male,41,10,72023.12,1,1,1,93579.28,1
2025,15606200,Zimmermann,850,Spain,Female,44,2,83773.97,2,1,1,47729.6,0
2025,15609282,Chidiebere,703,Germany,Male,25,9,148185.24,1,0,0,148935.95,0
2025,15607219,Jimenez,536,France,Female,31,6,63878.47,1,1,1,28887.15,0
2025,15604071,Schröder,664,France,Male,35,9,128263.09,1,0,0,34105.99,0
2025,15601993,Bartlett,660,Spain,Male,39,6,116941.31,2,1,0,46127.24,0
2025,15606123,Robert,726,France,Male,22,0,111468.55,1,0,0,152310.0,1
2025,15603971,He,694,France,Male,39,2,69527.01,3,1,1,163038.82,1
2025,15607027,Bernard,474,Spain,Female,18,6,108005.5,1,1,1,44760.62,0
2025,15605483,Gutierrez,685,France,Male,46,10,114123.55,2,1,0,24294.71,0
2025,15609830,Zimmermann,718,France,Female,50,0,0.0,2,1,0,82805.11,0
2025,15603581,Perez,525,France,Female,52,2,101844.5,1,1,0,67132.5,0
2025,15602843,Lopez,613,Spain,Male,42,6,0.0,1,1,1,96094.42,0
2025,15602230,Petit,657,France,Female,41,2,118305.37,1,1,1,163890.77,0
2025,15601401,Chu,499,Germany,Male,43,6,113954.5,2,0,0,80369.24,1
2025,15606577,Hoffmann,786,Germany,Male,41,10,99472.02,1,0,0,152567.8,1
2025,15601783,Klein,660,Spain,Male,37,9,100209.33,2,0,0,110558.2,0
2025,15609693,Fischer,525,France,Female,39,5,110882.82,1,0,1,126255.22,0
2025,15606891,Boni,706,Spain,Male,38,7,0.0,1,1,0,157405.53,0
2025,15608611,Jimenez,545,Spain,Female,44,5,0.0,1,0,0,130584.55,1
2025,15608267,Romero,669,Germany,Female,32,6,163951.48,2,1,0,158726.22,0
2025,15609219,Sanchez,610,Germany,Male,51,0,36163.02,2,1,0,177303.14,1
2025,15607669,Petit,601,Spain,Male,54,3,0.0,3,1,0,185292.54,1
2025,15608695,Dupont,612,France,Female,41,9,193407.09,2,1,1,91492.84,0
2025,15606015,Navarro,806,France,Female,49,10,0.0,1,1,1,85037.89,0
2025,15609704,Becker,604,France,Male,41,7,95930.13,1,1,1,114358.64,0
2025,15607161,Koch,700,France,Female,49,6,135361.48,1,1,0,139297.81,0
2025,15607917,Muller,531,France,Male,55,10,121927.93,2,0,1,60357.31,0
2025,15608185,Alonso,576,Germany,Male,22,1,60683.13,1,1,1,136811.52,0
2025,15605012,Thomas,850,France,Male,26,5,113150.97,1,1,1,193255.21,0
2025,15603985,Romero,672,Germany,Male,57,8,121682.96,1,0,0,120136.26,1
2025,15607352,Onio,608,France,Male,39,6,0.0,2,0,1,194372.28,0
2025,15601641,Obinna,609,France,Female,30,3,0.0,2,1,1,110215.26,0
2025,15601888,Schwarz,640,France,Male,62,3,0.0,1,0,1,143728.08,0
2025,15602182,Thomas,528,France,Male,38,9,0.0,1,1,0,36611.21,0
2025,15607298,Ruiz,578,Germany,Female,36,9,77457.46,2,1,0,116428.64,0
2025,15607455,Hernandez,680,France,Male,43,7,121645.35,1,1,1,156024.07,0
2025,15609382,Koch,839,France,Female,38,1,136787.85,3,0,1,197589.32,1
2025,15602277,Leroy,542,Spain,Female,47,8,126075.8,2,1,1,97661.24,0
2025,15605595,Thomas,632,Germany,Female,38,10,152894.72,2,1,1,163059.57,0
2025,15605903,Alvarez,550,Germany,Male,39,8,95132.44,1,1,1,96666.05,1
2025,15604439,Braun,670,Spain,Female,28,10,82886.14,2,0,1,64518.15,0
2025,15600421,Krüger,712,Germany,Female,39,5,128824.3,1,1,1,87402.95,0
2025,15602080,Dupont,572,France,Male,37,1,0.0,2,0,0,135486.69,0
2025,15600521,Petit,629,Spain,Male,24,5,42010.03,1,0,0,138098.11,0
2025,15609128,Bauer,798,France,Male,36,5,0.0,1,1,0,124299.1,0
2025,15608628,Dupont,439,Germany,Female,40,4,156497.57,2,1,0,176810.61,0
2025,15608030,Richard,660,France,Male,44,1,89249.0,2,1,0,16257.94,0
2025,15601156,Rodriguez,720,France,Female,46,5,151726.92,2,1,0,70846.88,0
2025,15607248,Weber,625,France,Female,52,0,112358.39,1,1,0,12566.59,0
2025,15607366,Hargrave,596,France,Male,40,6,105716.77,2,1,0,19712.06,0
2025,15606660,Moreau,514,France,Female,51,6,105894.08,1,1,0,122160.32,0
2025,15604792,Schneider,821,France,Female,47,1,122245.36,1,0,0,96325.17,1
2025,15607516,Petit,648,Spain,Male,31,2,170671.67,1,1,0,55165.11,0
2025,15605040,Dominguez,792,France,Male,27,7,106248.73,2,1,1,157034.57,0
2025,15606720,Martinez,735,France,Male,27,2,108993.25,2,1,0,133051.48,0
2025,15604980,Dupont,577,Spain,Female,33,8,0.0,1,1,1,87782.4,0
2025,15606943,Obinna,792,Spain,Male,19,4,0.0,1,1,0,133895.71,0
2025,15601856,Neumann,721,Germany,Male,44,4,130678.12,1,0,0,99909.13,1
2025,15603440,Gomez,631,France,Male,27,9,0.0,2,1,1,44931.31,0
2025,15608567,Schwarz,625,Spain,Female,36,7,108156.06,3,0,0,135780.59,1
2025,15603938,Onio,635,France,Male,45,10,96559.73,1,0,1,75330.25,0
2025,15605604,Navarro,727,Spain,Female,54,4,0.0,2,1,1,141966.73,0
2025,15600751,Bernard,673,Spain,Female,48,4,154633.94,3,1,1,17062.43,1
2025,15603964,Romero,540,France,Male,48,2,0.0,1,1,0,78312.52,0
2025,15601488,Klein,541,Spain,Male,36,7,0.0,2,0,0,110970.9,0
2025,15607496,Bernard,690,Germany,Male,37,10,164637.26,2,1,0,68404.96,0
2025,15603979,Smith,704,Germany,Male,43,10,109329.55,1,1,1,174909.36,1
2025,15609010,Romero,667,France,Female,27,8,110460.79,2,1,0,78384.74,0
2025,15609918,Dubois,427,France,Female,34,8,0.0,2,1,1,197294.66,0
2025,15605287,Zimmermann,735,France,Female,47,1,0.0,1,1,1,86989.8,0
2025,15601927,Rodriguez,568,France,Female,33,4,108844.44,3,1,1,64462.48,1
2025,15607271,Hernandez,648,France,Female,31,3,0.0,1,0,0,172022.51,0
2025,15609661,Schneider,533,Germany,Female,22,5,104016.35,2,1,0,188449.37,0
2025,15605418,Rodriguez,576,Spain,Male,35,9,0.0,2,1,1,108762.44,0
2025,15609928,Torres,780,France,Male,33,6,0.0,1,1,1,122694.19,0
2025,15603757,Robert,821,France,Male,40,4,0.0,4,1,0,157354.43,1
2025,15601866,Schwarz,749,Germany,Female,34,10,119288.51,2,1,0,101297.69,0
2025,15605366,Hernandez,595,Spain,Female,27,3,0.0,2,1,1,22795.36,0
2025,15606530,Mitchell,588,Germany,Female,52,2,125769.46,1,0,1,36588.92,1
2025,15602861,Braun,649,Spain,Female,33,7,0.0,1,1,0,131672.88,0
2025,15606817,Muller,729,France,Male,39,1,180186.51,2,1,0,68339.36,0
2025,15603544,Martinez,578,Spain,Male,53,3,0.0,1,1,0,44413.7,0
2025,15602325,Wolf,605,France,Female,43,7,0.0,1,1,0,123416.55,0
2025,15604192,Weber,712,France,Male,41,7,0.0,2,1,0,24110.78,0
2025,15603816,Hargrave,511,Spain,Male,51,4,0.0,1,1,1,199954.57,0
2025,15608393,Torres,635,Spain,Female,28,1,79729.32,2,0,1,42500.5,0
2025,15602747,Gutierrez,551,Germany,Male,37,3,162582.42,2,0,1,34834.22,0
2025,15602920,Torres,637,Spain,Female,56,10,0.0,1,1,0,152721.31,0
2025,15605299,Rodriguez,683,France,Male,44,0,183063.42,2,0,1,87065.2,0
2025,15601361,Garcia,551,Spain,Male,48,8,110895.25,1,1,0,47301.02,1
2025,15603025,Klein,457,France,Female,30,10,0.0,1,0,1,106732.59,0
2025,15606407,He,646,Germany,Female,46,9,124154.22,2,1,1,176103.72,1
2025,15608730,Klein,570,Germany,Female,43,8,104368.51,1,1,0,33896.98,1
2025,15608688,Hargrave,615,Germany,Female,49,5,152552.34,1,1,0,84418.89,1
2025,15602864,Schwarz,667,Germany,Male,41,6,117947.11,1,0,0,104399.04,1
2025,15603999,Dubois,681,France,Female,46,0,0.0,1,1,1,17063.92,0
2025,15608706,Bauer,705,Spain,Female,30,3,0.0,1,1,0,170575.0,0
2025,15602427,Thomas,705,Spain,Male,47,2,119345.16,2,0,0,61218.11,0
2025,15609209,Bernard,770,Germany,Male,37,9,135911.52,1,1,1,53973.74,0
2025,15602886,Obinna,731,France,Female,48,9,0.0,2,1,0,73253.05,0
2025,15605079,Klein,657,Germany,Male,46,2,55275.28,1,0,0,44920.75,1
2025,15601605,Schwarz,492,France,Male,41,8,82675.81,2,1,1,120204.1,0
2025,15609805,Torres,648,France,Female,38,7,0.0,1,1,0,81576.37,1
2025,15600352,Moreau,595,Spain,Male,49,2,0.0,1,0,0,91571.12,0
2025,15606986,Jimenez,545,France,Male,35,7,128924.21,1,1,0,39677.95,0
2025,15601571,Petit,796,Germany,Female,64,3,115883.77,1,0,1,105019.51,1
2025,15600433,Durand,632,Germany,Female,37,2,112640.51,2,1,0,165457.65,1
2025,15604840,Dupont,652,Spain,Female,43,2,0.0,3,1,1,94127.29,1
2025,15607375,Michel,727,Germany,Female,49,0,88934.08,1,0,0,126585.47,1
2025,15603244,Schäfer,679,France,Female,47,3,0.0,2,1,0,79390.09,0
2025,15600118,Onio,510,France,Male,30,5,89236.97,2,0,1,182734.21,0
2025,15600532,Leroy,718,Germany,Male,50,8,122775.2,1,0,0,124570.84,1
2025,15605063,Ruiz,517,France,Male,42,5,0.0,2,1,1,79679.26,0
2025,15608250,Gutierrez,612,France,Male,42,2,0.0,2,0,1,42815.37,0
2025,15602214,Navarro,595,Spain,Male,18,1,109684.68,2,1,0,43808.47,0
2025,15601387,Chidiebere,615,France,Male,18,8,0.0,2,1,1,19377.32,0
2025,15603386,Fischer,719,France,Female,44,2,171842.04,2,1,1,145878.16,1
2025,15604250,Diaz,692,France,Male,67,10,0.0,3,1,1,136492.73,0
2025,15600291,Laurent,767,France,Female,28,3,122362.24,2,0,0,133603.64,1
2025,15600701,Gutierrez,659,France,Male,66,2,158808.63,1,0,1,121427.92,0
2025,15608290,Koch,584,France,Female,31,4,0.0,1,0,1,98669.24,0
2025,15607608,Boni,685,France,Female,39,0,0.0,1,0,1,156560.68,0
2025,15607574,Ruiz,642,Spain,Female,26,9,136581.98,1,1,0,147388.43,0
2025,15605075,Moreau,662,Germany,Male,46,2,56341.71,4,1,0,13092.49,1
2025,15600579,Jimenez,673,France,Female,41,0,95936.09,1,0,1,11773.24,1
2025,15606639,Schwarz,850,Germany,Male,49,6,127300.1,1,0,0,60781.99,1
2025,15604751,Garcia,547,France,Female,46,1,0.0,1,1,1,39655.5,0
2025,15604950,Garcia,698,Germany,Female,37,1,146646.67,2,1,1,49483.16,0
2025,15608962,Moreau,593,France,Female,55,5,0.0,1,1,1,189939.09,0
2025,15604309,Martin,767,Spain,Female,45,2,0.0,1,1,1,133110.67,0
2025,15603543,Durand,846,France,Female,22,0,103857.51,1,1,1,189598.75,0
2025,15609036,Weber,763,France,Male,32,10,111075.13,2,0,0,143984.21,0
2025,15602105,Obinna,688,France,Male,36,9,0.0,2,0,0,135735.48,0
2025,15609344,Leroy,607,Germany,Female,52,5,90542.31,2,0,1,38504.37,1
2025,15603656,Moreau,745,France,Female,41,4,67204.15,2,1,0,169570.9,0
2025,15600062,He,666,Spain,Female,55,9,135420.36,1,0,1,61507.04,1
2025,15600468,Wagner,508,France,Male,37,7,0.0,1,1,1,179245.83,0
2025,15601120,Bartlett,623,Germany,Male,35,3,138268.53,3,1,1,116766.12,0
2025,15605199,Becker,803,France,Male,34,1,0.0,3,1,0,71824.47,1
2025,15604718,Dubois,688,France,Male,21,8,152067.35,1,1,0,195734.86,0
2025,15609465,Onio,652,Germany,Female,41,9,138361.88,2,1,0,51107.15,1
2025,15603306,Zimmermann,778,France,Male,44,9,172063.09,1,1,0,132125.84,0
2025,15602748,Hill,788,Spain,Female,40,10,0.0,2,1,0,114195.76,1
2025,15606722,Leroy,553,France,Male,32,0,0.0,3,1,1,66048.92,0
2025,15609438,Martin,643,Spain,Male,49,6,0.0,1,1,0,190980.31,0
2025,15602180,Chu,751,France,Female,48,1,148946.89,2,1,0,125883.7,0
2025,15607217,Muller,572,France,Female,47,1,63286.55,1,1,1,141689.0,0
2025,15605453,Chu,546,France,Male,56,1,0.0,1,1,0,35131.78,1
2025,15604348,Moreno,693,France,Male,29,3,144302.33,1,1,0,177672.98,0
2025,15604561,Navarro,687,Spain,Male,37,5,0.0,2,0,1,48368.51,0
2025,15601314,Wolf,684,France,Female,51,0,0.0,2,0,1,57324.83,0
2025,15604768,Hargrave,692,Germany,Male,38,6,133346.86,1,1,1,98167.25,0
2025,15602616,Schwarz,724,Germany,Male,45,1,86941.89,1,1,0,19115.47,1
2025,15601278,Martin,607,Germany,Male,51,6,88415.8,2,1,0,197186.24,1
2025,15603105,Schulz,559,France,Female,54,0,0.0,1,0,1,133441.1,0
2025,15606337,Weber,676,France,Female,42,8,79107.18,1,1,0,119464.94,1
2025,15603549,Moreau,727,Germany,Female,37,9,139115.87,2,1,1,112808.16,0
2025,15607029,Weber,627,France,Male,45,3,118670.06,1,1,1,194140.31,1
2025,15603416,Alvarez,442,France,Female,37,7,0.0,1,1,1,58436.19,0
2025,15607429,Onio,519,France,Female,26,8,82147.4,1,0,1,147644.61,0
2025,15609873,Diaz,695,France,Male,37,6,0.0,2,0,0,87690.68,0
2025,15601912,Torres,567,Spain,Female,58,7,126159.17,2,0,1,34851.2,0
2025,15605406,Alvarez,720,France,Male,53,4,123238.25,1,1,0,85886.32,0
2025,15600356,Simon,741,Germany,Female,35,0,15000.0,1,1,0,36114.74,0
2025,15609058,Alvarez,598,Spain,Female,18,1,0.0,2,1,1,179485.53,0
2025,15604316,Schmidt,580,Germany,Male,34,8,74936.74,1,1,1,107966.84,0
2025,15600180,Michel,826,Spain,Female,38,1,0.0,2,1,0,57779.38,0
2025,15607187,Muller,533,Germany,Female,39,4,90209.53,2,1,1,96992.68,0
2025,15600016,Michel,519,Germany,Female,44,10,83083.48,1,0,1,106588.8,1
2025,15609905,Alvarez,539,France,Female,64,5,0.0,2,1,0,82919.85,1
2025,15605537,Michel,670,France,Female,49,4,0.0,1,1,0,155251.37,1
2025,15607495,Becker,610,Germany,Female,48,1,97013.46,2,0,1,142895.85,1
2025,15605758,Meyer,561,France,Female,33,7,117217.95,2,1,1,83496.45,0
2025,15607559,Schneider,649,France,Male,43,6,0.0,2,1,0,121752.62,0
2025,15600149,Neumann,552,Spain,Male,18,10,128115.27,1,0,0,100739.99,0
2025,15609768,Sanchez,558,France,Female,49,1,0.0,1,1,1,176833.91,0
2025,15605187,Braun,609,Germany,Female,46,10,70662.02,2,0,1,52322.83,1
2025,15600543,Richter,600,France,Female,44,10,170591.7,2,0,0,194371.92,0
2025,15607710,Hoffmann,665,France,Female,40,10,161006.17,1,1,0,93226.5,0
2025,15603402,Sanchez,498,France,Female,38,3,164408.24,2,1,0,134461.06,0
2025,15600402,Petit,630,Spain,Female,46,5,77326.95,1,0,1,171744.9,0
2025,15600586,Schwarz,605,France,Male,32,0,0.0,2,1,1,146193.2,0
2025,15601340,Hernandez,661,France,Male,35,9,117880.41,2,1,0,107956.72,0
2025,15601271,Chu,472,Germany,Female,45,4,180909.19,2,1,1,93447.29,1
2025,15609691,Garcia,709,France,Male,56,8,0.0,2,1,0,39803.36,0
2025,15603000,Lefebvre,786,France,Male,47,7,0.0,1,1,0,182102.75,0
2025,15609796,Martin,658,France,Female,33,2,0.0,2,1,0,109316.99,0
2025,15605858,Becker,724,France,Male,54,8,0.0,1,1,0,44456.11,0
2025,15606525,Fischer,551,Germany,Male,35,10,90734.89,1,1,0,118448.52,0
2025,15606860,Thomas,676,France,Male,36,5,88636.42,2,1,0,159178.04,0
2025,15604169,He,649,France,Female,47,4,0.0,2,0,0,75713.72,0
2025,15603835,Leroy,481,Spain,Male,31,5,0.0,1,1,1,166338.89,0
2025,15603364,Bauer,508,Germany,Male,26,1,133219.57,1,0,1,115171.97,0
2025,15607378,Jimenez,816,France,Female,46,5,0.0,2,0,0,43218.47,0
2025,15601817,Mitchell,653,France,Female,35,5,143843.61,2,1,0,125007.61,0
2025,15600379,Hoffmann,618,France,Female,27,5,0.0,2,1,0,45455.98,0
2025,15606490,Perez,617,Spain,Female,48,3,144199.81,2,0,0,93019.91,0
2025,15608188,Meyer,555,Germany,Male,47,4,116941.22,2,1,1,135722.49,1
2025,15608987,Moreau,754,Germany,Male,25,9,124257.31,2,0,1,174834.2,0
2025,15608763,Thomas,667,Germany,Male,39,2,106656.51,1,1,1,154630.38,0
2025,15605811,Bartlett,593,France,Male,37,9,120673.61,2,1,0,50950.8,0
2025,15609985,Schröder,756,France,Male,60,0,0.0,2,0,0,138737.6,0
2025,15608549,Romero,615,Spain,Male,28,0,126798.17,3,1,0,17243.16,0
2025,15609396,Boni,588,France,Male,24,6,157765.9,1,0,0,50132.47,0
2025,15601239,Hargrave,722,Spain,Male,40,1,0.0,3,1,1,129958.04,0
2025,15601851,Bernard,692,Germany,Male,22,1,127746.6,2,0,0,128095.32,0
2025,15608933,He,550,France,Female,39,9,0.0,2,0,0,67499.52,0
2025,15608097,Schneider,845,France,Male,42,1,0.0,2,1,1,179830.84,0
2025,15602035,Lefebvre,593,Spain,Female,32,9,0.0,2,0,0,180023.3,0
2025,15606994,Bernard,450,France,Male,51,5,0.0,1,1,0,15505.28,0
2025,15609550,Romero,780,Spain,Male,31,8,141811.33,2,0,1,161897.44,0
2025,15601112,Wolf,542,France,Female,23,5,0.0,3,1,0,49960.51,0
2025,15600129,Mitchell,602,Spain,Male,31,10,80702.54,1,1,0,48921.82,0
2025,15602907,Dupont,571,Germany,Female,28,6,131741.17,1,1,0,196955.02,1
2025,15606301,Schröder,560,Spain,Female,18,8,107421.74,1,1,1,59481.5,0
2025,15609850,Mitchell,581,Spain,Male,27,2,0.0,2,1,0,101973.03,0
2025,15606962,Krüger,674,France,Male,50,1,0.0,1,1,0,117705.58,0
2025,15603078,Schwarz,537,France,Male,42,8,0.0,1,0,0,76324.24,0
2025,15600478,Gomez,690,France,Female,41,6,0.0,2,1,0,107794.04,0
2025,15606729,Schmidt,642,Germany,Male,23,10,119368.23,1,0,1,71818.19,0
2025,15600767,Rodriguez,850,Germany,Female,34,1,145348.74,1,1,1,192578.96,0
2025,15604528,Krüger,721,France,Female,26,10,0.0,1,1,1,163198.78,0
2025,15603488,Dupont,706,Spain,Female,37,0,109725.98,1,1,0,35025.79,0
2025,15607006,Weber,428,Spain,Male,18,10,0.0,1,1,1,195653.99,1
2025,15600679,Meyer,628,France,Male,33,6,138648.43,2,1,0,132955.63,0
2025,15602188,Moreau,628,France,Female,47,6,128801.9,2,1,0,20598.73,0
2025,15609356,Neumann,752,Germany,Male,25,5,100988.66,2,1,0,181675.69,0
2025,15603902,Perez,586,France,Male,41,2,0.0,1,1,1,105365.71,0
2025,15607068,Martin,850,Spain,Female,46,9,0.0,2,1,1,175153.44,0
2025,15600127,Smith,527,France,Female,34,5,0.0,1,1,1,36168.3,0
2025,15601148,Bernard,669,Germany,Female,27,10,100917.7,1,1,0,127271.48,0
2025,15606167,Schäfer,541,Spain,Female,41,3,59647.72,1,1,1,103221.86,0
2025,15600271,Rodriguez,657,France,Female,28,5,0.0,1,0,1,22415.08,1
2025,15609053,Garcia,488,France,Female,47,2,0.0,1,1,1,176235.96,1
2025,15606909,Navarro,683,France,Male,43,7,160890.92,1,0,0,85905.25,0
2025,15606749,Bauer,671,Germany,Male,27,2,115974.24,1,1,1,158157.39,0
2025,15602365,Lefebvre,589,France,Male,21,9,58128.75,2,1,0,106145.62,0
2025,15609383,Schulz,695,France,Female,46,0,78886.9,2,1,1,28078.57,0
2025,15604068,Richter,644,Spain,Male,33,5,105984.0,2,1,0,26285.47,0
2025,15606702,Lefebvre,580,France,Male,49,6,98506.16,2,1,1,68405.25,0
2025,15602274,Klein,556,France,Female,31,9,0.0,1,1,1,113579.0,0
2025,15605242,Martinez,565,Germany,Male,39,5,153180.2,1,1,1,86609.31,0
2025,15606354,Ruiz,604,France,Male,37,6,81759.87,2,1,0,97720.42,0
2025,15608111,Romero,788,Spain,Male,41,7,196600.3,2,1,0,63027.75,0
2025,15602314,Klein,758,Spain,Male,33,4,97184.74,1,0,1,91275.39,1
2025,15601226,Hernandez,757,Germany,Female,38,1,108071.57,1,1,1,93700.81,0
2025,15606855,Hoffmann,641,France,Male,27,4,0.0,1,0,0,56047.22,0
2025,15609940,Schmidt,694,Germany,Male,42,6,111650.65,1,0,1,50588.34,1
2025,15605832,Alonso,481,France,Female,44,7,102341.27,1,1,1,131580.93,0
2025,15603165,Laurent,542,France,Female,34,4,0.0,1,0,0,30604.19,1
2025,15604361,Alonso,654,France,Male,38,5,143410.06,2,1,0,29875.06,0
2025,15605946,Braun,737,France,Female,33,2,109824.36,1,1,1,39246.54,0
2025,15606579,Bartlett,583,France,Female,35,0,0.0,1,1,1,167439.11,0
2025,15607997,Gomez,771,Germany,Female,30,3,96638.56,1,1,1,55338.41,1
2025,15607990,Martin,596,Germany,Female,18,3,122303.87,2,1,1,85422.59,0
2025,15600636,Garcia,617,Germany,Male,32,4,152072.8,1,1,1,57508.55,0
2025,15608145,Chidiebere,704,France,Male,21,10,0.0,2,1,1,16477.31,0
2025,15607300,Weber,725,France,Male,44,7,0.0,2,1,0,179209.04,0
2025,15606578,Munoz,717,Germany,Female,42,3,117302.14,1,0,0,51227.79,1
2025,15606967,Chu,710,Spain,Male,45,4,148814.33,2,0,0,117618.14,0
2025,15601943,Klein,646,Spain,Female,36,7,163382.28,1,0,1,50550.69,0
2025,15604220,Schwarz,636,France,Female,39,5,0.0,2,1,1,52279.05,0
2025,15607915,Petit,627,France,Male,34,8,133850.39,1,1,1,62944.84,0
2025,15605376,Fischer,642,Germany,Female,43,2,93328.75,2,1,1,98745.78,1
2025,15608352,Bauer,698,France,Female,50,1,75236.62,2,0,1,99980.38,0
2025,15605808,Bartlett,504,France,Male,46,10,108765.73,2,0,1,102963.51,0
2025,15600719,Petit,690,Germany,Female,41,0,116168.44,1,1,0,41991.61,1
2025,15600119,Leroy,568,Spain,Female,23,6,0.0,2,0,1,26420.11,0
2025,15605397,Mitchell,595,Spain,Female,43,2,96597.72,1,0,1,31670.19,0
2025,15604707,Petit,653,Germany,Female,43,9,117278.29,1,1,1,177264.22,1
2025,15604590,Romero,568,France,Female,35,7,78663.75,1,1,1,59087.21,0
2025,15608868,Gutierrez,721,Spain,Male,18,3,0.0,1,1,1,199445.3,0
2025,15608757,Neumann,625,France,Male,43,6,149360.0,1,0,0,171860.91,0
2025,15601365,Fischer,630,France,Male,38,9,0.0,1,1,1,164197.63,0
2025,15602809,Gutierrez,501,France,Female,49,4,0.0,1,1,1,180008.8,0
2025,15600466,Muller,673,France,Male,50,7,64607.86,2,1,0,197978.56,0
2025,15608417,Gomez,651,Spain,Female,49,2,164527.6,2,0,0,148882.89,0
2025,15603141,Neumann,757,France,Male,41,8,0.0,3,0,0,29915.19,0
2025,15601326,Meyer,821,Spain,Male,41,0,98356.66,1,1,1,43629.06,0
2025,15605953,Perez,637,Spain,Female,47,9,0.0,1,1,1,143710.12,0
2025,15604149,Durand,730,France,Female,49,3,0.0,1,1,0,119909.12,0
2025,15606283,Leroy,350,Germany,Male,38,10,133339.5,1,0,0,158458.89,0
2025,15609271,Krüger,613,France,Male,52,5,117297.47,1,0,0,190570.69,0
2025,15606187,Moreno,776,Spain,Male,24,7,0.0,2,1,1,180337.15,0
2025,15601042,Schäfer,739,France,Male,51,8,0.0,1,0,0,157303.14,0
2025,15601153,Becker,753,Germany,Male,18,1,114195.44,3,1,0,89898.6,0
2025,15607289,Alonso,449,Germany,Male,26,9,78864.91,2,1,0,36203.21,0
2025,15600824,Hernandez,774,Germany,Male,43,4,75881.86,1,1,0,47449.42,1
2025,15607370,Robert,561,France,Female,44,1,0.0,1,1,0,38103.72,1
2025,15603796,Leroy,543,Germany,Female,23,9,130436.55,2,1,0,139670.37,1
2025,15604994,Garcia,597,France,Female,34,10,0.0,2,1,0,72116.31,0
2025,15607471,Laurent,663,France,Male,47,5,0.0,1,1,0,197093.68,0
2025,15608419,Michel,663,France,Female,52,10,134612.64,2,1,0,47163.28,0
2025,15608637,Hoffmann,784,Germany,Male,23,3,121596.07,1,0,1,30472.95,0
2025,15607262,Krüger,788,Germany,Female,37,8,112822.87,1,0,0,147908.13,1
2025,15607897,Chu,614,France,Male,49,10,62173.75,1,1,0,194652.67,0
2025,15606403,Durand,585,France,Female,34,4,0.0,2,1,1,184922.62,0
2025,15607931,Garcia,622,Spain,Female,31,1,0.0,1,1,1,53038.19,0
2025,15608033,Richter,474,Spain,Male,43,1,0.0,2,1,1,153049.31,0
2025,15605259,Martinez,567,Spain,Female,26,9,0.0,1,1,0,95699.74,0
2025,15609233,Wagner,684,France,Female,43,6,0.0,1,1,0,132523.83,0
2025,15600483,Hoffmann,664,France,Male,23,7,90838.81,1,0,1,165926.68,0
2025,15607333,Romero,735,France,Female,37,0,0.0,2,1,1,54454.62,0
2025,15603634,Perez,468,France,Male,43,7,0.0,1,1,0,20909.1,0
2025,15606419,Sanchez,652,France,Male,24,6,0.0,2,1,1,132801.89,0
2025,15605429,Schwarz,683,France,Female,53,6,0.0,1,0,1,187360.57,0
2025,15609528,Gutierrez,493,Germany,Female,25,7,89261.65,2,1,0,119359.49,0
2025,15608368,Perez,712,France,Male,42,8,0.0,1,0,0,93071.79,0
2025,15601189,Munoz,743,Germany,Female,53,5,113857.15,2,1,0,126913.75,1
2025,15607955,Bernard,666,Germany,Male,57,9,89661.01,1,1,0,62575.76,1
2025,15600953,Laurent,602,Germany,Male,36,4,139974.95,2,1,1,183028.1,0
2025,15604857,Hernandez,746,Germany,Male,41,6,159657.79,2,0,1,16268.88,1
2025,15603374,Navarro,819,France,Male,22,0,0.0,1,1,1,164566.16,0
2025,15602017,Bartlett,664,Spain,Male,32,9,0.0,1,1,0,85093.84,0
2025,15603297,Dupont,562,Germany,Female,19,3,124106.67,1,0,1,148014.09,0
2025,15608969,He,601,France,Male,36,9,0.0,1,0,1,15392.19,0
2025,15608386,Alonso,737,France,Male,45,10,64303.92,1,1,1,34044.16,0
2025,15604251,Moreau,695,Germany,Female,21,5,75930.6,1,0,1,186370.07,0
2025,15606834,Dubois,707,Spain,Female,63,10,166481.4,2,1,0,17988.16,0
2025,15608139,Simon,524,Spain,Male,36,1,0.0,1,1,0,135681.39,0
2025,15602516,Chu,713,France,Male,19,4,81286.35,1,1,1,177979.92,0
2025,15605990,Laurent,666,France,Male,56,10,0.0,2,0,0,31095.82,0
2025,15601449,Robert,684,Spain,Female,33,6,148743.03,2,0,1,186436.81,0
2025,15603701,Schwarz,555,France,Female,39,0,0.0,2,0,0,178591.38,0
2025,15602355,Richter,629,Spain,Male,51,5,0.0,2,1,1,68825.7,0
2025,15606681,He,793,Germany,Male,25,7,173657.01,2,1,1,196151.53,0
2025,15609650,Richard,713,France,Female,49,4,125472.29,1,1,1,70947.59,0
2025,15601296,Boni,704,Germany,Male,30,8,145577.3,2,1,0,54755.62,0
2025,15602493,Muller,582,France,Male,39,8,0.0,1,0,0,190126.84,0
2025,15605316,Bartlett,565,Spain,Male,34,9,152640.29,1,1,1,44659.58,0
2025,15601176,Garcia,850,Spain,Male,58,10,0.0,1,0,0,68908.21,0
2025,15602895,Hargrave,525,France,Female,52,8,144564.24,1,0,0,42311.66,0
2025,15602477,Hoffmann,734,France,Male,42,4,52384.37,2,1,1,197133.76,0
2025,15603532,Gomez,487,France,Female,35,1,0.0,1,0,0,42741.32,0
2025,15602965,Hoffmann,611,France,Female,44,3,0.0,2,1,0,156323.66,0
2025,15605613,Lefebvre,639,France,Female,43,7,0.0,1,1,0,32435.11,1
2025,15606584,Martin,731,France,Female,41,9,138698.25,1,1,0,79830.0,0
2025,15605690,Romero,775,France,Female,34,5,182910.95,2,0,1,66724.8,0
2025,15606458,Laurent,692,Spain,Female,42,8,146188.85,3,1,0,187686.11,0
2025,15602988,Alonso,753,Germany,Male,38,9,91709.58,2,1,1,32346.19,0
2025,15605173,Gutierrez,761,Spain,Female,22,9,0.0,1,1,1,121320.55,1
2025,15603415,Dubois,685,Spain,Male,29,4,130122.19,1,1,0,127292.66,1
2025,15609786,Krüger,613,France,Male,28,0,92877.43,2,0,1,80543.31,0
2025,15603491,Schmidt,601,France,Male,28,10,170650.7,1,1,1,43208.44,0
2025,15603667,Michel,713,Germany,Female,23,4,110559.55,3,0,0,81826.31,1
2025,15606795,Dupont,560,Spain,Female,25,7,120473.33,1,1,0,190090.31,0
2025,15605338,Martinez,673,Germany,Male,53,3,90188.39,1,1,0,139676.77,1
2025,15602148,He,818,France,Female,61,10,82730.84,2,1,0,99961.4,0
2025,15603719,Smith,638,France,Female,35,1,0.0,1,1,1,22021.36,1
2025,15602158,Wagner,769,France,Female,40,1,159131.23,1,0,1,152864.18,0
2025,15604902,Schmidt,698,Germany,Female,33,0,100483.54,2,1,1,157543.04,0
2025,15606053,Jimenez,659,France,Male,40,4,0.0,2,0,0,176518.9,0
2025,15606264,Weber,711,France,Male,27,2,0.0,1,1,1,198602.14,0
2025,15605998,Bartlett,733,Germany,Male,23,0,178698.04,2,1,1,181511.97,0
2025,15604836,Fischer,629,France,Male,34,5,101104.59,1,1,0,115754.58,0
2025,15601928,Diaz,572,Spain,Male,33,2,0.0,2,1,0,170842.49,0
2025,15608680,Meyer,691,Germany,Male,29,10,108823.8,1,0,0,132550.55,0
2025,15605920,Martin,585,France,Female,41,10,0.0,2,0,1,198611.83,0
2025,15606156,Dominguez,825,Germany,Female,40,4,99636.02,2,0,0,186185.41,0
2025,15601750,Simon,750,France,Female,26,4,158911.59,2,0,0,175434.38,0
2025,15607230,Schwarz,730,France,Male,32,1,0.0,1,0,0,176708.39,0
2025,15603521,Laurent,510,France,Female,41,7,0.0,1,0,1,103037.69,0
2025,15604072,Meyer,684,France,Male,19,10,0.0,2,1,0,42712.54,0
2025,15601509,Schröder,666,Spain,Female,46,4,119510.41,2,0,1,103253.61,0
2025,15601322,Dupont,622,France,Female,42,0,161238.11,1,1,1,143627.53,0
2025,15604932,Leroy,625,Germany,Female,38,0,133240.88,2,1,0,167542.48,0
2025,15603147,Dupont,638,France,Male,46,3,165964.31,2,1,1,144369.8,0
2025,15608204,Wolf,549,France,Female,35,6,124173.54,2,1,0,73587.78,0
2025,15605795,Klein,748,Germany,Male,38,1,182186.39,1,1,1,107689.76,0
2025,15606470,Bernard,781,France,Male,40,4,76343.13,2,1,1,38949.48,0
2025,15607808,Garcia,645,Spain,Female,35,1,0.0,1,0,1,184623.09,0
2025,15603069,Moreno,479,France,Female,31,8,0.0,2,0,1,61599.41,0
2025,15601865,Gomez,585,Germany,Female,48,2,91899.89,1,1,0,198409.74,1
2025,15605902,Hoffmann,512,Spain,Female,26,4,90449.96,1,0,1,67980.69,0
2025,15606652,Gutierrez,697,France,Male,22,2,0.0,2,1,1,136604.87,0
2025,15603224,Torres,585,France,Female,36,0,0.0,3,1,0,39498.55,1
2025,15608979,Dupont,468,France,Female,22,5,0.0,1,1,1,180137.08,0
2025,15605828,Schulz,650,Germany,Male,44,4,194012.04,3,0,1,48676.86,1
2025,15602866,Laurent,850,France,Female,37,3,128493.65,2,0,1,66529.22,0
2025,15607290,Richter,788,France,Male,43,6,0.0,1,0,0,136167.91,0
2025,15609590,Klein,705,Spain,Female,37,0,129587.81,2,1,0,113753.82,0
2025,15609445,Durand,619,Spain,Male,41,9,0.0,3,0,0,148179.53,1
2025,15605993,Romero,685,Spain,Male,34,10,0.0,1,1,0,127867.41,0
2025,15602752,Martin,542,France,Male,30,10,0.0,1,1,0,151589.44,0
2025,15609520,Diaz,621,France,Male,41,10,0.0,1,1,1,12390.45,1
2025,15600730,Lefebvre,724,France,Female,42,0,45154.02,2,1,0,154949.45,0
2025,15604157,Torres,645,France,Female,38,8,79664.7,1,1,1,169411.78,0
2025,15605819,Klein,509,France,Female,44,7,98742.54,2,1,0,197087.11,1
2025,15604515,Ruiz,472,Spain,Male,38,2,0.0,1,1,0,78390.99,0
2025,15604261,Schulz,686,France,Male,29,8,0.0,1,0,1,106279.08,0
2025,15606085,Wagner,693,France,Male,40,8,0.0,1,1,1,37346.12,0
2025,15607485,Obinna,667,France,Male,49,5,104738.83,1,1,0,152576.2,0
2025,15606441,Hernandez,666,France,Male,72,3,100090.85,2,1,0,160891.62,0
2025,15608202,Krüger,456,France,Male,38,3,124889.48,2,1,1,87339.06,0
2025,15602732,Bauer,629,Spain,Female,43,10,122517.83,1,0,0,146816.24,1
2025,15605642,Torres,588,France,Female,46,7,33850.32,2,1,0,119394.15,0
2025,15600595,Schneider,571,France,Male,36,6,0.0,1,1,1,77241.1,0
2025,15600150,Bartlett,575,France,Female,28,4,0.0,2,1,0,58571.13,0
2025,15609202,Dominguez,777,Germany,Female,25,6,144932.07,1,1,1,12254.85,0
2025,15602675,Alvarez,605,Spain,Male,55,0,0.0,2,1,0,79581.97,0
2025,15600225,Braun,517,France,Female,40,10,158909.29,1,0,1,102305.54,0
2025,15605860,He,685,France,Female,27,3,165260.44,2,1,0,28214.87,0
2025,15609274,Diaz,739,France,Female,39,10,121309.1,2,0,0,89019.59,0
2025,15609239,Zimmermann,784,Spain,Female,21,5,100075.18,2,0,1,70930.45,0
2025,15600850,Hoffmann,502,France,Male,30,7,0.0,1,1,1,120372.39,0
2025,15602283,Ruiz,675,France,Male,29,8,0.0,3,0,0,21728.85,0
2025,15609452,Hoffmann,492,Germany,Male,46,2,121517.6,2,1,0,113233.39,1
2025,15604067,Schulz,580,Germany,Male,45,1,104309.21,1,0,0,52264.98,1
2025,15609945,Richard,788,Spain,Female,46,9,127924.45,1,0,1,11604.41,0
2025,15605100,Navarro,722,Spain,Male,40,8,122754.02,1,1,1,44415.12,0
2025,15601002,Rodriguez,626,France,Female,36,4,96606.5,2,1,0,167940.9,0
2025,15607680,Chidiebere,850,Germany,Female,25,0,121347.43,1,0,1,144740.41,0
2025,15602458,Zimmermann,688,Spain,Female,40,1,153657.19,2,1,0,29254.87,0
2025,15602462,Schäfer,543,Germany,Male,22,7,126724.34,1,1,0,162372.48,0
2025,15603478,Hoffmann,569,France,Female,61,1,0.0,3,1,0,164829.8,1
2025,15605915,Bartlett,759,France,Male,43,2,0.0,2,0,1,174644.33,0
2025,15609993,Torres,612,France,Male,45,7,0.0,1,0,1,184651.31,0
2025,15608841,Bernard,506,Germany,Female,50,9,132817.65,2,1,0,24564.46,1
2025,15601948,Krüger,661,Spain,Male,21,9,0.0,2,0,1,108450.76,0
2025,15603323,He,581,France,Male,37,1,139264.68,2,0,1,44099.89,0
2025,15602411,Robert,648,France,Male,44,9,75454.83,1,1,1,176124.98,1
2025,15609112,Robert,646,Spain,Female,32,6,0.0,1,1,1,150376.04,0
2025,15600974,Smith,818,Spain,Male,45,4,34906.89,1,1,0,127360.8,0
2025,15602021,Hargrave,696,Spain,Female,45,2,0.0,1,1,1,135298.24,0
2025,15604384,Martin,754,Germany,Male,50,3,129690.94,1,1,0,131139.36,1
2025,15600023,Schmidt,696,Spain,Female,23,7,0.0,2,1,1,102947.27,1
2025,15606364,Moreau,721,Germany,Female,43,6,97731.51,1,1,0,89309.51,1
2025,15608477,Becker,493,France,Female,20,9,138503.63,2,1,0,17897.04,0
2025,15607131,Wolf,622,France,Female,45,4,67621.43,3,1,0,149252.63,0
2025,15603940,Romero,759,France,Male,49,10,0.0,1,1,1,151812.18,0
2025,15600050,Durand,657,Germany,Male,33,2,137455.27,1,1,0,111516.02,0
2025,15601036,Wolf,495,Spain,Male,40,6,81292.56,1,1,1,179524.07,1
2025,15607981,Boni,620,France,Female,48,5,145166.44,1,0,0,115095.04,0
2025,15602550,Lefebvre,572,France,Female,41,3,0.0,1,1,1,35176.13,0
2025,15608062,Meyer,566,Spain,Male,34,10,0.0,1,0,1,142969.56,0
2025,15607054,Garcia,578,France,Male,28,9,0.0,1,1,0,28866.74,0
2025,15608409,Muller,670,France,Female,38,10,0.0,1,1,1,61932.05,0
2025,15608066,Garcia,532,France,Male,37,0,74868.03,1,1,0,177292.44,0
2025,15605600,Navarro,516,Spain,Male,27,2,0.0,2,1,0,124683.83,0
2025,15608463,Obinna,644,France,Male,46,0,0.0,1,1,1,81263.36,0
2025,15609737,Jimenez,565,France,Male,29,10,92804.66,1,1,1,149951.87,0
2025,15609868,Dupont,693,France,Female,38,3,71224.97,1,0,0,198575.35,0
2025,15607087,Perez,463,Spain,Male,48,2,143382.15,4,1,1,31283.29,0
2025,15604382,Schröder,668,Germany,Male,35,1,59079.11,1,1,0,141200.12,0
2025,15607302,Diaz,601,Spain,Male,45,7,0.0,2,1,1,73849.26,0
2025,15601261,Richter,590,Spain,Female,57,7,66134.73,1,0,1,75516.45,0
2025,15601718,Gomez,606,France,Female,50,9,0.0,1,0,1,110081.73,0
2025,15605901,Navarro,739,France,Male,28,7,64963.74,2,1,1,151372.86,0
2025,15607072,Lefebvre,662,France,Female,63,0,0.0,2,0,0,150264.3,0
2025,15609946,Alvarez,588,Spain,Female,30,3,0.0,2,1,1,43385.08,0
2025,15603363,Hernandez,625,France,Male,39,3,108694.76,1,1,1,49185.4,0
2025,15604491,Weber,602,France,Female,32,5,0.0,1,1,1,104139.67,0
2025,15600664,He,627,France,Female,31,9,0.0,2,1,0,25926.74,1
2025,15608822,Romero,781,Spain,Female,53,2,0.0,1,0,1,90660.75,0
2025,15602701,Simon,549,Spain,Female,38,9,109308.88,2,1,0,147246.15,0
2025,15608603,Jimenez,605,France,Male,39,3,0.0,1,1,0,93521.05,0
2025,15606804,Alonso,616,France,Female,35,10,0.0,2,1,0,85198.9,0
2025,15600699,Gomez,681,France,Female,31,1,136567.89,2,0,1,193219.25,0
2025,15608178,Bernard,693,France,Female,35,0,59969.99,2,1,1,140100.85,0
2025,15604432,Moreno,595,Spain,Female,29,5,0.0,1,0,0,149588.57,0
2025,15607989,Neumann,594,Spain,Female,27,10,0.0,1,0,1,10755.51,0
2025,15609689,Munoz,805,Spain,Male,35,7,163107.45,2,0,0,160373.28,0
2025,15601551,Schröder,790,France,Female,40,5,0.0,2,0,0,47402.06,0
2025,15600654,Alonso,707,France,Male,23,7,158921.36,1,0,1,96731.89,0
2025,15609131,Wagner,521,France,Male,31,0,97275.6,1,1,1,87853.81,0
2025,15607838,Laurent,692,France,Male,38,1,137824.86,1,1,1,138130.56,0
2025,15605954,Simon,584,Germany,Male,38,9,126727.51,1,0,0,140415.7,1
2025,15609400,Neumann,557,France,Female,43,1,181553.55,2,1,0,100583.47,0
2025,15601573,Schröder,473,Germany,Male,31,9,59536.88,1,1,1,171055.91,0
2025,15602897,Koch,608,Germany,Male,38,0,105690.22,2,1,1,170017.01,0
2025,15607097,Bernard,668,France,Female,29,10,116583.31,2,0,1,92932.02,0
2025,15605734,Smith,764,France,Male,42,9,116852.81,1,1,1,55464.99,0
2025,15601486,Klein,722,Germany,Female,56,5,64393.58,1,1,1,108548.33,1
2025,15607927,Becker,490,Spain,Female,39,3,93274.3,1,1,0,57848.21,0
2025,15605193,Weber,633,France,Female,18,4,0.0,2,1,1,86427.79,0
2025,15608920,Hernandez,574,Spain,Female,29,5,0.0,2,1,0,67867.67,0
2025,15600467,Thomas,719,France,Male,29,9,101092.18,1,1,1,113227.16,0
2025,15600373,Bauer,612,France,Female,39,1,0.0,1,0,1,20238.46,0
2025,15600506,Meyer,617,France,Female,28,3,95790.6,2,1,0,24860.4,0
2025,15607954,Petit,709,France,Female,19,10,0.0,2,1,1,157541.74,0
2025,15605388,Dubois,850,Germany,Male,34,6,135024.07,2,0,0,176572.77,0
2025,15604791,Bartlett,572,Spain,Male,41,7,206716.02,1,1,0,16359.61,0
2025,15607012,Lopez,770,France,Male,51,1,121725.48,1,1,0,16682.92,0
2025,15608762,Alvarez,647,Germany,Male,23,7,126232.09,1,0,1,192319.58,1
2025,15602656,Smith,486,Germany,Female,52,5,179738.31,2,1,0,104692.41,1
2025,15607160,Koch,783,Germany,Male,31,10,175481.96,2,1,0,77548.64,0
2025,15604317,Richter,563,France,Female,32,9,66228.66,2,0,0,182500.16,0
2025,15604195,Michel,720,Germany,Male,37,10,124632.26,2,0,0,48801.74,0
2025,15600369,Wolf,501,Germany,Male,51,8,204236.49,2,1,1,53505.55,1
2025,15608814,Alvarez,600,France,Female,47,2,0.0,1,0,1,94166.25,0
2025,15606733,Dupont,676,Spain,Female,28,4,167091.91,1,1,0,129783.93,0
2025,15603599,Chidiebere,702,Spain,Male,18,10,111518.36,1,0,1,191813.4,0
2025,15604013,Schneider,521,France,Male,29,6,0.0,2,0,1,67004.05,0
2025,15608302,He,609,Spain,Male,44,3,108568.81,2,1,0,67792.24,0
2025,15604575,Gutierrez,772,France,Male,66,0,0.0,2,1,1,19069.25,0
2025,15600102,Durand,586,France,Male,41,4,0.0,1,1,1,24748.61,0
2025,15607458,Robert,615,France,Female,35,8,44907.4,1,1,1,177650.78,0
2025,15607693,Jimenez,670,Germany,Male,34,0,105041.47,2,1,1,60837.61,0
2025,15607780,Smith,785,Germany,Male,28,0,115781.71,2,1,1,62033.24,0
2025,15601610,Gomez,539,Germany,Male,31,10,97828.39,3,1,0,84512.1,1
2025,15600554,Gomez,454,France,Female,49,8,71931.66,1,0,0,93923.06,1
2025,15607115,Hoffmann,697,France,Male,44,1,106883.68,2,1,0,175634.16,0
2025,15608103,Wolf,842,France,Male,39,7,131452.27,1,0,0,149946.35,0
2025,15606646,Leroy,651,France,Male,37,0,0.0,2,1,0,89808.44,0
2025,15603189,Martin,712,France,Male,43,9,0.0,2,1,0,149190.93,0
2025,15600736,Neumann,578,France,Female,34,0,0.0,2,1,0,186980.86,0
2025,15605059,Boni,505,Germany,Female,20,7,179065.62,2,0,1,101981.18,0
2025,15609733,Dominguez,584,Spain,Female,34,6,0.0,1,1,1,38518.23,0
2025,15604733,Schäfer,715,France,Female,47,4,97980.03,2,1,0,69888.02,0
2025,15609129,Schulz,563,France,Female,24,6,0.0,1,1,1,91409.41,0
2025,15607243,Robert,590,Spain,Male,63,0,0.0,1,1,0,110353.73,0
2025,15604153,Perez,740,France,Male,26,6,85308.07,2,1,0,159894.45,0
2025,15609942,Simon,685,France,Female,49,6,123797.57,1,1,0,75644.6,1
2025,15600582,Hoffmann,799,France,Male,26,6,0.0,2,1,1,163571.09,0
2025,15602117,Martinez,699,France,Male,40,2,0.0,2,1,0,58573.8,0
2025,15606766,Fischer,786,France,Female,41,9,137953.86,2,0,1,84976.04,0
2025,15608819,Robert,666,France,Male,43,0,0.0,1,0,1,157021.98,0
2025,15607793,Schulz,619,Germany,Female,36,1,128886.14,2,1,0,105261.71,0
2025,15601205,Garcia,647,France,Female,35,10,0.0,3,1,1,144745.25,1
2025,15605380,Gomez,577,Spain,Male,28,1,110415.6,1,1,0,166526.99,0
2025,15604286,Smith,721,France,Male,39,5,126162.89,2,1,1,155440.99,0
2025,15609574,Schwarz,749,France,Female,54,4,171944.24,2,0,1,157208.06,0
2025,15601171,Boni,737,Germany,Male,33,10,155447.98,2,0,0,176535.3,0
2025,15607077,Onio,599,Spain,Female,38,8,118397.28,2,1,0,81194.4,0
2025,15606415,Martin,835,Spain,Female,37,9,120073.3,1,0,0,94479.63,1
2025,15601247,Richard,670,France,Female,45,10,0.0,3,0,1,16486.79,1
2025,15609160,Hill,581,France,Male,37,7,41170.07,2,0,0,155157.06,0
2025,15601800,Rodriguez,687,Spain,Male,35,5,0.0,2,1,0,32233.04,0
2025,15601192,Chidiebere,736,France,Male,41,0,0.0,1,0,0,139975.07,0
2025,15604053,Gutierrez,711,Germany,Male,35,9,133576.8,1,1,1,189332.59,0
2025,15603756,Lefebvre,615,France,Female,38,9,0.0,2,1,0,118643.95,0
2025,15604427,Smith,530,Spain,Female,33,0,0.0,1,1,1,183311.06,0
2025,15605726,Romero,611,Germany,Male,29,1,131186.96,1,1,0,88128.48,1
2025,15608247,He,622,Spain,Male,39,8,170401.4,3,1,0,124214.49,0
2025,15601586,Thomas,721,France,Female,18,8,89418.93,2,0,1,106009.61,0
2025,15602284,Martinez,619,France,Male,37,2,0.0,1,1,0,116330.28,0
2025,15600160,Schmidt,587,Germany,Female,43,8,52380.69,2,1,0,114808.2,1
2025,15609931,Perez,850,France,Female,48,6,0.0,1,1,0,181849.7,0
2025,15601620,Bartlett,564,Germany,Female,29,7,118052.68,1,1,1,15215.27,0
2025,15603665,Bartlett,790,Spain,Female,39,4,0.0,1,1,1,28503.91,0
2025,15602124,Michel,576,Spain,Female,45,6,0.0,1,0,1,197057.13,0
2025,15601006,Neumann,616,Spain,Male,28,7,51576.44,1,1,1,28281.73,0
2025,15600173,Klein,568,France,Male,53,0,62751.54,1,1,0,155726.03,0
2025,15607493,Dominguez,687,Spain,Female,42,6,108146.64,2,0,1,138359.5,0
2025,15608836,Smith,687,France,Male,34,10,0.0,2,1,1,198485.88,0
2025,15601849,Schmidt,625,Spain,Male,39,8,0.0,4,1,1,103246.04,0
2025,15605219,Hill,639,France,Female,44,2,55556.54,1,1,1,70779.15,0
2025,15608991,Schneider,647,France,Male,18,8,0.0,1,1,0,134942.85,0
2025,15600157,Lefebvre,745,Germany,Female,20,0,170246.13,1,1,0,151803.72,0
2025,15603223,Schäfer,551,Germany,Male,50,9,130276.56,2,0,1,186015.69,1
2025,15602884,Martin,683,Spain,Male,35,10,69171.89,1,1,1,27604.78,0
2025,15602627,Munoz,523,France,Female,59,6,125585.96,1,1,1,91357.23,0
2025,15602151,Jimenez,567,Spain,Female,54,10,125256.25,1,1,0,178995.59,0
2025,15602196,Chu,850,France,Female,35,2,0.0,2,1,1,45064.33,0
2025,15603712,Perez,813,Germany,Female,31,6,90377.88,1,1,1,108177.96,0
2025,15606280,Alvarez,604,Germany,Female,43,1,112918.47,1,1,1,91884.95,1
2025,15603041,Schulz,616,Spain,Female,26,4,0.0,3,1,1,42454.05,1
2025,15604818,Garcia,645,France,Female,18,6,50259.5,2,1,0,136593.27,0
2025,15606887,Perez,543,Germany,Female,25,10,108891.71,2,1,1,174398.59,0
2025,15601281,Richter,575,France,Male,48,6,0.0,1,1,0,83124.44,0
2025,15602949,Rodriguez,718,Germany,Female,36,0,131021.91,2,1,1,121155.3,0
2025,15601558,Bernard,817,France,Female,58,3,0.0,1,1,1,156928.0,0
2025,15608659,Bartlett,553,Spain,Male,48,1,0.0,1,0,1,192468.64,0
2025,15606497,Onio,591,France,Female,33,10,0.0,2,1,1,177407.22,0
2025,15602490,Bauer,630,France,Male,55,1,0.0,1,1,1,127542.94,0
2025,15600171,Navarro,850,France,Female,32,1,0.0,1,1,0,133786.33,0
2025,15608166,Moreau,630,Germany,Male,40,7,133480.65,2,0,0,111668.68,0
2025,15601658,Schwarz,736,Germany,Female,43,2,96716.96,2,0,0,133906.58,1
2025,15601751,Mitchell,564,France,Female,61,4,0.0,1,1,1,137597.69,0
2025,15601010,Martin,466,Germany,Male,37,7,120928.36,1,1,1,145754.45,1
2025,15608777,Schäfer,682,France,Female,19,9,111561.14,1,0,1,133307.7,0
2025,15607180,Alvarez,657,Germany,Female,46,2,145802.85,2,1,0,19960.15,1
2025,15604484,Romero,790,Spain,Male,18,4,81582.97,1,1,1,126769.16,0
2025,15603592,Thomas,719,France,Male,24,9,104502.14,1,1,1,59089.37,0
2025,15608891,Garcia,596,Spain,Female,42,9,117163.21,2,1,1,146265.22,0
2025,15601799,Richard,695,Germany,Male,34,0,134931.85,2,1,1,45974.47,0
2025,15600725,Gutierrez,663,Spain,Male,29,9,0.0,2,1,0,117394.13,0
2025,15605627,He,570,Germany,Female,32,4,121364.12,2,1,1,69790.08,0
2025,15604852,Neumann,598,Germany,Male,48,8,133020.58,1,0,1,25254.03,1
2025,15605024,Petit,754,France,Female,41,8,0.0,2,1,0,59726.95,0
2025,15605875,Martin,811,Germany,Female,41,5,95705.29,2,1,0,110011.74,1
2025,15609511,Wagner,603,Spain,Male,36,2,0.0,1,1,0,188264.49,0
2025,15608563,Munoz,709,France,Female,41,4,50278.94,2,1,0,119061.73,0
2025,15600911,Robert,741,Spain,Female,46,5,0.0,1,1,0,24598.75,0
2025,15601691,Onio,704,France,Male,37,5,86545.11,1,1,0,123299.26,0
2025,15601105,Moreau,646,France,Female,47,2,88659.6,1,0,0,31620.35,1
2025,15600061,Simon,688,Spain,Female,33,1,88112.46,1,1,1,114585.3,0
2025,15608370,Smith,653,Germany,Male,34,2,97238.79,1,1,0,46133.06,0
2025,15601673,Perez,688,France,Male,43,9,163671.91,1,0,0,94442.02,0
2025,15609975,Rodriguez,715,France,Male,44,5,0.0,3,0,0,93037.6,0
2025,15605263,Torres,672,France,Female,49,0,104810.63,2,1,1,125336.46,0
2025,15603959,Navarro,642,France,Male,18,6,142003.07,2,1,0,30564.7,0
2025,15607677,Martin,586,Spain,Male,65,10,0.0,1,1,0,25859.57,0
2025,15608342,Hill,619,France,Female,42,5,90482.09,2,1,1,48513.04,0
2025,15607500,Mitchell,691,France,Male,30,6,90400.32,2,0,1,112474.1,0
2025,15607321,Lefebvre,679,France,Female,37,10,68496.59,1,1,1,97714.97,0
2025,15606428,Fischer,799,Germany,Male,37,0,139317.49,1,1,1,18585.75,0
2025,15604974,Obinna,528,Spain,Male,42,0,37354.13,2,1,0,125501.59,0
2025,15603693,Schwarz,437,France,Female,41,9,0.0,1,0,1,144368.22,0
2025,15602660,Becker,688,France,Female,39,9,109327.49,1,1,1,134123.3,0
2025,15604437,Garcia,635,France,Male,43,0,0.0,1,1,0,143766.71,0
2025,15601920,Richter,795,Germany,Male,35,3,124581.72,2,1,1,95924.62,0
2025,15602476,Perez,578,Germany,Male,38,5,100842.01,1,0,1,170977.51,0
2025,15606764,Boni,622,Germany,Female,53,2,104779.1,2,1,0,171622.56,1
2025,15603782,Munoz,703,Germany,Female,45,6,49229.79,1,1,0,114135.99,1
2025,15600549,Petit,662,France,Male,28,4,117961.7,2,1,1,125516.29,0
2025,15601952,Hill,532,Germany,Male,24,10,171800.16,1,1,1,133384.57,0
2025,15603194,Schulz,612,France,Male,44,7,144756.04,1,1,1,100933.57,0
2025,15609669,Schäfer,651,France,Female,26,0,118343.29,1,1,1,47942.77,0
2025,15600325,Munoz,677,Spain,Male,31,4,182483.35,1,0,1,123020.91,0
2025,15601471,Jimenez,740,Spain,Male,36,6,90812.98,1,1,0,13347.37,0
2025,15608606,Boni,602,Spain,Male,31,9,0.0,1,0,0,47237.23,0
2025,15607791,Torres,568,France,Female,45,3,0.0,2,1,1,107857.19,0
2025,15608045,Lefebvre,667,France,Female,47,10,0.0,1,0,1,126344.49,0
2025,15600951,Lopez,755,Germany,Female,36,8,122471.73,1,1,0,10023.43,0
2025,15605399,Jimenez,788,France,Female,44,10,0.0,1,1,1,97441.6,0
2025,15608006,Hoffmann,684,Spain,Female,34,10,0.0,1,1,1,29418.81,1
2025,15609088,Romero,681,France,Male,34,6,93055.92,1,0,0,45624.5,0
2025,15604663,Sanchez,683,Germany,Male,50,8,88839.85,2,1,0,84075.22,1
2025,15607193,Leroy,518,France,Male,38,1,106690.14,1,1,0,116579.07,0
2025,15607552,Dubois,788,Spain,Male,39,6,62665.2,1,1,0,128387.3,0
2025,15608154,Alonso,663,France,Male,23,6,177997.59,2,1,0,71993.27,0
2025,15609707,Schneider,786,France,Female,25,8,0.0,1,1,1,26079.54,1
2025,15607474,Torres,610,France,Male,43,3,0.0,1,0,0,18734.87,0
2025,15600107,Alvarez,593,Spain,Female,36,3,0.0,2,1,0,148538.67,0
2025,15600756,Chidiebere,629,France,Female,39,10,0.0,1,1,0,78901.26,0
2025,15600538,Alvarez,632,Germany,Male,33,10,161990.08,1,1,1,48884.03,0
2025,15600437,Robert,846,France,Male,31,1,87802.78,2,1,0,120687.05,0
2025,15604158,Bauer,698,Spain,Female,28,2,0.0,3,1,1,111355.1,1
2025,15607112,Schneider,636,France,Male,44,6,113331.43,1,1,0,161286.93,0
2025,15604455,Schäfer,467,France,Female,22,6,147129.55,1,1,0,130833.14,0
2025,15609009,Martin,688,Germany,Male,43,9,108881.27,1,1,1,185197.3,1
2025,15603024,Martin,647,Spain,Male,27,1,88894.71,2,1,1,47053.65,0
2025,15609599,Hargrave,605,Spain,Male,65,0,96094.16,1,1,0,41557.43,0
2025,15607893,Hargrave,833,France,Male,53,1,102528.54,1,1,0,196000.65,0
2025,15606266,Durand,641,France,Female,21,1,89169.3,1,1,1,12650.02,0
2025,15607400,Diaz,566,France,Male,45,6,122066.31,1,0,1,60872.83,0
2025,15601242,Bernard,535,France,Male,36,1,114026.09,1,0,1,159600.82,0
2025,15604925,Becker,762,France,Male,40,3,0.0,2,1,0,157449.52,0
2025,15605806,Dupont,607,Spain,Male,52,5,56561.35,2,1,0,183983.01,0
2025,15604979,Bartlett,761,France,Female,52,5,0.0,1,0,0,106780.68,0
2025,15606079,Hill,695,France,Female,40,2,96972.34,1,1,1,19322.3,0
2025,15605964,Schneider,709,Germany,Female,24,8,112068.12,1,1,0,160167.86,0
2025,15602978,Krüger,716,France,Male,28,4,0.0,2,0,1,26856.74,0
2025,15607421,Lopez,773,France,Male,38,2,117965.49,1,1,1,107123.2,0
2025,15609914,Muller,687,Spain,Female,39,4,0.0,2,1,0,37869.96,0
2025,15608776,Weber,727,France,Male,39,0,104668.47,2,1,0,125721.87,0
2025,15600754,Gutierrez,619,France,Female,35,1,0.0,1,1,0,173195.53,1
2025,15608387,Hargrave,532,France,Male,49,8,128479.85,2,1,1,131784.55,1
2025,15606851,Schwarz,584,France,Male,41,1,32122.87,2,1,0,53001.62,0
2025,15608049,Lopez,787,France,Female,57,7,139443.54,2,1,1,193361.75,0
2025,15602282,Chidiebere,800,France,Male,52,4,100898.06,1,1,0,22971.71,0
2025,15607314,He,427,France,Male,58,8,111702.76,1,1,1,115406.43,0
2025,15601300,Romero,754,Germany,Female,35,0,70308.5,2,1,1,174242.61,0
2025,15603926,Schäfer,704,France,Male,48,6,53085.91,1,1,1,84053.67,0
2025,15606117,Alvarez,790,France,Male,42,1,0.0,2,1,0,134855.78,0
2025,15608265,Zimmermann,676,Spain,Female,31,10,137181.37,1,0,1,78692.72,0
2025,15609427,Dubois,561,France,Female,52,3,0.0,2,1,0,132666.38,0
2025,15603154,Schwarz,583,France,Male,25,10,166243.22,2,1,0,40599.75,0
2025,15603726,Wolf,606,Germany,Female,41,0,105944.35,1,1,0,113385.28,1
2025,15603885,Hill,757,Germany,Female,42,6,105168.47,2,0,0,168234.08,1
2025,15602145,Ruiz,719,France,Female,38,5,0.0,1,1,0,123579.09,0
2025,15602888,Obinna,652,France,Male,37,4,0.0,1,0,0,154913.02,0
2025,15604568,Schwarz,526,Spain,Male,31,8,0.0,1,1,0,25109.66,0
2025,15601265,Dominguez,687,Spain,Male,35,7,0.0,2,0,0,144254.97,0
2025,15607856,Leroy,656,Germany,Male,33,8,138511.15,2,1,0,148490.36,0
2025,15605846,Sanchez,623,France,Female,44,7,77340.32,2,0,1,187083.71,0
2025,15608845,Becker,666,France,Female,40,8,97158.04,2,1,0,122427.01,0
2025,15603277,Boni,746,France,Male,47,8,0.0,1,1,0,66773.12,1
2025,15604456,Dupont,718,France,Male,21,4,0.0,3,0,0,155210.71,1
2025,15602217,Hernandez,605,France,Female,50,10,128885.43,2,1,1,40886.07,0
2025,15607904,Garcia,472,France,Male,47,4,0.0,2,1,0,193197.46,0
2025,15600567,He,656,Spain,Male,61,5,0.0,2,1,1,97494.24,0
2025,15608511,Moreau,706,France,Male,38,9,0.0,2,1,0,194594.98,0
2025,15607091,Schröder,647,Spain,Male,47,6,0.0,1,1,1,152947.28,0
2025,15600539,Romero,589,France,Male,32,2,0.0,3,0,0,37073.2,1
2025,15607203,Schäfer,785,Spain,Male,48,0,0.0,1,1,1,75432.8,0
2025,15607543,Torres,636,Germany,Female,53,2,93023.55,1,1,0,181973.48,1
2025,15601348,Richard,487,France,Female,30,8,0.0,2,1,1,32330.42,0
2025,15602479,Richter,850,Germany,Male,43,7,137701.39,1,0,1,196271.63,1
2025,15601279,Thomas,782,France,Male,59,6,0.0,2,1,1,174417.77,0
2025,15606886,Leroy,550,France,Male,36,6,137483.06,2,1,0,16699.93,0
2025,15600625,Alonso,612,France,Male,57,8,0.0,2,1,1,66866.76,0
2025,15604537,Durand,655,France,Female,49,10,0.0,2,1,0,27328.19,0
2025,15600984,Leroy,714,Germany,Male,32,1,86908.91,1,1,0,62010.57,0
2025,15601709,Richter,615,Germany,Female,28,3,130207.98,2,1,1,194098.21,1
2025,15609716,He,712,Germany,Female,18,2,58307.57,2,0,0,136799.53,0
2025,15608251,Schwarz,653,Germany,Female,37,2,95717.88,2,1,0,136289.01,0
2025,15602562,Bauer,731,Germany,Female,56,6,132876.66,1,1,1,70418.22,1
2025,15602508,Garcia,811,France,Female,51,3,77030.44,1,1,0,102013.87,1
2025,15608089,Becker,701,Germany,Female,18,4,91134.7,1,0,1,161974.14,0
2025,15602132,Martinez,688,Germany,Male,56,5,159871.56,1,0,1,68566.05,1
2025,15601565,Sanchez,611,Spain,Male,43,10,65156.26,2,0,0,47174.7,0
2025,15604752,Torres,559,Germany,Female,45,7,112804.56,2,1,0,105092.44,1
2025,15609345,Smith,796,Germany,Male,44,8,117674.25,1,0,1,140043.42,1
2025,15607857,Lefebvre,850,France,Female,41,2,101198.32,2,1,0,130570.2,0
2025,15606839,Sanchez,532,Germany,Female,31,8,114210.95,2,1,1,196294.28,0
2025,15603813,Diaz,780,Germany,Male,28,10,134892.66,1,1,1,183805.41,0
2025,15608046,Zimmermann,804,France,Male,36,9,0.0,1,0,0,98800.49,0
2025,15600621,Bartlett,695,Spain,Female,31,5,65671.95,2,1,1,154237.58,0
2025,15607083,Rodriguez,625,France,Male,31,10,52771.37,2,1,1,56676.71,0
2025,15607515,Chu,696,Germany,Female,41,2,131152.7,2,0,0,106483.81,1
2025,15606379,Dominguez,640,Germany,Female,37,6,133711.99,2,1,1,11491.64,0
2025,15604189,Hoffmann,529,France,Female,27,3,0.0,2,1,1,64518.42,0
2025,15603337,Neumann,435,Germany,Female,50,8,110927.93,2,1,1,163043.91,1
2025,15605130,Lefebvre,722,Spain,Male,33,4,0.0,2,0,1,20473.78,0
2025,15606093,Munoz,573,Germany,Female,23,5,142955.55,2,1,0,36333.27,0
2025,15607367,Dubois,791,Germany,Male,59,5,153044.55,2,0,1,49140.49,1
2025,15605847,Martin,609,France,Female,40,0,79088.0,1,1,1,127758.13,0
2025,15603325,Leroy,793,Spain,Female,27,4,139533.4,2,1,1,169533.3,0
2025,15606767,Meyer,623,Spain,Male,42,2,0.0,1,1,0,162452.21,0
2025,15604763,Gomez,790,Spain,Male,33,1,127569.22,2,1,0,115409.95,0
2025,15606323,Bauer,717,France,Female,56,5,0.0,1,1,0,83885.14,1
2025,15607932,Hargrave,597,France,Male,41,8,71246.29,1,1,0,157523.4,0
2025,15602560,Wolf,617,France,Male,45,9,0.0,2,1,0,86891.47,0
2025,15605926,Perez,537,France,Male,36,2,0.0,1,1,1,24688.36,0
2025,15601441,Neumann,564,France,Male,41,2,0.0,3,1,1,41694.01,0
2025,15602802,Martinez,643,Germany,Female,42,9,118879.68,2,1,1,171365.2,1
2025,15601420,Hill,690,Spain,Female,33,7,148506.63,1,1,1,117868.38,0
2025,15604943,Meyer,570,France,Male,24,8,0.0,2,0,1,190148.44,0
2025,15600643,Wagner,637,France,Male,35,4,126480.0,1,1,0,47856.26,0
2025,15604815,Obinna,541,Spain,Male,55,4,65472.2,2,1,0,151204.02,0
2025,15601611,Ruiz,454,France,Female,21,10,122483.4,1,1,0,62830.07,0
2025,15606501,Hernandez,663,France,Female,37,1,0.0,2,1,1,107010.11,0
2025,15606050,Dupont,590,France,Male,38,2,0.0,2,0,0,141062.85,0
2025,15606170,Wagner,617,Spain,Male,34,3,108771.91,1,1,1,80124.81,0
2025,15602168,Meyer,679,Spain,Female,53,0,0.0,1,1,0,110637.48,0
2025,15608572,Perez,687,France,Male,28,3,75719.46,2,1,1,34394.98,0
2025,15606567,Dominguez,723,Spain,Male,43,5,105090.58,1,1,1,74308.65,0
2025,15604290,Lefebvre,623,France,Male,41,2,165422.56,1,1,0,62177.0,0
2025,15602918,Diaz,622,France,Male,35,8,0.0,3,1,0,114340.4,1
2025,15605664,Michel,634,France,Female,48,0,0.0,2,0,0,57424.7,0
2025,15606504,Klein,594,Germany,Female,42,0,89466.45,2,1,1,119744.67,1
2025,15608230,Mitchell,791,Germany,Male,46,7,157299.1,1,0,0,123594.68,1
2025,15600814,Hargrave,727,France,Female,46,6,0.0,3,1,0,29062.67,1
2025,15605234,Leroy,665,Germany,Female,39,7,107328.87,1,1,1,121180.56,0
2025,15606290,Simon,745,Germany,Female,52,2,109323.0,1,1,0,27944.73,1
2025,15604911,Martin,569,Germany,Female,45,4,155822.04,2,0,0,136825.68,1
2025,15607173,Boni,568,France,Male,22,10,0.0,2,1,1,12060.31,0
2025,15603550,Romero,583,Germany,Male,34,5,69218.55,1,0,1,151453.15,0
2025,15607003,Chu,680,Germany,Female,68,8,120531.66,2,0,1,147702.64,1
2025,15608234,Hoffmann,691,Spain,Male,21,4,0.0,2,1,0,36160.24,0
2025,15600407,Smith,710,Spain,Female,36,7,0.0,1,1,1,43156.55,0
2025,15606008,Klein,615,Spain,Female,29,4,0.0,2,1,1,110408.29,0
2025,15602082,Obinna,651,France,Female,42,0,87668.37,2,1,1,166664.92,0
2025,15601559,Lopez,620,Spain,Female,18,10,149856.82,2,0,1,38499.16,0
2025,15608421,Thomas,740,France,Female,28,4,0.0,1,0,0,184783.94,0
2025,15601583,Dupont,682,France,Male,19,3,91527.95,2,1,1,102603.53,0
2025,15602659,Schmidt,699,France,Male,38,2,105296.74,2,1,0,178720.45,0
2025,15608397,Torres,639,France,Female,24,9,0.0,2,1,1,139866.44,0
2025,15605392,Dominguez,676,Germany,Male,33,7,112544.39,2,1,0,105449.36,0
2025,15606628,Torres,707,France,Male,18,6,0.0,2,1,0,124088.0,0
2025,15606221,Klein,561,France,Female,22,8,0.0,2,1,0,88180.49,0
2025,15609408,Rodriguez,751,Spain,Female,30,4,0.0,1,1,0,43385.37,0
2025,15605422,Schröder,719,France,Female,41,8,64714.27,1,0,1,25457.89,0
2025,15601475,Laurent,786,France,Female,48,7,110599.16,2,0,1,178580.16,0
2025,15602703,Richard,569,Germany,Male,54,7,78968.32,1,1,1,164699.0,1
2025,15604587,He,747,Spain,Male,39,2,0.0,2,1,0,52721.14,0
2025,15606977,Smith,637,Germany,Male,47,10,99020.16,2,0,0,85430.05,1
2025,15607336,Schulz,545,Spain,Female,29,9,0.0,1,1,0,195052.62,0
2025,15609412,Lopez,536,France,Male,25,6,112243.79,2,1,0,20793.22,0
2025,15609418,Rodriguez,663,France,Female,46,7,0.0,2,1,1,32566.07,0
2025,15600272,Perez,581,Spain,Male,26,0,0.0,1,1,0,187409.7,0
2025,15600034,Robert,593,France,Female,52,6,0.0,1,0,1,174928.36,0
2025,15608875,Bauer,644,France,Female,61,4,98987.5,1,0,1,67006.17,1
2025,15609451,Leroy,731,Spain,Male,35,9,0.0,2,0,0,26553.75,0
2025,15600217,Fischer,598,France,Male,44,6,78564.55,1,0,1,71859.4,0
2025,15608028,Diaz,645,Spain,Female,43,5,0.0,1,1,1,92680.56,0
2025,15605988,Richter,645,France,Male,42,1,0.0,1,1,0,114035.89,0
2025,15608276,He,591,Germany,Female,37,0,125267.83,2,1,1,153808.42,0
2025,15607911,Gomez,771,France,Male,33,9,86785.53,1,0,1,96594.8,1
2025,15609483,Ruiz,575,Germany,Male,46,4,95821.42,3,1,0,153705.45,1
2025,15609803,Dupont,680,Germany,Female,39,9,144277.76,1,1,0,38765.89,1
2025,15600246,Schneider,703,France,Male,42,6,0.0,2,1,0,173935.45,0
2025,15604858,Jimenez,842,Spain,Male,50,3,0.0,1,1,1,111081.09,0
2025,15601046,Petit,777,France,Female,34,7,0.0,2,1,1,127832.29,0
2025,15606098,Bauer,652,France,Male,44,5,90913.79,1,1,1,182093.02,0
2025,15604461,Becker,747,France,Male,25,4,94097.02,2,0,0,141490.81,0
2025,15604918,Schmidt,520,France,Female,21,6,111319.3,2,1,1,111870.95,0
2025,15607010,Martin,735,France,Female,33,6,0.0,1,1,1,132088.34,0
2025,15605991,Schulz,636,Spain,Female,31,2,109047.14,1,0,0,50819.29,0
2025,15607805,Smith,840,France,Female,28,8,237346.84,2,1,1,126094.81,0
2025,15602737,Koch,590,France,Female,42,4,0.0,1,1,0,16389.68,0
2025,15604973,Leroy,530,Spain,Female,31,4,0.0,1,1,1,148105.06,0
2025,15609198,Navarro,508,France,Female,33,7,0.0,2,1,1,113311.22,0
2025,15600578,Moreno,596,Germany,Female,41,0,145163.94,1,1,1,168221.42,1
2025,15608122,Martin,712,France,Male,27,4,98195.18,2,1,1,42660.5,0
2025,15602551,Martinez,502,France,Male,33,8,102742.85,1,1,1,105291.94,0
2025,15601978,Petit,649,Spain,Male,43,1,0.0,2,1,0,47150.72,0
2025,15602247,Sanchez,694,France,Female,44,9,0.0,2,1,1,26513.49,1
2025,15601059,Petit,667,France,Male,43,5,101348.01,2,0,0,181048.56,0
2025,15606277,Lopez,667,Spain,Female,31,2,0.0,2,0,1,131949.03,1
2025,15604038,Richter,720,Spain,Female,44,6,130431.34,1,0,0,121251.24,0
2025,15602238,Richard,726,Spain,Female,27,1,184981.86,1,0,1,82805.82,1
2025,15608402,Schäfer,641,Spain,Female,43,7,0.0,3,0,1,66182.35,0
2025,15606918,Klein,570,France,Female,51,10,110597.8,2,1,1,141020.14,0
2025,15602203,Garcia,596,Germany,Male,53,8,100441.02,2,1,1,73689.97,1
2025,15603031,Leroy,500,Spain,Male,31,5,151669.7,2,0,1,120489.85,0
2025,15606892,Wolf,590,France,Male,55,10,143723.37,2,1,1,86306.43,0
2025,15606663,Romero,706,Germany,Female,36,4,147115.11,2,1,0,147105.25,0
2025,15605896,Becker,656,France,Male,50,4,142761.7,2,1,1,75141.41,0
2025,15607742,Garcia,537,France,Male,37,5,49249.44,2,0,1,137568.62,0
2025,15601843,Bauer,532,France,Female,31,1,0.0,1,0,0,14407.15,0
2025,15601249,Hargrave,703,Germany,Male,43,1,125109.64,1,1,0,44421.89,1
2025,15607642,Martinez,629,France,Female,62,5,0.0,2,1,1,131929.27,0
2025,15603294,Alvarez,605,Spain,Female,40,4,73698.27,2,0,0,61246.49,0
2025,15605906,Lopez,722,Germany,Male,72,9,137448.86,1,1,0,23199.55,1
2025,15601406,Meyer,523,Germany,Female,35,3,150224.56,2,1,1,192296.45,0
2025,15600056,Dominguez,850,France,Male,42,0,0.0,1,1,0,15145.1,0
2025,15605682,Gomez,589,France,Female,35,9,0.0,2,1,1,162844.46,0
2025,15606228,Richard,683,Spain,Female,33,7,0.0,1,1,0,47182.9,1
2025,15608809,Zimmermann,695,France,Male,23,5,0.0,2,1,0,191537.18,0
2025,15603558,Thomas,713,Spain,Female,22,0,0.0,2,1,0,81419.61,0
2025,15600604,Martinez,603,France,Female,24,3,0.0,2,1,1,90526.05,0
2025,15602543,Durand,680,France,Male,34,9,105952.57,1,1,1,177712.31,0
2025,15600995,Krüger,703,France,Male,31,4,0.0,1,1,0,21608.7,0
2025,15600223,Dubois,557,Spain,Female,42,7,0.0,1,1,1,67252.43,0
2025,15603029,Alonso,645,France,Female,59,9,0.0,2,0,0,60280.38,0
2025,15603721,Onio,590,France,Male,58,6,0.0,2,1,0,89990.73,0
2025,15600351,Schäfer,640,Spain,Male,20,10,0.0,2,1,1,77758.68,0
2025,15606847,Lopez,720,Germany,Female,37,5,79490.14,1,0,1,115908.98,1
2025,15602983,Bernard,666,France,Male,42,3,0.0,1,1,0,149636.61,1
2025,15603103,Schmidt,551,Germany,Male,21,6,132642.92,1,1,0,132766.21,0
2025,15606268,Meyer,578,France,Male,30,6,0.0,1,0,1,160663.48,0
2025,15607309,Moreau,817,France,Male,31,0,0.0,3,0,0,50628.18,0
2025,15609513,Bernard,731,Germany,Male,41,10,123859.19,4,0,1,68685.1,1
2025,15605294,Dupont,726,Germany,Male,36,3,91161.49,1,1,1,142443.68,0
2025,15600956,Meyer,635,France,Male,18,5,0.0,1,1,0,187320.81,0
2025,15609777,Torres,550,France,Female,55,9,0.0,1,1,0,81859.28,1
2025,15604680,Laurent,679,Germany,Female,42,8,111359.08,1,1,1,198744.87,1
2025,15601804,Alvarez,537,France,Female,44,2,61635.51,2,1,1,113767.19,0
2025,15606350,Moreau,762,France,Male,45,1,72793.22,2,1,0,180145.96,0
2025,15607803,Torres,850,France,Female,34,7,0.0,1,1,0,141093.3,0
2025,15601811,Perez,664,France,Male,29,9,121733.58,1,0,1,34788.8,0
2025,15608080,Durand,557,France,Male,42,6,0.0,3,1,1,161891.35,0
2025,15609330,Alonso,574,Spain,Male,30,2,137953.24,2,1,1,170474.92,0
2025,15607630,Lefebvre,684,Germany,Female,24,2,127410.64,1,0,0,32155.9,0
2025,15601432,Wolf,697,Spain,Male,32,0,0.0,2,1,0,155536.27,0
2025,15607074,Bartlett,724,Spain,Female,34,5,144788.83,1,1,1,114178.58,0
2025,15603790,Laurent,579,France,Male,50,8,0.0,2,1,0,41639.68,0
2025,15605252,Leroy,775,France,Male,18,7,87851.97,1,0,0,77810.53,0
2025,15600099,Fischer,572,France,Female,50,2,139726.44,2,1,0,66134.77,0
2025,15602684,Sanchez,710,France,Male,29,1,45808.5,1,0,1,163214.88,0
2025,15602432,Martin,685,Germany,Female,55,10,114540.74,1,1,0,161341.56,1
2025,15601411,Zimmermann,775,France,Male,42,4,0.0,1,1,1,129571.02,0
2025,15605214,Muller,482,France,Female,42,3,114353.84,1,1,0,93728.06,0
2025,15609779,Schneider,681,France,Male,52,5,0.0,2,0,0,180301.18,0
2025,15601426,Garcia,657,Spain,Female,37,6,45163.17,1,0,0,97563.51,1
2025,15609152,Lefebvre,719,France,Male,47,5,156952.64,2,1,0,26570.28,0
2025,15604854,Moreau,764,Germany,Female,33,1,71556.5,2,0,1,54883.73,0
2025,15605174,Braun,640,Germany,Female,41,8,120296.01,1,1,1,88756.83,1
2025,15602751,Schröder,612,France,Male,34,7,100507.43,1,1,0,68854.67,0
2025,15605643,Martin,557,Spain,Female,46,5,0.0,2,1,0,75161.18,0
2025,15608871,He,578,France,Female,41,5,0.0,1,1,1,37033.21,1
2025,15602359,Schwarz,768,Germany,Male,32,2,112229.05,3,0,0,56558.73,1
2025,15608693,Schwarz,800,Germany,Female,38,10,135024.83,1,0,0,176624.65,0
2025,15604240,Wagner,624,France,Male,20,10,0.0,2,1,1,41280.53,0
2025,15606138,Hoffmann,717,France,Male,40,10,0.0,1,1,1,135134.51,0
2025,15606009,Romero,651,Germany,Male,43,5,136116.99,2,1,1,52132.02,1
2025,15606491,Simon,588,France,Female,42,0,0.0,2,0,1,14345.39,0
2025,15609635,Perez,789,Germany,Female,46,5,168114.98,1,1,0,81245.99,1
2025,15608854,Richard,602,France,Male,54,8,87953.9,2,1,1,83626.77,0
2025,15608668,Martin,824,Spain,Female,34,6,0.0,1,0,1,158525.07,0
2025,15603789,Robert,568,Spain,Male,28,6,67111.3,1,1,0,188713.6,0
2025,15603013,Leroy,646,Germany,Female,36,5,138183.35,1,1,0,29611.5,1
2025,15602523,Dupont,788,France,Male,36,0,0.0,1,0,0,180258.38,1
2025,15604790,Romero,604,France,Male,56,7,157499.7,1,0,1,25829.48,0
2025,15609423,Neumann,647,France,Female,30,5,148538.16,1,0,0,94952.1,0
2025,15609349,Chu,605,France,Male,38,0,158499.89,2,1,0,76360.91,0
2025,15605717,Moreno,487,Germany,Female,33,9,110270.44,1,1,1,155901.44,1
2025,15606096,He,612,France,Male,30,7,100634.64,2,1,0,68874.58,0
2025,15606854,Dupont,585,France,Male,28,2,57330.4,2,1,1,189473.45,0
2025,15600811,Schäfer,655,France,Female,50,6,113154.63,1,1,0,29252.58,1
2025,15605368,Schneider,546,France,Male,58,8,0.0,2,0,1,23464.72,0
2025,15608383,Becker,809,Germany,Female,30,10,111991.01,1,0,1,71682.93,1
2025,15600552,Smith,691,France,Male,26,3,119926.7,2,1,1,27051.48,0
2025,15606430,Smith,527,Germany,Male,22,1,129261.15,4,1,0,28330.14,1
2025,15608551,Gomez,588,Spain,Female,38,1,0.0,1,1,1,172609.82,0
2025,15608796,Hill,522,Germany,Female,39,7,66977.65,1,0,1,64739.45,0
2025,15603169,Durand,631,Germany,Male,44,9,126647.55,2,1,0,135706.78,1
2025,15609922,Becker,722,Germany,Female,29,2,104279.87,2,0,0,146832.11,0
2025,15607718,Schulz,626,Spain,Male,25,3,138723.6,1,0,1,120612.08,0
2025,15601632,Chu,566,Germany,Male,25,8,114623.54,2,1,1,36299.24,0
2025,15607210,Hargrave,566,Spain,Female,28,2,105984.25,2,0,0,127410.25,0
2025,15604274,Jimenez,725,Spain,Male,41,5,0.0,1,1,0,86151.56,0
2025,15604445,Becker,666,France,Male,33,10,162918.18,1,1,0,111903.52,0
2025,15602245,Richter,660,Germany,Male,31,10,97251.16,1,1,1,44386.78,0
2025,15606754,Bernard,603,Germany,Female,33,5,143386.52,2,0,0,38400.99,0
2025,15605275,Thomas,488,France,Female,36,6,184409.6,2,1,0,136822.86,0
2025,15608131,Krüger,511,Germany,Male,34,10,143349.27,1,1,0,67208.29,0
2025,15606448,Schneider,776,France,Male,35,1,113632.46,1,1,0,31076.09,0
2025,15600338,Hoffmann,619,Spain,Male,23,2,0.0,1,1,0,58897.5,0
2025,15608897,Richter,640,France,Female,51,9,40042.43,2,0,1,43270.09,0
2025,15606363,Hoffmann,425,France,Female,38,5,179350.67,2,0,1,61077.17,0
2025,15609035,Bartlett,747,Germany,Male,38,0,145329.21,1,1,1,56201.19,0
2025,15601615,Torres,503,France,Female,25,7,107750.86,2,0,0,70264.17,0
2025,15603220,Michel,536,France,Male,38,9,127344.17,2,0,0,65294.17,0
2025,15604324,Moreno,759,France,Male,33,1,75022.69,1,0,0,32761.81,0
2025,15601769,Chu,718,France,Male,49,9,97525.05,2,0,1,32009.94,0
2025,15600909,Rodriguez,695,Spain,Female,50,0,0.0,1,1,1,84376.47,0
2025,15600368,Jimenez,687,France,Female,49,4,119759.33,1,1,0,106537.49,0
2025,15608586,Klein,538,Spain,Male,39,8,0.0,1,1,1,152737.84,0
2025,15609842,Michel,663,Germany,Male,38,3,122186.97,2,0,1,70827.72,0
2025,15602437,Onio,698,Spain,Female,36,3,101673.05,2,1,0,61199.84,0
2025,15607465,Rodriguez,739,France,Female,52,5,169456.12,2,1,0,182627.57,0
2025,15606907,Krüger,680,France,Female,46,3,0.0,1,1,0,101385.51,1
2025,15604787,Thomas,548,Spain,Female,43,8,0.0,2,1,1,43918.66,0
2025,15604253,Wagner,515,Spain,Male,58,3,69313.86,2,1,0,153366.4,0
2025,15602759,Richter,575,France,Male,18,6,121772.7,1,1,0,25552.69,0
2025,15600206,Sanchez,580,Germany,Female,48,7,115041.99,1,0,0,151909.72,1
2025,15608447,Dubois,661,France,Female,37,2,15477.98,2,1,0,80743.06,0
2025,15606621,Romero,691,Spain,Female,41,10,0.0,1,1,1,64565.24,0
2025,15608829,Dominguez,496,Spain,Female,45,5,142731.57,1,1,1,134162.79,0
2025,15602057,Gomez,626,France,Female,30,6,72729.63,1,0,1,82387.22,0
2025,15606726,Sanchez,833,Germany,Male,25,8,136140.47,1,1,1,195651.98,0
2025,15600612,Bernard,587,Germany,Male,39,0,96515.99,2,0,0,182891.23,1
2025,15602313,Hill,794,France,Male,35,1,68252.64,2,0,0,48638.51,0
2025,15609930,Chidiebere,648,Germany,Male,31,2,123764.72,2,1,1,138070.38,0
2025,15606019,Sanchez,680,Germany,Male,37,4,165970.18,2,0,0,94300.78,0
2025,15600168,Durand,713,France,Male,23,7,136888.63,1,1,1,118005.72,0
2025,15606400,Sanchez,688,France,Female,39,7,0.0,3,0,1,81408.75,0
2025,15607884,Bernard,601,France,Male,51,3,57552.12,2,1,0,117107.3,0
2025,15600221,Durand,850,France,Female,30,6,0.0,2,0,0,31213.75,0
2025,15601566,Chidiebere,605,France,Male,43,5,105826.6,1,1,0,156825.63,0
2025,15605191,Jimenez,518,France,Male,40,8,0.0,2,1,1,178292.17,0
2025,15603184,Chu,591,France,Female,35,2,104912.64,2,1,1,127382.68,0
2025,15602596,Becker,628,Spain,Male,38,1,0.0,2,1,0,51049.49,0
2025,15605001,Romero,761,France,Male,28,4,93331.28,2,0,1,126793.24,0
2025,15604992,Dupont,783,Germany,Male,44,8,126979.43,2,1,0,91043.67,1
2025,15603479,Neumann,643,France,Male,49,6,110769.99,2,1,1,57914.55,0
2025,15607146,Dupont,561,France,Male,47,9,76797.0,1,0,0,99793.34,0
2025,15605151,Moreno,612,France,Male,45,1,126880.68,1,1,0,138715.36,0
2025,15606410,Gutierrez,610,Spain,Male,38,9,0.0,1,1,1,193686.76,0
2025,15607080,Torres,666,France,Male,39,7,0.0,1,1,1,90980.41,0
2025,15603562,Richter,663,Germany,Female,28,0,94646.39,1,1,1,127282.47,0
2025,15609317,Wolf,657,France,Male,42,10,93586.66,2,1,1,189350.51,0
2025,15608492,Alvarez,708,France,Male,38,4,0.0,2,1,0,112171.17,0
2025,15601706,Fischer,572,France,Female,42,5,88196.74,1,1,1,188322.99,0
2025,15601778,Fischer,791,France,Male,31,5,102924.34,1,0,0,53483.35,0
2025,15607551,Schmidt,666,France,Male,44,1,120017.71,1,1,1,85438.3,0
2025,15604702,Chidiebere,542,Spain,Female,18,1,100100.28,2,1,1,199428.89,0
2025,15601425,Diaz,665,France,Male,29,8,86364.28,2,1,1,130639.05,0
2025,15605997,Alvarez,848,France,Male,33,8,0.0,2,1,1,44331.35,0
2025,15604644,Hoffmann,621,Spain,Male,50,7,75796.97,2,1,1,74464.73,0
2025,15604159,Moreau,673,France,Male,44,3,88186.48,2,0,1,195081.54,0
2025,15600229,Moreno,445,France,Female,45,10,0.0,2,1,1,178671.81,0
2025,15603195,Braun,579,France,Female,47,9,0.0,1,1,1,165121.08,0
2025,15609736,Gomez,850,Spain,Male,45,6,88432.33,1,1,1,165884.09,0
2025,15607993,Schwarz,625,France,Male,39,9,0.0,1,0,1,186898.96,0
2025,15603828,Schröder,691,Spain,Male,39,6,0.0,1,1,0,184061.89,0
2025,15605527,Mitchell,661,Germany,Female,52,0,61503.71,1,1,1,89445.48,1
2025,15606412,Muller,613,France,Female,19,4,0.0,2,1,0,84381.15,0
2025,15608973,Wolf,619,Germany,Male,43,9,125541.67,1,1,1,35291.25,1
2025,15608016,Garcia,426,France,Female,41,9,139825.45,1,1,0,98159.42,0
2025,15602630,Schneider,618,Spain,Female,52,3,0.0,1,0,1,152718.22,0
2025,15609090,Chu,720,France,Male,34,6,0.0,1,0,0,60412.88,1
2025,15604356,Moreno,690,France,Male,33,2,121808.31,2,1,0,81690.01,0
2025,15603717,Klein,838,France,Male,53,3,0.0,1,1,1,149237.06,0
2025,15608160,Dominguez,437,Germany,Male,48,9,188277.26,2,1,0,191125.32,1
2025,15602360,Zimmermann,503,France,Female,36,6,0.0,1,0,0,196829.02,1
2025,15608663,He,614,Germany,Male,37,10,85979.22,1,1,0,119571.41,1
2025,15602824,Hargrave,579,France,Male,29,7,0.0,2,1,1,58675.62,0
2025,15606159,Dupont,744,France,Female,39,0,108576.7,1,1,1,130000.51,1
2025,15608215,Wagner,686,France,Female,43,1,138725.17,2,1,1,25363.57,0
2025,15601999,Zimmermann,653,France,Female,35,5,140760.4,2,1,0,44734.68,0
2025,15604886,Moreno,684,Spain,Female,41,5,91970.66,2,1,0,163584.62,0
2025,15609269,Mitchell,695,France,Female,27,10,0.0,2,1,0,157728.28,0
2025,15603247,Moreau,750,Spain,Male,19,5,0.0,2,1,1,98282.58,0
2025,15605266,Hernandez,558,Germany,Male,34,2,89407.62,1,1,1,75143.57,0
2025,15607812,Schäfer,597,Spain,Female,36,6,119669.31,1,0,1,110603.84,0
2025,15600316,Dubois,693,Spain,Female,47,6,0.0,1,0,0,57303.51,1
2025,15604103,Moreno,651,Germany,Male,46,2,133124.84,1,1,1,18287.03,1
2025,15600890,Onio,668,France,Female,48,0,153585.75,2,1,1,136085.66,0
2025,15607779,Onio,692,France,Male,18,8,0.0,2,1,0,67603.66,0
2025,15609766,Leroy,679,Spain,Female,27,5,104445.87,2,0,1,36893.4,0
2025,15605058,Wolf,693,France,Female,57,2,123699.08,1,0,0,42886.51,0
2025,15602336,Obinna,575,Germany,Male,44,1,151801.96,3,1,1,140919.38,1
2025,15605241,Onio,595,Germany,Male,28,7,99486.49,1,1,0,108293.99,0
2025,15603881,Lefebvre,671,France,Male,62,5,107369.68,1,0,1,66534.47,0
2025,15603322,Koch,757,Germany,Female,26,6,103728.34,2,1,0,198341.86,0
2025,15609812,Dominguez,758,Spain,Male,35,10,103196.39,2,1,0,131647.66,0
2025,15600954,Neumann,847,Spain,Male,28,10,92651.99,2,1,0,172303.64,0
2025,15601023,Braun,520,France,Female,47,5,0.0,1,0,0,77080.21,0
2025,15602384,Chu,661,France,Female,28,8,85274.38,2,1,1,29836.15,0
2025,15607105,Zimmermann,753,Germany,Female,44,2,65142.07,2,0,0,106332.34,1
2025,15604078,Alonso,535,Spain,Female,43,6,0.0,2,0,0,86718.31,0
2025,15609579,Richter,606,France,Female,37,2,141386.77,2,0,0,157339.44,0
2025,15606976,Ruiz,635,Germany,Female,22,10,120334.11,1,0,0,158518.81,1
2025,15607671,Hoffmann,763,France,Male,43,0,125181.27,1,1,0,154951.11,0
2025,15608418,Moreno,745,France,Female,18,1,0.0,2,1,1,134267.52,0
2025,15601885,Schneider,680,France,Male,26,6,101248.03,2,1,1,188520.09,0
2025,15600154,Onio,456,Germany,Female,34,1,160027.16,2,1,1,78212.3,0
2025,15600386,Hargrave,576,Spain,Male,38,1,0.0,2,0,0,62876.98,1
2025,15600633,Weber,745,France,Male,47,10,0.0,1,1,1,114182.24,0
2025,15602341,Muller,715,France,Female,35,9,0.0,2,0,0,158398.32,0
2025,15607567,Schulz,639,Spain,Male,29,8,0.0,2,1,1,94261.86,0
2025,15602337,Torres,620,Germany,Female,37,6,130781.97,1,1,0,148717.13,1
2025,15605207,Perez,614,France,Male,35,6,0.0,1,1,0,11475.86,0
2025,15602094,Moreau,525,France,Female,37,7,0.0,2,1,1,94428.81,0
2025,15608484,Romero,714,Spain,Female,42,5,0.0,1,0,1,69184.01,0
2025,15609127,Schwarz,850,Germany,Male,53,3,109468.27,1,0,0,174967.97,1
2025,15601130,Boni,551,France,Male,42,10,0.0,2,1,0,103508.74,0
2025,15603368,Richter,796,Spain,Female,24,7,124118.39,1,1,0,40429.78,0
2025,15606895,Chu,697,France,Female,34,4,0.0,2,1,1,167232.06,0
2025,15604549,Laurent,600,Germany,Female,39,0,99118.13,2,1,1,148238.95,0
2025,15605745,Simon,620,France,Female,56,6,53369.68,2,1,0,101130.0,0
2025,15603160,Moreno,642,Spain,Female,41,4,0.0,1,1,0,123329.83,0
2025,15600088,Moreau,786,France,Female,30,8,0.0,1,1,0,30669.33,0
2025,15604775,Fischer,837,France,Male,43,0,148461.34,1,1,1,107023.13,0
2025,15609444,Koch,617,France,Male,31,9,0.0,2,0,1,16005.49,0
2025,15604117,Navarro,615,Germany,Male,41,2,148283.26,2,0,0,195462.06,1
2025,15605961,Schäfer,606,France,Female,49,4,134985.93,1,0,1,67375.86,0
2025,15604695,Wagner,630,Spain,Female,33,3,23654.67,1,1,0,95019.35,0
2025,15600026,Gutierrez,490,Germany,Female,45,8,153590.08,2,1,0,59065.87,1
2025,15601236,Klein,512,Spain,Male,30,3,140799.87,2,1,1,123128.19,0
2025,15603646,Lefebvre,767,Spain,Male,30,8,69629.21,1,0,0,140796.36,0
2025,15609419,Hoffmann,635,Germany,Male,58,8,176745.18,2,1,1,22029.0,1
2025,15606100,Dupont,635,France,Female,46,2,0.0,2,0,0,105826.15,0
2025,15606972,Obinna,528,Germany,Female,36,7,81918.51,1,0,1,61654.61,0
2025,15602440,Ruiz,567,Germany,Male,36,1,157960.62,1,1,1,36953.45,0
2025,15601165,Boni,474,France,Female,42,10,0.0,2,0,0,157680.75,0
2025,15600141,Schäfer,701,France,Female,38,10,0.0,2,1,0,17037.0,0
2025,15602974,Durand,561,France,Female,39,2,36709.07,1,1,0,147959.05,0
2025,15604247,Schäfer,681,Spain,Female,35,5,0.0,1,1,1,169740.93,0
2025,15601626,Bernard,600,Germany,Female,25,3,100002.62,2,1,1,134094.33,0
2025,15609632,Gutierrez,779,Germany,Male,43,7,86404.4,1,1,1,146431.55,1
2025,15604501,Schwarz,690,Germany,Female,38,3,113888.33,1,0,1,104953.52,0
2025,15608500,Thomas,743,France,Female,44,3,0.0,1,0,0,161115.87,0
2025,15609881,Obinna,709,Germany,Male,47,9,100087.09,1,1,1,67446.81,1
2025,15607833,Chu,560,Germany,Female,43,4,90366.21,2,0,0,175335.01,1
2025,15607303,Fischer,744,Germany,Female,43,8,86213.27,2,1,0,93498.65,1
2025,15604414,Garcia,567,Germany,Female,41,3,113092.19,2,0,0,118425.56,1
2025,15604868,Torres,632,Germany,Female,18,6,101737.92,3,1,0,177003.65,0
2025,15606312,Martin,735,Spain,Male,24,6,69461.37,2,1,1,114470.69,0
2025,15605144,Krüger,687,France,Female,34,2,0.0,2,1,1,70328.32,0
2025,15602234,Dominguez,677,Germany,Female,44,10,164195.67,2,1,0,161293.18,1
2025,15606963,Durand,615,France,Female,56,1,0.0,1,0,0,114307.69,1
2025,15606197,Boni,508,France,Male,32,3,0.0,1,0,1,48167.98,0
2025,15606143,Lefebvre,627,Germany,Male,29,0,155472.42,2,1,1,39406.26,0
2025,15601324,Garcia,714,France,Female,34,4,180731.62,2,0,1,147578.51,0
2025,15609142,Jimenez,850,Germany,Female,33,9,128818.73,2,1,1,69307.55,0
2025,15606198,Thomas,693,Spain,Male,50,0,133084.84,1,1,1,54682.55,0
2025,15601763,Schäfer,698,Germany,Male,54,1,97807.63,1,1,1,64824.61,1
2025,15602593,Meyer,850,France,Male,36,1,125137.14,1,1,0,64806.86,0
2025,15609300,Leroy,645,France,Female,26,8,137248.08,2,0,1,133412.48,0
2025,15608640,Mitchell,603,Spain,Male,43,0,0.0,1,0,1,180030.39,0
2025,15601522,Wolf,508,France,Male,20,1,102576.46,2,1,1,189837.88,0
2025,15607127,Perez,597,France,Female,39,9,144296.23,1,1,0,18232.28,0
2025,15601329,Bernard,712,Germany,Male,51,5,139865.07,1,1,0,12014.21,1
2025,15608520,Schulz,760,Spain,Male,62,4,167159.1,1,0,1,18752.53,0
2025,15606533,Dominguez,678,France,Female,34,8,0.0,2,0,1,158976.57,0
2025,15605868,Krüger,690,Germany,Female,28,8,125899.26,1,1,0,33814.14,0
2025,15608638,Ruiz,548,France,Male,51,10,0.0,2,1,0,22039.11,0
2025,15605563,Zimmermann,771,Germany,Female,31,3,146268.96,1,1,1,169418.36,0
2025,15608994,Diaz,676,Spain,Male,45,0,0.0,2,0,0,62117.31,0
2025,15604358,Navarro,549,Spain,Male,30,5,73550.54,1,0,1,59259.71,0
2025,15602186,Martin,790,France,Male,26,8,34994.46,1,1,0,109220.07,0
2025,15606376,Garcia,730,France,Male,32,2,155800.95,1,1,0,12864.23,0
2025,15602693,Lefebvre,557,France,Female,57,0,0.0,1,1,0,168172.24,0
2025,15601382,Bartlett,734,Spain,Male,29,2,102608.86,1,1,1,169452.65,0
2025,15609969,Ruiz,666,Germany,Female,39,9,72530.11,1,1,1,69920.77,0
2025,15605630,Meyer,673,Germany,Male,46,4,128319.36,2,1,0,143369.51,1
2025,15608472,Smith,588,France,Female,29,5,0.0,2,1,1,190696.35,0
2025,15605305,Mitchell,642,Germany,Male,27,9,95936.75,2,0,0,94212.78,0
2025,15603245,Lefebvre,749,France,Male,20,8,0.0,2,1,1,114768.52,0
2025,15600683,Obinna,769,Spain,Male,39,5,0.0,2,0,0,138095.47,0
2025,15604144,Robert,664,France,Female,45,4,0.0,1,1,1,188251.69,1
2025,15604069,Becker,707,France,Female,44,7,84979.13,1,1,1,24338.16,0
2025,15601749,Meyer,647,Germany,Female,55,3,129176.78,2,0,1,55902.94,1
2025,15605448,Becker,561,France,Female,50,3,125736.54,1,1,0,34941.81,0
2025,15605878,Krüger,462,France,Male,44,0,101869.76,2,1,1,119035.68,0
2025,15609573,Alvarez,654,Spain,Female,41,0,0.0,2,0,1,195474.39,0
2025,15608227,Klein,766,France,Male,37,4,137812.68,2,0,1,168464.33,0
2025,15606282,Hernandez,605,France,Male,20,8,0.0,1,1,0,62902.85,0
2025,15609025,Koch,550,Germany,Male,24,9,123713.34,2,0,0,127355.57,0
2025,15609971,Robert,850,France,Female,52,5,49602.1,2,0,1,150552.47,1
2025,15606503,Michel,687,France,Female,56,8,158910.86,2,1,0,65616.98,0
2025,15600432,Wolf,785,Spain,Female,36,0,0.0,1,0,1,30191.25,0
2025,15604870,Hargrave,711,France,Female,44,7,0.0,3,1,0,41961.3,0
2025,15606152,Lefebvre,643,France,Female,30,0,0.0,1,1,0,181633.15,0
2025,15605249,Alonso,747,France,Male,30,8,35771.8,1,0,0,120431.46,0
2025,15608413,Neumann,571,Germany,Male,20,2,122891.32,2,1,1,76251.46,0
2025,15609902,Braun,677,France,Male,32,10,117042.93,1,1,0,47887.25,0
2025,15609835,Robert,531,Germany,Male,35,2,141476.6,1,1,1,82153.22,0
2025,15608881,Moreno,621,Germany,Female,37,3,115621.35,1,1,1,63086.31,0
2025,15605432,Boni,578,Spain,Male,40,10,83979.72,2,1,1,157090.69,0
2025,15606446,Chu,593,Germany,Female,71,8,164325.52,2,0,1,48356.57,1
2025,15601018,Jimenez,493,Spain,Female,51,6,0.0,1,1,1,147529.63,0
2025,15602690,Petit,547,Spain,Female,27,6,0.0,2,1,1,172400.46,0
2025,15604572,Koch,797,Spain,Male,42,7,109591.48,2,1,0,186579.77,0
2025,15600791,Wagner,550,France,Female,26,10,0.0,2,1,0,44296.69,0
2025,15600776,Gomez,587,France,Female,45,9,18207.37,1,1,1,53114.6,0
2025,15608734,Garcia,456,France,Male,44,3,0.0,1,1,1,104818.93,0
2025,15602177,Obinna,805,Germany,Female,39,2,125678.67,2,0,0,84583.95,0
2025,15605800,He,562,France,Female,18,7,0.0,1,1,1,84757.68,0
2025,15602970,Thomas,651,France,Female,42,8,130548.54,2,0,0,48670.79,0
2025,15605625,Schneider,492,France,Male,33,3,96463.68,2,1,1,162058.93,0
2025,15605812,Jimenez,717,France,Male,46,1,46311.92,2,0,0,21687.38,0
2025,15607660,He,607,Germany,Female,32,2,126952.65,1,0,1,156215.96,0
2025,15605810,Romero,617,Germany,Male,50,2,143932.06,1,1,0,148956.33,1
2025,15600884,Schäfer,662,Germany,Male,45,4,142912.42,1,1,0,153123.53,1
2025,15607863,Mitchell,706,Spain,Male,36,3,129934.84,2,1,1,48865.12,0
2025,15605913,Meyer,540,France,Female,58,8,163859.84,1,1,1,193835.19,0
2025,15601244,Richter,546,France,Female,18,5,124425.78,1,1,0,88264.86,0
2025,15603417,Hargrave,518,France,Female,32,10,91787.79,2,1,0,85748.33,0
2025,15600288,Dupont,739,France,Female,52,9,66095.82,2,1,0,177548.0,0
2025,15603007,Wagner,615,Germany,Male,42,6,100416.3,1,0,1,55349.73,1
2025,15609302,Hoffmann,773,France,Female,39,1,134317.03,1,1,1,70301.65,0
2025,15609889,Krüger,630,Germany,Female,53,9,115813.53,1,1,0,184788.33,1
2025,15601088,Braun,557,Germany,Female,37,1,99573.53,2,1,1,179150.09,0
2025,15608298,Thomas,689,France,Male,35,6,0.0,3,1,1,142794.3,1
2025,15609903,Becker,577,France,Male,44,7,83405.79,1,1,0,48209.92,0
2025,15600238,Durand,641,France,Male,30,9,154440.96,2,1,1,58418.85,0
2025,15602901,Hoffmann,763,France,Male,42,5,130855.67,2,0,0,139241.12,0
2025,15605558,Boni,633,Germany,Male,44,9,135679.33,2,1,0,121566.77,1
2025,15606841,Lopez,707,Spain,Female,19,6,0.0,1,1,0,147967.98,1
2025,15603367,Smith,512,Spain,Male,28,10,0.0,1,1,0,57493.49,0
2025,15601703,Hernandez,668,Spain,Female,42,5,0.0,1,1,1,59385.73,0
2025,15603647,Fischer,713,France,Male,51,0,0.0,1,0,0,119634.26,1
2025,15604243,Moreau,810,Germany,Female,38,5,137477.1,1,0,1,146121.86,0
2025,15603045,Meyer,569,France,Male,56,10,74980.87,2,1,0,103298.4,1
2025,15607940,Moreau,713,Germany,Female,31,6,64201.59,1,1,1,105076.49,0
2025,15601478,Zimmermann,787,Germany,Female,42,0,85768.49,2,1,0,52375.77,1
2025,15600248,Chidiebere,715,France,Female,43,1,0.0,1,1,0,20253.29,0
2025,15608775,Braun,666,Spain,Male,29,3,183861.08,1,0,0,101949.66,0
2025,15603280,Munoz,646,France,Male,29,8,92745.2,2,0,0,119723.35,0
2025,15607621,Bartlett,603,France,Male,21,7,0.0,2,1,1,181905.44,0
2025,15607945,Moreau,688,France,Male,40,10,74032.6,2,1,1,159176.9,0
2025,15605792,Dubois,673,Spain,Male,37,10,76672.19,1,0,1,52407.78,0
2025,15607482,Zimmermann,729,France,Female,53,1,52146.65,1,1,1,173048.35,0
2025,15606638,Petit,618,Germany,Female,35,6,182619.26,2,1,1,32002.57,0
2025,15602012,Robert,745,France,Male,35,1,0.0,1,1,0,144478.31,1
2025,15606137,Alvarez,558,Spain,Male,36,2,0.0,1,1,0,103174.49,0
2025,15608482,Garcia,838,France,Male,26,0,147140.81,2,0,0,168335.03,0
2025,15603772,Bernard,703,France,Male,40,1,120471.68,1,1,0,51149.91,0
2025,15606255,Weber,754,Spain,Male,33,6,0.0,1,0,1,36262.1,0
2025,15609982,Garcia,607,Germany,Male,51,5,118752.28,1,1,0,55982.11,1
2025,15600290,Chu,586,Germany,Female,38,4,87926.56,1,0,0,195588.32,0
2025,15602940,Dubois,627,Germany,Female,49,5,117322.76,2,0,1,33744.32,1
2025,15602481,Alvarez,723,France,Female,45,6,0.0,2,1,1,29865.22,0
2025,15608918,Garcia,543,Spain,Male,29,10,135337.19,2,1,0,129064.3,0
2025,15601500,Fischer,681,France,Male,36,8,0.0,1,1,1,107710.72,0
2025,15608649,Chu,738,France,Female,40,7,171183.74,2,1,0,128098.49,0
2025,15605495,Ruiz,607,Spain,Male,42,6,151336.02,1,1,1,132314.94,0
2025,15607042,Zimmermann,597,Germany,Female,54,7,92285.66,1,1,0,180218.52,1
2025,15606668,Alvarez,592,France,Female,35,6,97922.36,1,1,1,54473.52,0
2025,15609434,Thomas,657,Spain,Male,34,3,0.0,1,1,0,108812.15,0
2025,15606372,Sanchez,626,Spain,Male,35,1,0.0,1,1,1,137628.8,0
2025,15602006,Moreno,574,France,Female,31,5,0.0,2,0,0,13476.36,0
2025,15602694,Dominguez,557,Spain,Female,43,7,0.0,2,0,1,188673.85,0
2025,15607186,Alvarez,651,Spain,Male,26,0,0.0,2,1,1,56233.01,0
2025,15608175,Ruiz,523,France,Female,45,7,112638.55,2,0,0,178014.5,0
2025,15605674,Hernandez,556,France,Female,55,1,0.0,1,1,0,110489.55,0
2025,15607942,Wagner,577,France,Female,45,9,134254.15,1,1,0,38632.98,0
2025,15600130,Schwarz,498,Germany,Female,42,9,103088.55,2,1,1,109775.35,1
2025,15600404,Mitchell,738,France,Female,47,0,99006.48,2,0,1,161848.04,0
2025,15600784,Garcia,544,France,Male,40,5,82221.54,2,1,1,36857.97,0
2025,15607071,Simon,527,Germany,Male,45,4,164209.34,2,1,0,57333.71,1
2025,15605840,Petit,627,Germany,Male,39,0,136200.6,2,1,1,126725.12,0
2025,15605345,Onio,830,France,Male,26,4,142957.79,2,1,0,41903.83,0
2025,15607191,Wagner,666,Germany,Female,37,8,140856.35,2,1,0,116472.38,1
2025,15603577,Diaz,588,Spain,Female,34,6,0.0,2,1,1,30625.61,0
2025,15605489,Meyer,738,France,Female,43,4,0.0,1,0,1,40438.49,0
2025,15600531,Schneider,850,Spain,Male,40,3,0.0,1,1,0,49856.41,0
2025,15609455,Torres,673,France,Male,26,7,133745.1,1,1,1,69260.0,0
2025,15607353,Durand,803,Spain,Male,27,1,0.0,2,1,0,40297.95,0
2025,15605379,Koch,522,France,Male,47,8,0.0,1,0,1,114771.23,0
2025,15605866,Schäfer,532,France,Male,37,0,81185.64,1,0,1,160323.89,0
2025,15602698,Schröder,835,Spain,Male,42,4,0.0,2,1,0,126976.99,0
2025,15606872,Braun,706,Germany,Male,41,5,117452.24,1,1,1,90006.08,1
2025,15607776,Koch,740,Spain,Female,26,2,132164.27,2,1,1,82255.27,0
2025,15609575,Boni,633,France,Male,35,7,93114.92,1,1,1,52913.25,0
2025,15604676,He,733,France,Male,33,9,150690.59,1,1,0,186361.01,0
2025,15602625,Bartlett,635,France,Female,47,1,163913.72,2,0,1,115669.31,1
2025,15601678,Diaz,600,Germany,Male,42,10,161601.6,1,1,0,107162.37,1
2025,15601321,Navarro,726,Spain,Female,45,6,0.0,2,1,0,125759.17,0
2025,15601159,Leroy,645,Germany,Male,51,6,173565.26,2,1,0,167058.16,1
2025,15602511,Garcia,544,Spain,Male,67,10,59068.38,2,0,0,150671.1,1
2025,15604699,Martinez,532,Germany,Female,51,4,115380.9,1,1,1,65945.41,1
2025,15607554,Koch,712,Germany,Male,46,6,69539.83,2,0,1,72526.97,1
2025,15603136,Chidiebere,572,Spain,Male,33,10,0.0,1,1,1,15218.25,0
2025,15604126,Chidiebere,590,France,Male,25,1,99479.35,1,1,0,146688.34,0
2025,15602798,Wolf,783,Germany,Male,60,3,97592.51,1,0,0,91195.45,1
2025,15609102,Hernandez,661,France,Female,32,7,0.0,1,1,0,183038.9,0
2025,15600777,Perez,483,France,Male,31,3,144551.8,2,1,1,98588.58,0
2025,15601587,Romero,664,Spain,Male,35,3,48683.29,1,1,0,119841.9,0
2025,15608707,Bauer,594,Germany,Male,48,3,110466.03,2,1,1,101400.81,1
2025,15608686,Lefebvre,610,Germany,Female,34,4,68974.27,2,1,0,166213.59,0
2025,15604480,Schwarz,509,France,Male,55,4,66795.6,2,1,1,194418.69,0
2025,15602696,Becker,650,France,Male,50,10,82691.12,1,0,1,190617.46,0
2025,15607645,Martin,696,Spain,Female,40,9,0.0,1,0,1,126835.17,0
2025,15608526,Meyer,677,Spain,Female,20,8,122858.92,1,0,1,49515.24,0
2025,15608642,He,588,Germany,Male,42,9,137336.61,1,1,1,18768.7,1
2025,15606265,Hoffmann,850,France,Male,37,9,0.0,1,0,0,12824.66,0
2025,15606362,Krüger,509,France,Male,29,10,0.0,1,0,1,15178.56,0
2025,15604075,Romero,617,France,Female,29,2,119266.14,1,1,0,106749.39,0
2025,15605919,Alvarez,633,Germany,Female,52,0,73663.61,1,1,0,146998.93,1
2025,15608525,Richter,708,Germany,Female,44,10,153459.83,2,1,1,37345.58,1
2025,15606377,Koch,690,Spain,Female,41,6,0.0,4,1,1,135769.27,0
2025,15607853,Martin,640,Spain,Male,41,6,0.0,1,1,1,75163.38,0
2025,15603616,Schneider,681,Spain,Male,22,10,95771.91,1,1,1,165111.65,0
2025,15600759,Michel,734,France,Female,54,2,116250.04,1,1,1,29090.17,0
2025,15606699,Gutierrez,629,France,Male,33,9,0.0,2,0,0,23645.93,0
2025,15601552,Hargrave,698,Spain,Male,31,7,0.0,3,1,0,67474.56,1
2025,15602072,Hernandez,623,France,Female,58,6,0.0,1,0,0,45307.07,1
2025,15602613,Martinez,617,Germany,Female,35,10,130361.44,2,1,0,25600.65,0
2025,15609664,Dubois,718,Spain,Female,28,0,76961.79,1,1,0,135168.77,0
2025,15604794,Michel,674,Spain,Male,42,0,0.0,2,1,0,99321.73,0
2025,15601859,Smith,635,Germany,Female,36,0,171792.4,1,1,0,156649.04,1
2025,15608713,Garcia,561,France,Male,42,6,0.0,1,1,1,84019.11,0
2025,15602218,Boni,600,Germany,Male,38,1,155992.02,2,1,0,145171.09,0
2025,15601078,Sanchez,603,Germany,Male,36,4,172731.37,1,0,1,181837.08,1
2025,15606366,Romero,672,Germany,Female,41,9,90005.0,2,0,1,114830.82,1
2025,15608465,Petit,656,France,Male,36,3,0.0,1,1,1,63074.1,0
2025,15601840,Obinna,605,Spain,Female,44,0,148154.41,1,0,0,10399.3,0
2025,15609596,Garcia,568,France,Female,37,3,0.0,1,0,0,141281.28,0
2025,15608023,Obinna,565,Germany,Female,34,2,116954.24,2,0,1,134286.25,0
2025,15609290,Hargrave,670,Germany,Male,38,9,45041.39,2,0,0,180374.89,0
2025,15600656,He,850,Germany,Female,55,7,164330.88,2,1,1,183136.33,1
2025,15606634,Wolf,698,France,Female,38,2,0.0,1,1,1,49235.0,0
2025,15608711,Muller,676,France,Female,48,8,141876.9,2,0,0,162222.43,0
2025,15604408,Muller,592,Germany,Male,38,0,97973.17,1,1,0,108701.56,0
2025,15602452,Zimmermann,658,France,Male,45,0,0.0,2,1,0,105822.17,1
2025,15603405,Hargrave,850,France,Male,45,9,0.0,1,1,1,16544.53,0
2025,15603553,Zimmermann,504,Spain,Female,39,9,201670.47,1,0,1,68586.65,1
2025,15609675,Martin,606,Spain,Male,32,10,116415.72,2,1,0,137508.68,0
2025,15603837,Lopez,604,France,Female,27,5,95568.5,2,1,0,38924.13,0
2025,15606648,Schulz,545,France,Female,37,8,0.0,1,1,0,159366.87,0
2025,15608580,Becker,610,France,Male,26,7,124342.53,1,1,1,54874.19,0
2025,15605785,Martin,572,Germany,Male,29,2,113074.27,1,1,0,146122.45,1
2025,15601554,Martin,766,Spain,Female,36,7,0.0,4,1,0,48291.04,1
2025,15604014,Muller,696,Spain,Male,30,10,0.0,1,1,0,103764.23,0
2025,15608470,Gomez,520,France,Male,52,2,0.0,1,1,1,171527.64,0
2025,15603584,Hill,698,France,Male,18,4,0.0,1,1,1,184086.69,0
2025,15606571,Lefebvre,821,France,Male,35,7,107020.3,2,1,1,134246.47,0
2025,15605292,Richard,630,Germany,Male,32,5,155748.07,2,0,1,46246.86,0
2025,15608916,Weber,644,Germany,Female,44,2,113409.54,1,1,0,114809.74,1
2025,15604675,Wolf,773,Spain,Male,44,4,0.0,2,1,1,107434.36,0
2025,15606588,Thomas,494,France,Female,28,5,0.0,2,1,1,123830.72,0
2025,15603094,Schwarz,745,France,Male,50,9,0.0,2,1,0,68181.71,0
2025,15600174,Schwarz,612,Spain,Male,35,2,140358.97,1,1,0,190285.2,1
2025,15601580,Dupont,603,Germany,Male,39,3,75409.8,2,0,1,15543.3,0
2025,15609892,Wagner,586,Germany,Female,43,3,107861.85,2,1,1,19057.92,1
2025,15602845,Wagner,788,France,Female,18,6,162980.03,2,0,1,193442.46,0
2025,15607207,Chidiebere,628,Germany,Female,35,7,153499.08,1,1,0,107392.62,0
2025,15607009,Schäfer,660,Spain,Female,45,8,0.0,1,0,1,191733.74,0
2025,15607319,Hargrave,659,Spain,Male,44,1,0.0,2,1,0,32381.57,0
2025,15601030,Braun,683,Germany,Female,30,0,126921.43,1,0,0,60396.92,0
2025,15607801,Meyer,684,Germany,Male,33,3,135472.01,1,1,0,183466.53,0
2025,15601260,Fischer,640,Spain,Male,32,10,0.0,2,1,1,125993.39,0
2025,15602912,Laurent,668,Spain,Male,46,0,0.0,2,1,1,136847.0,0
2025,15600489,Robert,682,France,Male,45,10,186100.47,2,0,0,122665.06,1
2025,15609175,Hargrave,626,France,Female,36,10,119461.01,1,1,0,28566.88,0
2025,15605720,Meyer,543,Spain,Male,42,10,0.0,2,1,1,155438.71,0
2025,15600748,Navarro,836,France,Female,33,5,91072.43,1,1,0,97057.69,0
2025,15604095,Dominguez,675,France,Male,30,9,0.0,2,0,0,82314.14,0
2025,15606145,Navarro,847,Germany,Female,35,5,155904.5,2,0,1,69056.9,0
2025,15609167,Fischer,650,France,Female,52,4,85147.5,1,1,0,98695.94,0
2025,15604256,Navarro,602,France,Male,46,0,0.0,1,1,1,126350.26,0
2025,15609067,Boni,679,Germany,Female,32,4,121694.62,1,1,0,97212.42,0
2025,15609457,Chu,660,Germany,Female,40,2,102104.27,1,1,0,98012.46,0
2025,15608432,Bauer,835,France,Female,33,2,0.0,2,1,1,28915.85,0
2025,15607903,He,411,France,Male,27,9,0.0,2,0,1,186684.34,0
2025,15600073,Diaz,595,Spain,Male,31,9,0.0,1,1,1,89990.78,1
2025,15601991,Martinez,791,Germany,Female,38,8,121714.83,2,1,1,16190.05,0
2025,15605676,Martin,643,Spain,Female,28,0,89704.52,1,1,0,119055.04,1
2025,15600980,Moreno,536,Spain,Male,38,6,0.0,1,1,1,11282.04,0
2025,15602261,Leroy,649,Spain,Male,32,4,0.0,2,0,0,77278.77,0
2025,15606478,Martinez,742,Spain,Female,49,4,0.0,1,1,1,130548.5,0
2025,15600123,Martin,718,Spain,Female,47,3,94435.74,1,1,0,66837.97,1
2025,15608509,Schmidt,613,France,Female,51,0,140560.85,1,1,1,182287.36,0
2025,15605842,Lefebvre,505,France,Female,54,3,0.0,1,1,1,151062.87,0
2025,15601933,Moreau,492,Spain,Male,38,4,0.0,4,0,1,124103.34,0
2025,15605244,Lefebvre,737,France,Female,41,1,0.0,2,1,0,99544.6,0
2025,15607948,Boni,663,Spain,Male,37,8,48967.43,2,1,0,86559.75,0
2025,15604555,Hoffmann,568,Spain,Male,44,6,29157.63,2,0,1,16170.99,0
2025,15606471,Michel,640,Spain,Female,41,4,127407.65,1,0,1,78387.48,0
2025,15605330,Garcia,533,France,Male,37,7,81648.36,2,0,0,43807.86,0
2025,15605534,Schwarz,642,France,Male,34,5,131795.95,2,1,1,48849.48,0
2025,15603942,Mitchell,640,France,Female,33,10,139219.18,2,1,1,71424.08,0
2025,15602075,Alonso,595,France,Female,20,7,92194.82,2,0,1,40251.46,0
2025,15601000,Dubois,486,France,Female,39,0,72726.65,1,1,1,178582.94,0
2025,15600345,Schneider,541,Spain,Male,41,9,0.0,2,0,0,189353.17,0
2025,15601299,Navarro,731,France,Female,41,9,146950.44,1,0,1,198377.31,0
2025,15609852,Dominguez,674,France,Female,46,4,72196.84,1,0,0,185600.23,1
2025,15609548,Durand,566,France,Male,42,6,73919.92,1,1,0,80915.18,0
2025,15607480,Bauer,689,Germany,Female,42,8,110491.99,1,0,1,159972.27,1
2025,15603873,Robert,724,France,Male,38,4,161327.81,1,0,0,137584.04,0
2025,15601707,Richter,424,France,Female,52,9,51814.31,2,1,0,82928.46,0
2025,15600769,Zimmermann,646,Germany,Female,45,4,101950.19,1,0,1,122201.48,1
2025,15607330,Lefebvre,747,France,Female,33,3,55569.38,2,0,0,152395.65,0
2025,15605623,Jimenez,637,Germany,Male,39,4,145370.32,2,1,1,135187.79,0
2025,15600274,Richter,624,France,Female,43,1,0.0,1,0,1,41427.6,1
2025,15608902,Zimmermann,454,France,Male,26,8,0.0,1,0,0,110088.21,0
2025,15603628,Neumann,658,Germany,Male,46,5,138013.21,2,0,1,146816.43,1
2025,15605223,Martin,693,France,Female,48,10,0.0,2,0,0,134188.86,0
2025,15608364,Gomez,697,France,Male,43,4,0.0,1,1,1,190498.83,0
2025,15600999,Gomez,757,Spain,Male,42,7,96454.41,1,1,1,87230.42,0
2025,15609772,Sanchez,569,Spain,Male,48,5,141200.42,3,0,1,130837.59,0
2025,15605036,Schulz,693,France,Male,38,3,0.0,2,1,1,188276.54,0
2025,15602048,Richard,689,Spain,Female,32,4,0.0,2,1,0,70301.87,0
2025,15601574,Jimenez,532,Spain,Female,29,4,58062.16,1,1,1,149782.53,0
2025,15601487,Perez,758,Spain,Female,37,9,0.0,1,1,1,129594.12,0
2025,15603851,Krüger,639,Spain,Female,22,3,0.0,2,1,0,136072.71,0
2025,15604319,Schwarz,775,Germany,Female,30,10,162333.91,1,0,1,19333.6,0
2025,15603214,Becker,779,France,Male,29,6,100918.34,1,0,0,167605.52,0
2025,15606014,Schwarz,663,France,Male,35,5,97014.62,2,0,1,159178.22,0
2025,15607226,Muller,795,France,Male,47,7,128558.66,2,1,1,20567.65,0
2025,15601196,Garcia,568,Germany,Male,45,5,106337.1,2,1,1,36713.08,1
2025,15607589,Simon,662,Spain,Female,43,3,141615.44,2,1,0,97759.38,0
2025,15604688,Alonso,413,France,Female,52,5,0.0,1,0,0,188966.83,1
2025,15607233,Schwarz,508,Spain,Male,35,3,0.0,2,0,0,84567.9,0
2025,15603798,Gomez,631,France,Female,32,6,0.0,2,1,1,190355.68,0
2025,15603042,Alonso,657,France,Female,39,9,95926.35,1,1,1,194514.78,0
2025,15609481,Koch,697,France,Female,37,9,0.0,2,1,1,55932.47,0
2025,15602552,Navarro,642,Spain,Male,59,8,0.0,2,1,1,59467.46,0
2025,15603442,Schulz,510,Spain,Female,53,7,0.0,1,1,0,26020.55,0
2025,15606961,He,598,France,Male,50,9,100718.99,2,1,0,95009.29,1
2025,15606469,Zimmermann,683,Spain,Male,45,7,136813.97,2,0,1,17413.98,0
2025,15604043,Petit,566,Spain,Female,42,3,0.0,2,1,0,164137.52,0
2025,15600120,Lefebvre,717,Spain,Male,50,0,58647.91,4,1,0,149376.59,1
2025,15606896,Boni,800,Spain,Male,52,1,166233.28,1,0,1,166358.64,0
2025,15604507,Lefebvre,712,Spain,Male,38,0,80020.85,2,1,1,78044.66,0
2025,15607869,Krüger,567,Spain,Female,48,9,101654.32,2,1,0,59072.31,0
2025,15600067,Petit,770,France,Male,18,2,177305.19,1,1,0,27782.14,0
2025,15608339,Klein,698,France,Female,26,4,145059.25,2,0,1,14844.35,0
2025,15604300,Mitchell,630,Spain,Female,28,1,68633.66,1,1,1,85472.64,0
2025,15602205,Onio,486,Germany,Male,24,2,103693.0,1,1,1,13526.36,1
2025,15602311,Moreau,683,France,Female,46,2,0.0,1,1,0,198704.32,1
2025,15607101,Romero,447,Spain,Male,36,9,82604.42,2,0,1,155727.27,0
2025,15601523,Schäfer,584,Spain,Female,39,8,101278.76,2,1,1,13293.11,0
2025,15600181,Martin,639,Germany,Male,35,6,114153.81,2,1,0,172066.22,1
2025,15608542,Thomas,789,Spain,Female,41,1,160461.05,2,1,0,11899.05,1
2025,15601246,Schwarz,619,Spain,Male,35,3,147639.89,1,1,1,180940.4,0
2025,15609633,Dubois,592,France,Female,21,1,0.0,2,1,1,171551.83,0
2025,15605210,Gutierrez,636,Spain,Female,53,5,0.0,1,1,0,25104.71,0
2025,15601538,Muller,596,France,Male,44,7,0.0,2,0,0,123547.39,0
2025,15606207,Fischer,577,France,Female,46,6,0.0,1,1,0,27627.37,0
2025,15602229,Neumann,665,France,Male,20,4,116924.14,1,1,0,58611.95,0
2025,15609361,Dubois,730,Spain,Female,54,2,0.0,1,1,1,107601.52,0
2025,15606881,Chu,648,Spain,Female,21,8,0.0,1,0,1,20889.44,0
2025,15607778,Smith,648,Germany,Female,32,7,130377.9,2,1,1,198194.5,0
2025,15602372,Lopez,624,France,Male,38,9,0.0,2,0,0,61753.35,0
2025,15601119,Garcia,642,France,Female,44,9,135560.73,2,1,0,73195.78,0
2025,15608758,Moreau,789,Spain,Female,43,1,0.0,2,1,0,183504.05,0
2025,15606487,Durand,506,Spain,Female,37,6,0.0,2,1,0,32435.51,0
2025,15601540,Bauer,606,Spain,Female,23,2,94526.9,1,1,1,64519.53,0
2025,15608607,Martin,741,France,Female,43,1,0.0,2,1,0,28905.57,0
2025,15607063,Jimenez,590,Spain,Female,38,1,0.0,1,1,1,49705.94,0
2025,15602332,Lopez,562,France,Male,50,9,0.0,1,1,0,38845.34,1
2025,15606492,Chidiebere,676,Spain,Male,45,10,0.0,2,1,0,192403.03,0
2025,15601962,Torres,661,Spain,Female,47,4,0.0,1,1,0,89627.22,1
2025,15603458,Bernard,527,France,Male,34,4,0.0,1,1,1,182429.33,1
2025,15604318,Jimenez,687,Germany,Male,33,3,130972.08,2,0,1,175495.22,0
2025,15609897,Schröder,794,France,Female,33,8,0.0,2,1,0,106190.4,0
2025,15601807,Torres,568,France,Female,48,8,0.0,1,1,1,49088.88,0
2025,15608810,Obinna,649,France,Female,38,8,0.0,3,1,1,93976.23,1
2025,15603192,Lefebvre,796,Spain,Male,38,6,0.0,2,1,1,14390.52,0
2025,15608456,Leroy,502,France,Female,35,3,63563.34,1,1,0,197272.66,0
2025,15602047,Robert,485,Spain,Male,37,6,0.0,2,0,1,20214.42,0
2025,15603233,Koch,732,France,Male,33,8,0.0,1,1,0,40108.99,0
2025,15607157,Robert,713,France,Male,35,5,74935.11,1,1,0,52353.15,0
2025,15606473,Dominguez,715,France,Male,43,2,0.0,1,1,1,185250.38,0
2025,15607553,Bauer,604,France,Male,42,10,75623.36,1,1,1,130789.0,0
2025,15606214,Weber,611,Germany,Male,44,9,148246.61,2,1,0,125161.74,1
2025,15600059,Moreno,475,Spain,Female,50,7,0.0,2,0,0,190821.74,1
2025,15609701,Sanchez,474,France,Male,31,7,0.0,2,1,1,63837.68,0
2025,15608614,Garcia,699,Spain,Female,34,3,0.0,2,1,1,37201.83,0
2025,15606919,Krüger,534,France,Male,38,2,137266.95,3,1,1,15535.65,1
2025,15607297,Muller,739,Spain,Male,28,5,0.0,1,0,0,181501.16,0
2025,15602454,Hernandez,805,Spain,Male,34,3,0.0,1,1,0,99166.86,0
2025,15607364,Chu,603,Germany,Female,40,2,100617.91,2,1,0,11403.58,0
2025,15604029,Navarro,721,Germany,Male,62,10,108195.77,2,0,0,72899.39,1
2025,15607689,Becker,597,Germany,Male,44,5,94434.53,1,0,1,22045.47,1
2025,15603843,Neumann,745,Spain,Male,40,2,77466.32,2,1,1,79345.47,0
2025,15602349,Martin,809,France,Male,28,2,0.0,1,1,0,147770.04,0
2025,15602817,Durand,595,Spain,Male,35,8,142912.01,1,1,1,174385.87,0
2025,15601116,Boni,565,Spain,Female,40,0,133223.03,1,1,0,77231.14,0
2025,15600000,Richter,573,Spain,Female,33,1,0.0,1,1,1,90398.57,0
2025,15607845,Bauer,569,France,Male,47,7,0.0,2,1,1,191599.1,0
2025,15602486,Bartlett,604,France,Male,40,7,0.0,1,0,1,53012.2,0
2025,15608651,Braun,591,Germany,Female,36,8,85882.13,2,1,1,178460.61,0
2025,15609821,Rodriguez,640,Spain,Female,40,8,0.0,2,1,1,26861.55,0
2025,15603376,Perez,457,Germany,Male,29,0,129049.6,2,1,1,135586.68,0
2025,15606953,Bauer,689,Germany,Female,47,4,133767.35,1,0,0,44652.65,1
2025,15609084,Boni,641,Spain,Male,24,2,0.0,1,1,1,15714.8,0
2025,15607654,Garcia,596,Germany,Female,48,9,134270.66,1,1,0,76949.44,1
2025,15600733,Laurent,817,France,Male,45,9,0.0,2,0,0,181790.82,0
2025,15601860,Klein,569,Spain,Male,46,10,134378.65,1,1,1,176468.81,0
2025,15605634,Jimenez,583,France,Female,32,4,0.0,2,1,1,63285.74,0
2025,15604411,Onio,635,France,Male,60,3,0.0,1,1,1,65246.99,1
2025,15609732,Alonso,641,France,Female,37,4,0.0,2,0,1,88813.44,0
2025,15607681,Dubois,615,Spain,Female,31,10,0.0,1,1,0,133503.26,0
2025,15603740,Schröder,633,Germany,Female,36,9,89453.11,1,0,1,171094.37,0
2025,15601450,Lefebvre,507,Spain,Male,39,6,0.0,1,0,1,152006.33,0
2025,15608398,Lopez,579,Germany,Female,28,5,65106.19,1,1,0,149679.24,1
2025,15604308,Garcia,701,France,Male,18,4,121555.31,2,0,1,199785.12,0
2025,15602231,Wagner,715,France,Female,42,6,118866.1,1,0,0,124092.71,1
2025,15603827,Michel,650,France,Female,45,0,128382.27,2,1,0,58500.64,0
2025,15606875,Garcia,716,Spain,Male,46,2,0.0,2,1,0,159251.74,0
2025,15609934,Muller,629,France,Female,23,2,0.0,2,1,0,23462.58,0
2025,15605936,Muller,568,France,Female,19,0,0.0,4,1,0,195035.47,1
2025,15600287,Meyer,612,France,Male,49,7,0.0,1,1,0,91626.91,0
2025,15600234,Moreau,567,France,Male,35,8,100291.3,1,1,1,185641.29,0
2025,15604657,Chidiebere,498,Germany,Male,37,7,97861.98,1,1,1,42300.29,0
2025,15601075,Moreau,561,Spain,Male,59,3,0.0,2,1,0,75920.69,1
2025,15609439,Jimenez,725,Germany,Female,39,6,143279.46,1,1,0,168285.85,0
2025,15608627,Braun,571,Spain,Female,44,0,0.0,2,0,1,136562.3,0
2025,15602327,Gutierrez,639,Spain,Male,28,0,0.0,1,1,0,87194.88,0
2025,15602026,Weber,541,France,Female,50,9,0.0,1,0,1,11440.13,0
2025,15601878,Bauer,479,France,Male,33,8,0.0,1,0,1,171952.05,0
2025,15602534,Becker,651,France,Female,49,2,0.0,1,1,0,134207.57,1
2025,15603193,Schneider,579,Germany,Male,36,0,148953.93,2,1,0,86611.49,0
2025,15606453,Alvarez,497,Spain,Male,25,2,0.0,1,0,0,45837.06,1
2025,15606373,Gomez,398,France,Female,18,4,78376.47,1,1,1,69316.56,0
2025,15602150,Boni,632,Spain,Female,41,4,26495.66,1,0,1,147706.93,0
2025,15604926,Dominguez,677,Spain,Female,40,0,0.0,1,1,0,177711.99,0
2025,15600681,Bernard,819,France,Male,43,10,0.0,1,1,1,141799.41,0
2025,15609959,Moreno,653,France,Male,22,10,102020.72,2,1,1,36738.51,0
2025,15607090,Obinna,627,France,Female,51,7,99255.99,1,1,0,157222.48,0
2025,15605031,Schulz,740,France,Male,30,6,136258.18,1,1,0,71295.73,0
2025,15603876,He,696,Germany,Male,32,7,145887.84,2,1,0,37166.62,1
2025,15608555,Diaz,722,France,Female,46,0,86499.08,2,0,1,177585.0,0
2025,15606191,Becker,680,France,Male,35,1,0.0,1,1,1,121154.22,0
2025,15600843,Lopez,719,Germany,Female,41,10,120652.95,3,1,1,37285.27,1
2025,15607816,Schneider,654,Germany,Male,56,9,134328.69,1,0,1,112414.02,1
2025,15606303,Petit,596,Spain,Female,47,0,94040.0,1,0,0,143574.92,0
2025,15601725,Schröder,762,Spain,Male,46,2,80084.42,4,0,0,66798.47,1
2025,15608833,Chidiebere,628,Germany,Male,18,3,97394.93,2,1,0,83108.5,0
2025,15609265,Munoz,554,France,Female,22,6,186683.53,2,1,1,22041.4,0
2025,15601922,Richard,601,France,Female,30,3,69896.79,1,1,1,139745.57,1
2025,15601024,Martinez,689,Germany,Male,25,9,129127.08,2,1,0,97708.1,0
2025,15608152,Jimenez,504,Germany,Female,31,2,105802.84,1,1,0,125714.7,1
2025,15604463,Hargrave,522,France,Female,30,3,186161.97,2,0,1,70674.72,0
2025,15606728,Dubois,568,Spain,Female,53,4,97424.28,1,1,0,23507.37,1
2025,15608594,Martinez,769,Spain,Male,56,8,125932.63,2,0,1,76079.48,0
2025,15603688,Garcia,595,France,Female,34,2,88228.78,2,0,1,146226.13,0
2025,15604267,Neumann,800,France,Male,33,5,145689.71,1,1,1,121304.11,0
2025,15602975,Lefebvre,846,Germany,Female,25,3,124141.03,1,1,0,45766.24,0
2025,15609594,Smith,815,Germany,Male,32,0,151179.33,2,1,0,87332.61,0
2025,15606269,Schröder,812,Germany,Male,38,5,140023.78,2,1,0,108667.46,0
2025,15603239,Krüger,526,France,Male,38,5,50401.49,1,0,0,105046.62,0
2025,15608186,Wolf,624,Germany,Female,37,2,142707.34,2,1,0,110632.5,0
2025,15606979,Torres,565,France,Female,18,9,0.0,2,1,1,17678.36,0
2025,15602595,Navarro,676,France,Female,33,10,0.0,2,1,1,83504.55,0
2025,15602568,Laurent,575,Spain,Female,23,5,63739.64,1,1,0,30269.31,1
2025,15609229,Rodriguez,753,Spain,Male,38,4,0.0,1,1,0,45772.93,0
2025,15608091,Meyer,738,France,Female,37,10,0.0,2,1,0,122696.27,0
2025,15601327,Muller,620,Spain,Female,33,8,80674.39,2,1,0,162163.25,0
2025,15600648,Bauer,618,France,Male,42,0,122135.3,2,0,0,89380.91,0
2025,15600584,Romero,708,Germany,Male,49,9,175815.96,2,0,1,137623.08,1
2025,15603315,Becker,477,France,Male,34,4,94616.12,2,1,1,64001.97,0
2025,15603455,Diaz,511,France,Male,49,6,147035.79,2,1,0,120379.62,0
2025,15602763,Garcia,427,Germany,Female,51,0,96090.01,1,0,1,66514.29,1
2025,15601372,Schäfer,667,France,Female,40,10,93603.47,1,0,0,65286.79,0
2025,15601186,Garcia,599,Germany,Male,39,10,94886.34,2,1,1,196102.57,0
2025,15605478,Lopez,657,France,Female,54,0,0.0,2,0,0,38912.39,0
2025,15605055,Petit,539,France,Female,18,8,139755.42,2,1,1,140641.42,0
2025,15603121,Thomas,645,Spain,Female,40,1,0.0,1,0,1,41294.45,0
2025,15605049,Ruiz,574,France,Male,36,7,84977.45,2,1,1,174578.12,0
2025,15603661,Alonso,677,Spain,Male,52,1,69938.18,2,0,0,36638.36,0
2025,15609076,Michel,644,France,Male,46,7,57334.31,2,1,0,70295.11,0
2025,15604762,Garcia,620,Spain,Female,30,7,0.0,1,1,1,185442.27,0
2025,15606623,Krüger,670,France,Female,39,8,0.0,1,1,1,188062.81,0
2025,15609909,Michel,751,France,Male,29,0,0.0,1,0,1,192552.45,0
2025,15607798,Weber,592,France,Female,41,9,134585.04,2,1,1,179059.73,0
2025,15606852,Moreno,628,Spain,Male,26,0,107320.1,1,0,0,119595.52,0
2025,15601629,Schwarz,685,Germany,Male,37,9,108662.67,1,1,0,84176.23,0
2025,15606479,Laurent,734,Spain,Male,60,10,67598.0,2,1,0,120498.8,0
2025,15609773,Klein,749,Germany,Male,52,0,105881.63,1,0,0,197720.44,1
2025,15603373,Rodriguez,776,Germany,Male,49,6,137520.43,1,1,0,160145.31,1
2025,15600162,Torres,596,France,Female,37,5,0.0,2,0,0,37464.01,0
2025,15602819,Alvarez,722,France,Female,26,8,148620.51,1,0,0,166649.17,0
2025,15604859,Navarro,647,Germany,Female,40,2,81328.89,1,1,0,135746.8,0
2025,15602951,Dupont,624,Spain,Male,43,10,86925.33,2,0,1,146893.88,0
2025,15602957,Durand,461,Germany,Male,34,0,130601.8,1,0,1,52348.34,0
2025,15602128,Munoz,482,France,Male,41,2,0.0,1,0,1,118362.84,0
2025,15602741,Bartlett,611,France,Female,44,7,99785.59,1,1,0,25974.57,0
2025,15603685,Moreau,745,France,Male,40,4,0.0,2,1,0,118746.08,0
2025,15604748,Gutierrez,606,France,Female,34,0,0.0,2,1,0,162238.73,0
2025,15606215,Martin,651,France,Male,38,5,0.0,2,1,1,45795.35,0
2025,15606616,Torres,786,France,Female,18,1,121996.78,1,0,1,149320.26,0
2025,15601765,Chidiebere,722,France,Female,44,1,0.0,2,1,0,112646.62,0
2025,15600491,Schröder,799,Spain,Female,41,0,0.0,1,1,0,127345.37,0
2025,15601338,Muller,715,France,Male,22,5,0.0,1,1,1,101090.04,0
2025,15600810,Durand,540,Spain,Male,36,4,97153.81,2,1,0,145222.3,0
2025,15608960,Ruiz,718,Germany,Female,29,9,134188.41,1,1,0,122971.51,0
2025,15600390,Schmidt,461,France,Female,53,6,83119.07,4,1,1,189276.38,1
2025,15602055,Ruiz,601,Germany,Male,36,0,82589.39,1,1,0,129656.19,0
2025,15608783,Moreau,729,Germany,Male,45,2,167691.47,2,1,0,125881.26,1
2025,15606762,Bernard,614,France,Male,47,7,159128.85,1,0,0,37045.33,0
2025,15604467,Hernandez,742,Spain,Male,40,9,0.0,1,1,0,41364.8,0
2025,15604235,Schäfer,662,Spain,Male,42,6,143262.8,2,0,0,167217.26,0
2025,15609715,Obinna,747,Germany,Male,51,8,112264.35,1,1,0,91427.54,1
2025,15606305,Schwarz,574,Germany,Female,47,6,129593.76,2,1,1,112732.21,1
2025,15608218,Onio,726,France,Female,23,8,0.0,1,1,0,195434.13,0
2025,15601446,Becker,568,France,Male,20,2,131644.8,1,0,1,191347.31,0
2025,15609656,Moreau,759,Germany,Male,53,6,125363.08,2,1,0,49778.25,1
2025,15603874,Durand,503,Spain,Male,38,0,84269.12,2,0,1,19841.79,0
2025,15609258,Alonso,702,France,Male,40,7,96945.05,2,0,0,189190.32,0
2025,15601194,Jimenez,597,Spain,Male,32,9,126205.55,1,1,1,61371.45,0
2025,15601606,Leroy,494,Spain,Female,48,9,55366.01,2,1,0,182761.95,0
2025,15608723,Neumann,522,France,Male,31,7,99306.46,2,0,0,183608.69,0
2025,15607176,Hargrave,749,Spain,Male,32,0,155577.58,2,1,1,133929.05,0
2025,15601931,Martin,475,France,Female,33,8,221704.75,3,0,0,40553.66,1
2025,15607836,Schmidt,780,France,Male,20,6,0.0,3,0,1,179656.55,0
2025,15600818,Navarro,543,France,Male,32,0,121138.39,1,1,1,70751.71,0
2025,15601872,Chu,620,France,Female,50,10,0.0,3,1,1,64285.77,1
2025,15606016,Dominguez,738,Spain,Male,38,2,127830.12,2,0,1,100167.34,0
2025,15606032,Dupont,787,Germany,Female,43,5,90991.38,1,1,1,97977.13,1
2025,15603692,Schneider,598,France,Female,47,7,0.0,1,1,1,118451.23,0
2025,15608885,Leroy,603,France,Male,42,4,0.0,1,0,1,69956.12,0
2025,15609390,Leroy,484,Germany,Female,39,7,96105.88,1,1,0,88794.83,0
2025,15606996,Garcia,676,France,Male,28,6,101342.46,1,1,0,73609.34,0
2025,15606107,Dupont,602,France,Male,30,4,147214.2,2,1,1,107137.72,0
2025,15603433,Ruiz,561,Germany,Male,19,10,174663.9,2,0,0,68117.11,0
2025,15601724,Boni,753,France,Female,28,4,0.0,2,1,1,28713.09,0
2025,15603472,Thomas,472,France,Female,55,6,0.0,1,1,1,139249.29,0
2025,15608156,Klein,592,Spain,Male,39,10,0.0,1,1,1,59180.26,0
2025,15608599,Weber,759,France,Male,38,1,0.0,1,1,1,189867.34,0
2025,15608118,Bernard,780,Spain,Female,30,5,134500.72,2,1,1,112223.29,0
2025,15607822,Wagner,781,France,Male,37,9,103954.11,1,1,1,23490.09,0
2025,15604659,Laurent,635,Germany,Male,38,10,120764.85,1,1,1,74634.71,0
2025,15602206,Chu,698,Germany,Female,33,10,107959.62,1,1,1,44723.56,0
2025,15601942,Gutierrez,821,France,Male,46,0,132816.46,2,1,1,141613.49,0
2025,15608932,Sanchez,538,France,Female,36,1,0.0,2,0,1,161928.33,0
2025,15606073,Moreno,850,France,Female,29,10,93757.11,2,0,1,107837.41,0
2025,15602127,Hargrave,850,France,Male,18,10,99757.35,2,0,0,171422.91,0
2025,15608508,Rodriguez,542,Germany,Female,41,2,159654.12,1,1,1,63442.74,1
2025,15602665,Sanchez,832,Germany,Female,27,9,178928.07,1,0,0,192691.38,0
2025,15600825,Moreno,678,France,Female,37,10,0.0,2,0,1,131622.37,0
2025,15603108,Becker,739,France,Female,54,6,0.0,1,1,1,26960.06,0
2025,15605823,Simon,814,Spain,Female,52,6,62229.59,1,1,0,95005.99,0
2025,15609429,Obinna,798,Spain,Female,42,4,0.0,4,1,0,48220.29,1
2025,15600068,Leroy,678,France,Female,31,7,0.0,2,1,0,102606.99,0
2025,15602585,He,764,France,Male,39,8,116386.72,2,1,1,57935.3,0
2025,15603768,Moreno,481,Spain,Female,53,7,0.0,2,1,1,155475.05,0
2025,15604245,Dominguez,777,France,Male,30,10,115998.57,3,1,1,79154.93,0
2025,15609206,Wolf,543,Spain,Female,18,5,87065.15,1,1,0,25409.45,0
2025,15608147,Smith,570,Spain,Male,40,0,0.0,1,1,1,93823.07,0
2025,15606432,Chu,709,Germany,Female,45,0,117044.54,1,0,0,18336.77,1
2025,15603225,Munoz,638,Germany,Male,47,8,80640.3,1,1,1,146717.24,1
2025,15602844,Richard,850,France,Female,35,6,0.0,1,1,1,162490.32,0
2025,15607719,Sanchez,717,France,Male,49,6,103346.76,2,1,1,102767.76,0
2025,15608400,Martinez,672,Spain,Male,30,6,105102.52,1,1,0,80683.29,0
2025,15607966,Martin,764,France,Male,33,2,137666.47,1,1,0,129448.92,0
2025,15606960,Bartlett,564,Germany,Female,36,4,106710.27,2,1,1,107072.38,0
2025,15604306,Hargrave,552,Spain,Male,48,8,0.0,2,1,0,51817.66,0
2025,15600443,Gutierrez,493,Spain,Female,39,0,73371.63,2,1,1,17566.56,0
2025,15604828,Weber,634,Germany,Female,18,10,60370.82,2,1,1,155141.79,0
2025,15601819,Hill,538,Spain,Female,48,4,0.0,2,1,0,83578.25,0
2025,15605099,Lopez,608,Spain,Male,53,8,0.0,2,0,1,76125.01,0
2025,15602295,Petit,615,France,Female,38,8,0.0,1,1,1,133656.3,0
2025,15604187,Dupont,696,Spain,Female,26,8,0.0,2,1,1,114458.75,0
2025,15605273,Smith,635,France,Male,43,7,116271.57,2,0,0,156509.94,0
2025,15604020,Boni,722,France,Female,31,2,38212.08,1,0,1,153172.26,0
2025,15607275,Wolf,754,Germany,Female,44,8,97394.97,1,1,0,91039.24,1
2025,15609695,Michel,761,Spain,Male,49,2,0.0,2,1,0,101673.76,0
2025,15602583,Schröder,635,Spain,Female,55,8,152991.76,2,1,1,89604.75,0
2025,15603040,Braun,703,Germany,Female,43,1,136429.41,1,1,1,41236.99,1
2025,15604627,Neumann,705,France,Female,38,7,121337.81,2,0,0,192411.46,0
2025,15600346,Dupont,720,France,Female,18,9,75106.46,2,1,1,79979.86,0
2025,15604705,Schulz,614,France,Male,42,5,113590.2,2,1,0,98279.19,0
2025,15604035,Garcia,679,France,Male,44,3,118399.74,1,0,0,61013.69,0
2025,15607163,Becker,551,Germany,Male,19,3,100603.24,2,0,1,130492.0,0
2025,15606147,Hernandez,757,France,Male,41,8,0.0,2,1,0,129420.93,0
2025,15604589,Durand,480,Germany,Female,29,7,125280.75,1,0,1,116503.75,1
2025,15601277,Munoz,607,Spain,Female,35,4,226173.21,1,0,1,45738.82,0
2025,15602916,Schneider,620,Germany,Male,24,4,114486.3,1,1,0,155907.13,1
2025,15606629,Schwarz,664,France,Male,53,1,131174.3,3,1,0,58867.95,1
2025,15601661,Zimmermann,711,Spain,Female,42,2,0.0,2,1,0,94997.71,1
2025,15601877,Bartlett,637,France,Male,23,2,136009.32,1,1,1,38761.44,0
2025,15605970,Lopez,707,France,Male,19,2,141968.97,2,1,0,177479.2,0
2025,15602174,Meyer,600,Spain,Female,49,7,0.0,2,1,0,190592.78,0
2025,15607830,Gutierrez,850,France,Male,40,8,151444.6,1,1,0,115570.03,0
2025,15601923,Schäfer,628,France,Female,35,10,141196.67,2,1,0,140743.3,0
2025,15605809,Bauer,625,Spain,Male,26,5,109686.81,1,1,0,159798.71,0
2025,15604087,Wagner,575,France,Male,40,8,140336.25,1,0,0,176775.27,0
2025,15608767,Hill,688,Spain,Male,38,1,150393.9,2,1,0,180191.96,0
2025,15601497,Mitchell,642,Spain,Female,39,8,181449.22,2,1,0,121923.38,1
2025,15605587,Schäfer,643,Germany,Female,18,3,133957.03,1,1,1,55030.45,0
2025,15609542,Gomez,745,France,Male,37,0,166252.4,2,0,0,34474.47,0
2025,15602896,Richard,510,Spain,Female,43,3,0.0,2,1,1,104867.69,0
2025,15605088,Thomas,664,Germany,Male,72,1,119493.29,1,1,1,84218.84,1
2025,15603903,Alvarez,682,France,Male,47,8,0.0,1,1,0,63553.61,0
2025,15609760,Schwarz,705,Spain,Male,46,9,77969.52,1,1,0,159740.76,1
2025,15607154,Bernard,579,Germany,Female,40,7,77913.62,1,1,1,110672.47,1
2025,15602801,Diaz,675,France,Female,29,4,0.0,1,1,0,184983.64,0
2025,15608378,Chu,741,Spain,Female,25,4,136783.15,1,1,0,99674.96,0
2025,15605276,Neumann,626,Germany,Male,34,6,135737.04,2,1,0,190848.18,0
2025,15607844,Ruiz,773,France,Male,54,3,0.0,1,1,1,182748.37,0
2025,15605342,Romero,602,France,Female,51,7,166846.31,1,1,0,65119.7,0
2025,15605899,Martinez,798,France,Female,41,1,101293.94,3,0,1,54789.04,1
2025,15606926,Bartlett,850,France,Male,41,5,0.0,4,0,1,188400.38,0
2025,15607274,Mitchell,527,France,Male,39,6,92671.62,2,0,1,34007.99,0
2025,15609784,Hargrave,632,France,Male,28,1,73223.22,1,1,0,125732.76,0
2025,15604514,Moreno,587,France,Male,21,5,81638.35,1,0,1,158893.93,0
2025,15608340,Hill,589,Spain,Female,37,9,0.0,2,0,0,79033.24,0
2025,15602586,Dupont,627,France,Male,37,8,154595.31,1,1,0,24232.14,0
2025,15601883,Martin,525,France,Male,66,1,0.0,1,1,0,110456.93,0
2025,15601805,Martinez,645,France,Male,39,9,0.0,2,0,0,88871.77,0
2025,15603134,Klein,769,Germany,Male,47,8,65946.73,2,1,1,93437.65,1
2025,15606402,Romero,598,Spain,Male,26,6,0.0,2,1,0,168777.62,0
2025,15605725,Laurent,727,Spain,Female,29,0,0.0,1,1,0,55675.56,0
2025,15607653,Hernandez,704,Germany,Male,59,10,130515.92,2,1,1,147148.92,1
2025,15603948,Hargrave,534,France,Female,30,2,111173.14,1,1,0,42254.26,0
2025,15608524,Zimmermann,618,France,Male,25,10,120717.56,1,1,1,196026.32,0
2025,15603774,Bernard,685,France,Female,58,2,0.0,1,1,0,30326.85,1
2025,15603758,Rodriguez,425,Spain,Male,35,8,122789.28,1,1,1,47775.0,0
2025,15602782,Meyer,635,France,Female,40,0,0.0,2,1,0,18949.58,0
2025,15608598,Bartlett,620,France,Male,51,7,0.0,1,1,1,33442.66,0
2025,15603961,He,714,Spain,Male,40,4,0.0,2,0,1,169440.6,0
2025,15608124,Petit,635,Spain,Male,39,8,0.0,1,1,0,121915.0,0
2025,15603627,Hill,564,France,Male,33,7,194977.8,3,1,1,80276.14,1
2025,15602049,Lopez,663,France,Male,33,7,0.0,1,1,1,53200.82,0
2025,15607462,Krüger,504,Germany,Female,27,7,108594.53,1,1,0,99871.22,0
2025,15605044,Obinna,710,France,Male,28,10,33974.28,1,1,0,164613.08,0
2025,15606989,Richter,459,Germany,Female,50,6,141419.13,1,1,0,80128.84,1
2025,15606776,Schröder,617,Germany,Female,30,1,143652.4,1,1,0,78560.62,0
2025,15608985,Becker,617,Spain,Male,39,6,0.0,1,1,0,57478.58,0
2025,15602410,Romero,720,France,Female,48,5,151939.07,1,1,0,171942.37,0
2025,15604121,Garcia,619,Spain,Female,58,5,0.0,2,1,1,93367.64,0
2025,15600592,Dupont,651,France,Male,40,4,0.0,2,1,1,156566.5,0
2025,15605508,Romero,779,France,Male,22,3,102257.92,2,1,0,175947.5,0
2025,15604147,Smith,717,France,Female,54,9,0.0,1,0,1,46140.39,0
2025,15605647,Weber,689,France,Male,39,1,0.0,2,0,0,128868.83,0
2025,15601433,He,558,Spain,Male,23,10,80887.6,2,1,0,185303.07,0
2025,15606177,Bauer,552,France,Female,33,0,171363.04,1,1,1,72923.47,0
2025,15605955,Perez,581,France,Female,44,0,0.0,2,0,0,164751.9,0
2025,15603309,Richard,650,Spain,Male,27,7,106838.31,1,0,0,42937.97,0
2025,15603725,Martin,754,France,Male,50,2,0.0,1,1,0,16112.43,0
2025,15605468,Alvarez,614,Spain,Male,40,10,121178.56,1,0,0,91230.28,0
2025,15605526,Sanchez,626,Germany,Male,44,1,120052.1,2,0,1,61431.4,1
2025,15602265,Romero,756,Spain,Female,41,5,148853.54,2,1,1,115400.75,0
2025,15602846,Neumann,668,France,Male,35,0,0.0,3,0,0,163351.06,1
2025,15609533,Durand,606,France,Male,28,7,100424.63,2,1,0,92321.49,0
2025,15609174,Hoffmann,541,France,Female,59,7,0.0,1,0,1,146310.67,0
2025,15607317,Sanchez,682,Germany,Female,44,10,106371.17,1,1,0,199364.86,1
2025,15600738,Wolf,676,Germany,Female,59,1,128476.34,2,1,1,146647.11,1
2025,15600562,Weber,631,France,Male,54,3,141378.84,2,0,1,133513.29,0
2025,15607407,Bernard,749,Spain,Female,42,8,0.0,1,1,0,191765.99,1
2025,15606439,Meyer,589,France,Female,36,10,0.0,1,1,0,109167.61,0
2025,15605458,Diaz,750,Germany,Male,42,1,63091.74,1,1,1,120548.11,1
2025,15604666,Schröder,663,France,Female,32,0,0.0,2,1,0,72497.89,0
2025,15603237,Schulz,643,France,Female,57,9,0.0,2,1,1,118697.86,0
2025,15602892,Muller,611,Spain,Male,42,7,0.0,2,1,1,14231.65,0
2025,15603272,Wagner,824,France,Female,43,5,118584.14,1,0,0,73764.85,1
2025,15608349,Schäfer,553,France,Female,36,6,0.0,1,1,1,44887.84,0
2025,15609956,Smith,530,Germany,Female,43,7,128574.71,1,0,1,24952.51,1
2025,15607734,Hoffmann,726,France,Male,47,10,0.0,2,0,0,142140.83,0
2025,15600002,Rodriguez,691,Germany,Female,55,0,92780.8,1,0,1,95727.2,1
2025,15601959,Durand,665,France,Female,34,10,0.0,2,1,0,53226.75,0
2025,15608571,Schwarz,684,Germany,Male,31,2,99253.23,1,1,1,42149.93,0
2025,15600295,Hoffmann,652,France,Male,60,5,0.0,2,1,1,39891.42,0
2025,15607065,Fischer,520,France,Female,36,1,0.0,1,1,0,122099.97,0
2025,15601897,Martin,444,France,Female,45,6,0.0,2,1,1,12109.71,0
2025,15606259,Navarro,629,Spain,Male,37,7,82551.12,1,1,1,192786.47,0
2025,15604182,Chu,579,Germany,Female,35,3,89681.74,2,1,1,70785.0,0
2025,15607534,Braun,561,France,Female,18,9,122013.54,1,1,0,120916.77,0
2025,15601595,Hernandez,717,Germany,Female,24,1,153577.45,1,1,1,95847.44,0
2025,15605068,Wagner,698,France,Female,42,7,0.0,1,0,1,104670.37,1
2025,15604244,Schulz,817,France,Male,44,6,0.0,1,1,1,64277.74,0
2025,15609312,Moreno,662,Spain,Male,39,2,70228.4,1,0,1,79559.09,1
2025,15600087,Martinez,637,France,Male,44,7,176178.72,2,1,0,108964.05,0
2025,15606741,Dubois,678,Germany,Female,26,2,98813.14,2,1,1,181183.34,0
2025,15604049,Klein,812,France,Male,44,4,0.0,1,1,0,129738.55,0
2025,15601435,Michel,782,Germany,Female,34,3,105261.82,1,1,0,64287.98,0
2025,15609314,Dubois,749,France,Female,44,3,101778.75,1,0,1,81966.67,0
2025,15606394,Lefebvre,562,France,Female,42,7,182256.98,2,1,1,182349.11,0
2025,15608427,Michel,547,France,Male,18,1,106764.63,2,1,0,144837.08,0
2025,15603282,Martin,679,Germany,Male,42,2,50724.6,1,1,1,36099.37,1
2025,15603148,Garcia,491,France,Male,41,4,149919.19,1,1,0,43478.87,0
2025,15609308,Schulz,848,France,Female,51,5,0.0,2,1,1,68124.0,0
2025,15600655,Koch,594,Spain,Male,41,3,0.0,2,1,1,137949.25,0
2025,15603037,Hoffmann,725,Germany,Male,29,5,186335.69,1,0,1,182623.31,0
2025,15606842,Lefebvre,790,France,Male,30,6,125528.73,2,1,1,94206.85,0
2025,15602155,Schmidt,560,Spain,Male,50,10,161786.98,1,1,1,130136.15,0
2025,15600524,Munoz,557,France,Female,39,0,80226.47,1,1,1,54272.69,0
2025,15609643,Dubois,621,France,Male,34,1,23399.54,2,1,1,91718.5,0
2025,15605730,Schneider,719,Germany,Male,48,10,91871.16,1,1,0,13133.71,1
2025,15607979,Weber,481,Spain,Male,34,9,71623.75,2,1,1,42120.31,0
2025,15607291,Alvarez,644,Germany,Male,40,9,122704.25,2,1,0,109944.01,0
2025,15608528,Hill,735,Spain,Female,34,2,87853.57,1,1,0,135477.19,1
2025,15609194,Smith,702,Spain,Male,39,5,42166.4,1,1,0,84483.51,0
2025,15607174,Chidiebere,590,Spain,Male,45,10,141614.11,4,1,0,157291.8,0
2025,15601316,Weber,639,Spain,Male,47,5,148984.69,2,1,1,13571.3,0
2025,15600426,Hargrave,688,France,Female,48,0,40535.87,1,0,1,117009.03,0
2025,15609291,Perez,645,Germany,Female,53,5,81302.4,1,1,0,124086.86,1
2025,15602772,Richard,760,Germany,Female,26,2,62597.49,1,0,1,16318.74,1
2025,15608559,Klein,647,France,Male,25,3,92180.73,1,1,0,131607.72,1
2025,15605115,Gutierrez,624,Spain,Female,40,9,0.0,2,1,0,63486.5,0
2025,15601756,Robert,540,Germany,Male,18,10,64986.83,2,1,0,19583.43,0
2025,15609722,Alvarez,768,France,Male,53,10,0.0,1,1,1,163597.47,0
2025,15601325,Smith,487,France,Male,39,10,0.0,1,1,1,53355.39,0
2025,15605897,Schäfer,590,Spain,Female,31,4,96287.9,2,1,1,187454.87,0
2025,15604646,Martin,672,Germany,Male,49,1,93783.57,2,0,0,145173.13,1
2025,15600975,Boni,712,Spain,Female,49,10,0.0,1,1,1,49622.7,1
2025,15605094,Mitchell,808,France,Female,25,1,0.0,2,0,0,34036.74,0
2025,15603261,Laurent,640,Spain,Female,60,5,103802.87,1,1,0,134748.58,1
2025,15605410,Jimenez,617,Spain,Female,40,1,0.0,1,0,1,11022.56,0
2025,15602512,Dominguez,635,Spain,Male,39,6,0.0,2,1,1,59035.78,0
2025,15602078,Martin,770,France,Female,38,8,150281.92,2,1,1,124888.13,0
2025,15603962,Becker,550,Spain,Female,57,6,90675.16,2,1,0,75655.15,0
2025,15606756,Schmidt,492,France,Male,18,6,0.0,1,0,0,81376.23,0
2025,15603032,Moreno,591,Spain,Male,45,6,139319.55,2,1,1,114526.12,0
2025,15601464,Schäfer,605,Germany,Female,47,8,115950.78,1,0,0,98884.43,1
2025,15603952,Jimenez,678,Spain,Male,38,1,0.0,2,1,1,181013.83,0
2025,15604567,Schwarz,623,France,Male,33,0,80731.86,2,1,1,103575.48,0
2025,15609676,Munoz,695,Spain,Male,51,7,156629.3,1,1,0,37554.32,0
2025,15607866,Moreau,813,France,Female,44,7,118281.39,1,0,0,177497.46,1
2025,15601668,Schröder,653,Germany,Female,30,5,108029.41,1,0,0,102250.92,0
2025,15605719,Bartlett,573,France,Female,37,8,0.0,1,0,1,144147.08,0
2025,15602257,Mitchell,630,Germany,Male,29,6,110431.19,1,0,1,100524.67,0
2025,15608086,Mitchell,692,France,Male,47,5,0.0,2,1,0,110433.76,0
2025,15606388,Boni,682,France,Male,37,6,141965.8,1,1,1,55637.23,0
2025,15604391,Garcia,764,France,Male,18,3,88697.03,2,1,1,195664.25,0
2025,15602140,Mitchell,566,Germany,Female,39,6,141954.45,1,1,1,92529.99,0
2025,15602077,Schulz,590,France,Female,33,6,141413.81,2,1,1,120067.55,0
2025,15603490,Moreau,662,Spain,Female,37,10,0.0,1,1,0,93350.44,0
2025,15601267,Robert,615,France,Female,47,5,0.0,1,0,0,59566.51,0
2025,15600873,Chu,620,Germany,Male,48,3,126793.62,1,1,0,26735.36,1
2025,15607831,Smith,809,Spain,Male,55,3,0.0,1,1,0,111477.4,0
2025,15607607,Michel,591,France,Male,44,5,134512.18,3,1,1,72377.63,1
2025,15602587,Schröder,696,France,Female,53,5,0.0,1,0,0,141293.47,0
2025,15609776,Dupont,630,France,Male,26,6,0.0,2,1,0,36442.64,0
2025,15603072,Obinna,555,France,Female,26,2,0.0,2,0,1,69294.85,0
2025,15605589,Weber,547,France,Male,39,0,101707.76,2,1,1,118147.8,0
2025,15605715,Hoffmann,498,Spain,Male,47,7,0.0,1,1,0,25592.02,0
2025,15608772,He,716,France,Female,46,9,0.0,1,1,1,162246.14,1
2025,15605710,Boni,691,France,Male,20,4,0.0,1,1,0,65556.12,0
2025,15609642,Klein,710,Germany,Male,64,1,69082.61,2,1,1,81471.25,1
2025,15600044,Mitchell,521,Spain,Male,24,7,44570.59,1,1,1,33632.53,0
2025,15608550,Leroy,585,Germany,Male,49,8,109465.56,1,1,0,186051.58,1
2025,15602111,Laurent,774,France,Female,33,6,0.0,2,0,1,74144.81,0
2025,15603347,Bernard,531,France,Male,41,2,0.0,2,1,0,69109.17,0
2025,15604454,Michel,850,France,Female,50,9,105654.65,2,0,1,175549.95,0
2025,15602320,Braun,689,Germany,Male,38,2,163891.22,1,1,1,160778.85,0
2025,15608377,Petit,665,Spain,Female,41,2,98287.76,2,1,0,142283.62,0
2025,15601904,Perez,595,France,Female,60,4,74321.88,1,1,1,11159.87,1
2025,15609373,Dupont,633,Germany,Male,55,10,139275.4,2,0,0,38076.58,1
2025,15609537,Perez,704,France,Female,49,0,0.0,1,0,0,98222.45,0
2025,15604765,Schwarz,750,France,Male,29,10,90829.81,1,0,0,13514.75,0
2025,15608739,Romero,666,Germany,Male,19,3,147949.37,1,0,1,161628.57,0
2025,15607158,Wolf,721,France,Female,47,5,0.0,2,1,1,176749.12,0
2025,15608590,Wagner,553,France,Female,45,4,151251.62,1,1,1,186623.37,1
2025,15603123,Boni,568,Spain,Male,37,9,0.0,2,1,1,129544.24,0
2025,15604706,Weber,703,Spain,Female,36,0,0.0,1,1,1,170231.43,0
2025,15601879,Schulz,669,Germany,Male,30,7,136231.91,2,1,0,72957.76,0
2025,15605427,Chu,663,France,Female,49,5,0.0,1,1,0,173948.53,0
2025,15608844,Garcia,562,Germany,Female,39,9,121907.18,2,1,0,32984.74,0
2025,15600355,Gutierrez,628,France,Male,52,9,0.0,2,1,1,148215.0,0
2025,15603034,Becker,675,France,Male,44,5,123000.54,1,1,0,20766.93,0
2025,15603446,Petit,613,France,Male,19,9,0.0,1,1,0,81556.74,0
2025,15608008,Ruiz,635,France,Female,49,1,61010.13,2,0,1,46190.85,0
2025,15603534,Schneider,770,France,Male,30,7,49135.04,2,1,1,142018.22,0
2025,15609849,Hill,453,Spain,Male,39,3,0.0,1,1,1,141621.0,0
2025,15607585,Schneider,593,France,Male,46,5,177256.6,2,0,0,191423.99,0
2025,15601067,Schulz,732,France,Male,27,1,0.0,2,1,0,76442.96,0
2025,15608396,Fischer,667,France,Male,44,4,0.0,1,1,0,73413.8,0
2025,15609164,Meyer,537,Germany,Male,56,7,94675.13,2,1,1,157597.38,1
2025,15600962,Moreau,680,Spain,Male,31,2,0.0,3,0,0,146993.2,1
2025,15605405,Martin,850,France,Female,32,0,0.0,1,0,1,66711.34,0
2025,15604353,Bernard,766,Germany,Male,44,0,160578.49,2,1,0,28544.13,1
2025,15609845,Neumann,775,France,Female,35,0,121511.03,1,1,0,15860.91,0
2025,15608823,Jimenez,485,Germany,Female,49,3,133108.95,2,0,1,37176.74,1
2025,15605017,Perez,502,Germany,Female,20,7,78144.86,1,0,0,102272.06,0
2025,15600788,Chidiebere,754,Germany,Male,34,0,117448.17,2,1,0,84768.85,0
2025,15605706,Wolf,618,Spain,Female,26,3,40944.49,1,0,1,28455.58,0
2025,15603438,Lefebvre,703,France,Male,51,7,0.0,1,0,1,199946.54,0
2025,15604131,Richard,644,Spain,Female,18,1,0.0,1,1,1,135685.36,0
2025,15605065,Mitchell,767,Germany,Male,39,4,68071.66,1,1,1,64678.23,0
2025,15608361,Chu,794,Spain,Female,24,7,0.0,2,0,0,112735.64,0
2025,15600135,Smith,669,France,Male,45,1,0.0,2,1,1,12673.7,0
2025,15600889,Laurent,739,Spain,Female,50,2,0.0,1,0,1,57483.62,1
2025,15605615,Petit,505,France,Female,34,9,109369.15,1,1,0,161933.5,0
2025,15603157,Lefebvre,613,France,Female,41,9,93725.3,1,0,1,194586.44,0
2025,15603098,He,662,France,Female,21,1,0.0,2,1,0,120310.26,0
2025,15607209,Schulz,661,France,Female,43,2,0.0,2,0,1,77320.33,0
2025,15600563,Schulz,646,Spain,Male,30,2,0.0,1,1,1,58011.52,0
2025,15606352,Robert,589,Germany,Female,27,1,135023.72,2,1,1,71568.76,0
2025,15605274,Garcia,716,France,Female,46,7,93695.01,1,1,0,105418.36,0
2025,15601373,Gutierrez,659,Germany,Male,23,7,83300.46,2,1,0,140605.99,0
2025,15608123,Garcia,635,France,Male,35,7,97693.55,1,0,1,32340.98,0
2025,15606308,Dubois,592,Germany,Female,52,1,118355.89,2,1,1,102561.92,1
2025,15609888,Romero,588,France,Male,36,7,0.0,2,1,0,39792.0,0
2025,15609612,Hernandez,561,Spain,Female,23,7,0.0,1,0,0,74656.51,0
2025,15603365,Perez,683,France,Female,37,6,0.0,2,1,1,110418.34,0
2025,15606011,Hernandez,621,Germany,Female,46,1,125830.89,1,1,0,147596.91,1
2025,15601397,Wolf,800,France,Female,60,5,176683.74,1,1,1,59493.71,0
2025,15608981,Fischer,571,Germany,Female,43,9,134034.02,1,1,1,51311.97,1
2025,15603861,Becker,570,France,Female,34,10,0.0,1,1,1,194889.8,0
2025,15603679,Gomez,728,Spain,Male,46,0,0.0,2,1,1,73812.98,0
2025,15601774,Sanchez,613,Germany,Male,40,2,111476.02,1,1,0,22381.08,0
2025,15605770,Torres,453,France,Male,51,1,0.0,1,1,0,64512.48,1
2025,15602322,Braun,781,France,Female,49,10,44529.86,1,1,0,59153.42,0
2025,15604783,Rodriguez,423,Spain,Male,49,1,135229.45,1,0,0,21731.53,1
2025,15608923,Simon,593,France,Female,51,1,116275.84,2,0,1,139440.55,0
2025,15607721,Wagner,624,France,Male,44,4,0.0,1,0,0,179101.68,0
2025,15604715,He,728,Spain,Male,37,6,0.0,2,0,1,66773.94,0
2025,15609115,Garcia,531,Germany,Male,41,8,164631.72,1,1,1,27137.1,1
2025,15602115,Neumann,617,France,Male,31,7,66191.64,2,1,0,58250.66,0
2025,15605882,Schröder,620,Spain,Female,36,3,0.0,2,1,1,44967.33,0
2025,15608582,Lefebvre,488,Spain,Male,35,1,0.0,2,1,1,190437.11,0
2025,15601203,Dubois,430,Germany,Female,44,6,146991.24,2,0,1,116711.45,1
2025,15600321,Weber,837,Spain,Male,44,9,0.0,1,1,0,23038.68,0
2025,15604199,Martin,615,Germany,Female,43,6,162871.52,1,0,1,38743.38,1
2025,15601103,Hoffmann,516,Germany,Female,35,4,182933.75,2,1,0,99626.6,0
2025,15601319,Becker,716,Germany,Male,19,0,113700.87,2,1,1,73730.53,0
2025,15601047,Schröder,579,Spain,Male,37,1,75698.72,1,0,0,30043.91,0
2025,15600353,Chidiebere,592,France,Male,43,6,123853.38,1,1,0,192874.55,0
2025,15608430,Hoffmann,725,France,Male,43,7,0.0,1,1,0,65040.34,0
2025,15600183,Moreau,741,Spain,Male,36,8,0.0,1,1,0,193926.26,0
2025,15605694,Rodriguez,633,Germany,Female,42,6,70660.46,1,1,1,29431.48,1
2025,15609450,Hargrave,567,France,Female,28,2,0.0,1,1,1,126827.71,0
2025,15604929,Dominguez,464,France,Male,39,5,0.0,1,1,0,83289.58,0
2025,15608898,Moreau,473,Germany,Female,50,9,142414.71,1,1,1,167627.21,1
2025,15603922,Hargrave,680,Germany,Female,35,0,52019.46,2,1,0,21612.2,0
2025,15603944,Lefebvre,716,Spain,Female,30,2,101511.94,1,1,1,106744.92,0
2025,15604953,Martinez,687,France,Male,44,7,0.0,2,1,0,184992.19,0
2025,15607440,Hargrave,735,France,Female,42,9,114041.49,1,1,1,117029.94,0
2025,15603396,Wolf,738,France,Female,38,1,0.0,2,1,1,48572.15,0
2025,15608914,Muller,634,France,Male,35,10,87573.54,2,1,0,133972.53,0
2025,15608351,Hernandez,744,Spain,Male,39,7,0.0,1,1,0,74059.85,0
2025,15602967,Leroy,762,Germany,Male,29,10,147801.96,2,1,0,25198.2,0
2025,15601289,Gutierrez,686,France,Female,24,5,48899.44,1,1,0,75599.95,1
2025,15606351,Fischer,727,Germany,Female,37,8,136148.8,1,1,1,196522.19,0
2025,15601230,Rodriguez,514,France,Male,22,2,0.0,2,1,1,79852.96,0
2025,15601732,Wagner,605,Spain,Female,20,2,124785.17,2,0,0,128962.47,0
2025,15602300,Martinez,681,France,Male,27,9,111167.11,1,1,1,55709.72,0
2025,15604215,Braun,745,France,Male,34,5,130191.2,2,1,1,154128.4,0
2025,15609561,Rodriguez,691,France,Male,49,2,0.0,1,1,1,92590.06,0
2025,15607761,Garcia,672,France,Male,47,2,109753.14,2,1,1,62414.1,0
2025,15601356,Richter,648,Germany,Female,46,2,94041.35,2,1,0,44823.23,1
2025,15603603,Bauer,744,France,Female,51,6,0.0,2,0,1,45938.07,0
2025,15601138,Schröder,739,Spain,Female,21,9,102329.48,2,1,0,173033.27,0
2025,15604111,Boni,782,Germany,Male,29,8,118850.96,1,1,1,26494.18,0
2025,15609592,Koch,622,Spain,Female,39,5,0.0,3,1,0,137461.07,1
2025,15603949,Meyer,617,France,Male,40,4,147222.95,2,1,1,16495.53,0
2025,15603988,Schröder,510,Germany,Female,40,9,103167.16,2,1,1,148329.4,0
2025,15602826,Jimenez,619,Spain,Female,29,6,0.0,1,0,1,78279.94,0
2025,15608142,Fischer,705,France,Female,32,5,144561.67,1,1,0,122016.62,0
2025,15603324,Zimmermann,664,Germany,Male,47,7,110463.18,2,1,0,194121.29,1
2025,15604230,Schmidt,583,France,Male,42,0,88774.98,2,1,0,25576.57,0
2025,15601825,Wagner,667,France,Male,18,7,0.0,1,1,0,96562.02,0
2025,15609923,Dupont,565,Germany,Female,28,10,128162.71,1,1,0,36844.59,0
2025,15609832,Hargrave,588,Spain,Male,34,9,177070.7,2,1,1,11816.6,0
2025,15609307,Jimenez,772,France,Male,25,0,0.0,2,1,1,191416.92,0
2025,15608411,Laurent,611,Germany,Male,42,3,128853.13,3,1,0,118871.86,1
2025,15602992,Hernandez,426,France,Female,51,2,0.0,1,1,1,98829.04,0
2025,15603100,Navarro,598,France,Female,44,10,0.0,1,1,1,34440.63,0
2025,15603085,Bernard,777,France,Male,34,2,0.0,1,1,1,17077.89,0
2025,15607698,Martin,681,France,Female,49,2,0.0,1,1,1,127230.81,0
2025,15608328,Wolf,587,Germany,Female,19,7,130004.12,1,1,1,112616.27,0
2025,15604459,Fischer,561,France,Male,19,10,49700.18,2,0,0,17439.23,0
2025,15605779,Martin,713,Germany,Male,31,6,109088.61,2,0,1,46701.47,0
2025,15606590,Zimmermann,601,France,Female,32,9,183107.79,1,1,1,36746.39,0
2025,15604271,Garcia,563,France,Female,36,7,0.0,2,1,0,62362.22,0
2025,15606499,Garcia,838,France,Male,52,8,111521.93,2,1,1,154478.6,0
2025,15602654,Schulz,624,Germany,Female,21,1,91756.93,2,0,0,168636.15,0
2025,15609668,He,664,Germany,Male,47,5,110336.51,1,1,0,19649.36,1
2025,15605131,Koch,552,Spain,Male,40,10,0.0,2,1,0,192660.57,0
2025,15606601,Garcia,796,Spain,Female,30,10,0.0,1,0,0,107072.56,0
2025,15603847,Wagner,742,France,Female,36,4,78943.36,1,1,0,133279.3,0
2025,15605721,Schulz,570,Germany,Female,20,9,143854.91,1,0,0,22370.56,0
2025,15602959,Schwarz,586,France,Male,25,5,0.0,3,1,1,156126.9,1
2025,15604242,Weber,723,France,Female,39,8,107250.82,1,1,1,180688.17,0
2025,15605588,Dupont,530,France,Male,27,7,0.0,2,1,1,126010.0,0
2025,15600350,Michel,570,Spain,Female,36,4,70660.71,1,1,0,154664.0,0
2025,15601917,Bernard,447,France,Male,34,3,0.0,1,1,1,95936.08,0
2025,15605786,Hernandez,641,Germany,Male,25,4,150160.31,1,1,1,66523.35,0
2025,15607946,Mitchell,740,Germany,Female,34,0,107659.07,2,0,0,175824.34,0
2025,15609799,Simon,596,Germany,Female,29,0,138792.74,1,0,1,104425.99,0
2025,15601898,Weber,626,Spain,Female,24,6,0.0,2,1,0,125897.29,0
2025,15605449,Martin,546,Spain,Female,46,10,0.0,1,1,0,126305.96,1
2025,15606462,Navarro,818,France,Male,42,0,117195.97,2,1,0,198731.24,0
2025,15600331,Martin,558,France,Male,45,7,162675.14,2,1,1,51646.33,0
2025,15609658,Lopez,758,France,Female,37,1,58217.77,2,1,0,43761.54,0
2025,15603960,Gomez,583,Spain,Male,47,7,90178.36,2,0,1,174353.49,0
2025,15601197,Dubois,658,France,Female,47,1,0.0,1,1,1,198678.84,0
2025,15607851,Moreno,598,France,Male,54,4,112178.13,2,0,1,33642.0,0
2025,15604639,Hernandez,651,Spain,Female,38,2,0.0,2,1,0,166181.62,0
2025,15601467,Leroy,643,Germany,Female,31,6,151817.44,1,1,0,48702.14,1
2025,15601304,Thomas,634,France,Male,33,5,110420.18,2,1,1,81087.49,0
2025,15603655,Romero,585,Spain,Female,35,0,92060.78,1,1,1,115592.78,0
2025,15606752,Hernandez,648,Spain,Male,53,2,132838.11,1,1,1,122147.97,0
2025,15604211,Hargrave,636,France,Female,33,9,88735.69,1,1,1,107137.39,0
2025,15601358,Moreau,699,France,Male,33,4,15476.68,1,1,0,112946.95,0
2025,15601956,Klein,608,France,Female,48,8,91706.41,1,1,1,83414.54,1
2025,15606917,Braun,700,Spain,Female,51,6,0.0,2,1,0,40308.21,0
2025,15605748,Simon,588,France,Female,49,8,0.0,1,0,1,23353.81,0
2025,15602980,Krüger,798,France,Female,24,7,0.0,1,1,1,100675.93,0
2025,15603250,Richard,632,France,Male,52,9,106513.89,1,1,0,126768.5,0
2025,15600741,Dominguez,674,Germany,Male,34,8,125175.83,2,1,1,55941.99,0
2025,15604181,Garcia,536,France,Female,53,5,87814.08,2,1,0,191435.73,0
2025,15608233,Schwarz,508,Spain,Female,42,9,0.0,1,1,0,64492.89,1
2025,15603806,Dubois,850,Spain,Male,45,5,0.0,1,1,0,16609.69,0
2025,15607196,Bartlett,545,Germany,Male,45,8,112249.56,2,1,1,183493.66,1
2025,15602383,Rodriguez,522,Spain,Female,48,6,0.0,1,0,0,185570.68,0
2025,15605486,Chidiebere,715,Spain,Female,20,1,0.0,1,1,1,180101.94,0
2025,15609244,Bartlett,464,Spain,Female,46,7,0.0,2,1,0,166827.6,0
2025,15609437,Wagner,460,France,Female,28,3,120716.15,2,1,1,75982.64,0
2025,15605222,Alvarez,595,Germany,Female,48,10,105143.92,2,0,1,77967.28,1
2025,15607610,Diaz,646,France,Female,38,7,83326.37,1,1,0,110853.36,1
2025,15607521,Hoffmann,759,Spain,Male,30,3,0.0,2,0,1,47043.81,0
2025,15604452,Bernard,613,France,Female,36,7,0.0,1,1,0,140972.3,0
2025,15605481,Krüger,694,France,Male,26,9,141270.82,2,1,0,188844.12,0
2025,15604518,Chidiebere,520,France,Male,45,8,0.0,1,1,0,98144.59,1
2025,15600300,Muller,673,Germany,Male,27,2,109953.49,1,1,1,184137.05,1
2025,15601742,Meyer,652,Spain,Female,47,10,0.0,2,0,0,152391.0,0
2025,15608647,Krüger,686,France,Male,54,7,0.0,2,1,0,71996.64,0
2025,15609876,Richard,548,Germany,Male,32,5,87237.75,1,1,1,189505.25,0
2025,15604766,Romero,602,France,Male,34,2,0.0,1,1,1,98009.78,0
2025,15600255,Zimmermann,679,France,Female,53,0,169758.7,2,1,0,30663.47,0
2025,15604154,Jimenez,594,Spain,Female,42,10,0.0,2,1,1,13598.18,0
2025,15609686,Hoffmann,685,Spain,Female,32,7,0.0,1,1,1,180289.88,0
2025,15600617,Koch,486,France,Female,29,7,0.0,1,1,1,151272.31,0
2025,15609569,Wagner,727,France,Male,33,8,0.0,4,1,1,35427.99,1
2025,15605782,Schröder,681,Germany,Male,36,6,112893.98,1,1,1,141297.05,0
2025,15608341,Wolf,660,France,Female,50,8,89465.39,2,1,0,147941.62,0
2025,15607888,Neumann,850,Spain,Female,44,3,97918.53,1,0,0,180496.58,0
2025,15607768,Lefebvre,736,France,Male,40,9,70773.82,2,1,1,77956.06,0
2025,15602298,Boni,702,Spain,Male,48,4,145927.7,2,1,1,148207.33,0
2025,15606983,Smith,492,France,Male,55,2,0.0,1,0,1,101532.22,0
2025,15601439,Richard,678,Germany,Male,44,8,168350.69,2,1,0,30942.16,1
2025,15600891,Moreau,694,Spain,Male,50,7,142451.17,1,0,1,69666.04,0
2025,15607281,Braun,667,France,Female,43,3,117562.74,2,1,1,160513.79,0
2025,15603989,Sanchez,529,France,Female,42,9,123288.47,1,1,0,26018.51,1
2025,15607652,Koch,846,France,Female,48,3,0.0,2,0,1,112093.22,0
2025,15606662,Romero,612,Germany,Female,44,0,124818.78,2,1,0,98335.12,1
2025,15603648,Sanchez,764,France,Male,38,5,0.0,1,1,1,73879.17,0
2025,15603791,Martinez,734,France,Female,40,8,133471.37,1,1,1,125132.69,0
2025,15603931,Torres,594,France,Female,42,2,0.0,1,1,0,50669.86,0
2025,15606091,Garcia,684,Germany,Male,55,6,78505.99,1,1,0,96842.27,1
2025,15605659,Moreau,544,France,Female,33,7,0.0,1,1,1,76917.51,0
2025,15602944,Richter,611,France,Female,44,1,157372.55,2,1,1,46342.96,0
2025,15609958,Hill,534,Germany,Male,37,2,121466.52,1,1,1,174051.69,0
2025,15603572,Martin,727,Germany,Male,42,6,97436.47,1,0,0,116141.92,1
2025,15601814,Alvarez,764,Spain,Female,34,9,0.0,1,1,0,108797.56,0
2025,15602016,Bernard,652,Germany,Female,36,2,95652.97,1,0,1,171924.71,0
2025,15606780,Dubois,518,France,Female,50,4,181801.98,1,0,1,76598.86,0
2025,15600039,Schröder,628,France,Male,18,2,122982.35,2,1,1,95062.34,0
2025,15608366,Zimmermann,776,France,Female,30,4,0.0,2,0,0,99575.51,0
2025,15603508,Lopez,516,France,Male,32,0,0.0,2,1,1,156745.22,0
2025,15608965,Hoffmann,667,Spain,Female,53,10,16759.2,2,1,1,44386.02,0
2025,15602985,Becker,609,France,Male,45,1,0.0,2,1,0,163804.67,0
2025,15609880,Wolf,728,France,Male,27,3,173255.96,1,1,1,185591.68,0
2025,15606037,Thomas,604,France,Male,18,10,0.0,2,1,0,13668.78,0
2025,15607351,Michel,729,France,Female,37,2,99114.74,2,1,0,26877.99,0
2025,15604785,Schwarz,639,France,Male,48,5,0.0,1,1,1,47797.59,0
2025,15608610,Boni,717,France,Female,55,3,122043.89,2,1,1,24961.99,0
2025,15602689,Bernard,655,France,Male,52,3,132483.01,2,0,1,59052.88,0
2025,15603691,Rodriguez,680,France,Female,50,9,0.0,2,1,0,24323.08,0
2025,15603980,Krüger,704,France,Female,56,4,0.0,1,1,1,115502.08,0
2025,15607234,Wolf,662,France,Male,24,0,114890.52,2,1,1,109922.86,0
2025,15606188,Richter,736,France,Female,40,7,0.0,2,0,1,170798.98,0
2025,15600571,Weber,736,Spain,Male,47,5,113228.57,2,1,0,36984.71,0
2025,15605599,Alonso,591,Spain,Female,37,7,0.0,1,1,1,20899.43,0
2025,15600819,Simon,795,Spain,Female,39,2,0.0,2,1,1,49956.3,0
2025,15609319,Onio,522,Spain,Male,27,8,169869.06,1,1,0,103164.06,0
2025,15601050,Dominguez,653,Spain,Female,28,8,115661.72,1,1,0,168072.99,1
2025,15609572,Schmidt,588,France,Female,48,0,0.0,1,1,1,59672.75,0
2025,15605208,Jimenez,648,Spain,Female,50,5,113034.08,2,0,0,76320.25,1
2025,15605944,Laurent,612,France,Male,27,7,94492.89,1,1,1,137900.83,0
2025,15604756,Wagner,690,France,Male,47,5,110893.88,1,0,1,147078.69,0
2025,15601617,Lopez,671,France,Male,37,10,101403.14,2,0,0,26501.72,0
2025,15608966,Wagner,683,France,Male,53,2,0.0,2,1,1,59096.81,0
2025,15608255,Perez,618,France,Male,21,8,0.0,1,0,1,190325.15,0
2025,15607537,Richard,519,Germany,Female,50,4,69636.26,2,1,0,16468.84,1
2025,15602381,Hoffmann,806,Germany,Male,48,2,184356.86,1,1,1,190332.91,1
2025,15608371,Meyer,671,Germany,Female,41,10,189464.7,2,0,1,33186.05,1
2025,15606667,Braun,595,Germany,Male,28,3,94074.6,1,1,0,77730.05,1
2025,15603778,Petit,646,France,Male,22,7,117545.94,2,1,0,154489.37,0
2025,15608231,Alonso,587,France,Male,40,0,138933.04,1,1,1,17599.94,0
2025,15600445,Moreau,488,Germany,Female,31,4,108618.96,2,1,1,154827.93,0
2025,15604647,Braun,651,Germany,Female,35,9,131158.84,1,1,1,191323.33,0
2025,15601485,Alonso,597,France,Male,21,0,0.0,1,1,1,165799.14,0
2025,15600938,Bernard,765,Spain,Male,50,3,0.0,2,0,1,112375.64,0
2025,15609629,Muller,639,France,Female,44,10,123892.5,2,1,0,18604.86,0
2025,15607583,Weber,508,Spain,Male,48,10,185978.41,1,1,0,163898.91,0
2025,15601808,Schulz,775,France,Male,36,2,0.0,2,1,0,118549.29,0
2025,15607320,Krüger,539,Spain,Female,31,5,0.0,2,1,1,98516.14,0
2025,15605142,Fischer,637,France,Male,33,8,0.0,2,1,1,99083.94,0
2025,15606205,Dominguez,620,Spain,Male,43,9,0.0,2,0,0,108382.75,0
2025,15609366,Weber,791,France,Female,57,3,83629.83,2,1,1,198203.68,0
2025,15609394,Perez,601,Spain,Male,38,5,85542.74,2,1,0,81278.27,0
2025,15608636,Hargrave,557,France,Male,51,5,123502.96,3,1,0,109414.29,0
2025,15607017,Michel,772,France,Female,64,3,87662.0,1,0,1,144922.07,0
2025,15601720,Schneider,547,France,Male,42,10,0.0,2,1,1,28697.28,0
2025,15609374,Braun,633,Germany,Female,45,0,56009.37,2,1,0,147703.28,1
2025,15600697,Moreau,659,France,Male,55,10,0.0,2,1,0,198353.76,0
2025,15604485,Martin,805,France,Male,41,7,0.0,1,1,1,66119.52,0
2025,15604400,Dupont,775,Germany,Male,38,10,99269.09,1,0,0,73742.85,0
2025,15609552,Diaz,671,France,Male,38,6,0.0,1,0,0,151061.69,0
2025,15604990,Torres,703,Spain,Male,46,2,81919.28,1,1,0,128584.42,1
2025,15600041,Zimmermann,677,Spain,Female,45,7,0.0,2,0,0,87915.28,0
2025,15600342,Simon,578,France,Female,24,3,0.0,1,1,1,27277.61,0
2025,15606563,Munoz,577,Spain,Female,27,7,0.0,1,0,0,39975.75,0
2025,15606772,Munoz,508,Germany,Female,60,6,108175.93,1,0,0,95586.46,1
2025,15604547,Onio,660,Germany,Male,46,6,135594.87,1,0,0,143474.63,1
2025,15605087,Garcia,478,France,Male,31,3,124206.59,1,1,1,199933.51,1
2025,15600091,Hernandez,556,Germany,Male,40,5,149170.48,2,0,1,171830.92,0
2025,15605420,Obinna,768,France,Male,33,1,130762.36,2,1,0,15231.7,0
2025,15609176,He,596,France,Male,29,2,111337.43,1,1,0,196487.65,0
2025,15608657,Schulz,805,France,Male,22,10,0.0,1,1,0,144427.34,0
2025,15607707,Laurent,695,Spain,Female,38,0,57308.31,1,1,0,105966.07,0
2025,15604470,Simon,640,Germany,Male,41,3,70459.26,3,1,0,185130.19,1
2025,15603203,Fischer,665,Germany,Male,48,2,98784.61,1,0,0,188872.08,1
2025,15605948,Krüger,701,Spain,Female,24,3,0.0,1,1,1,92618.05,0
2025,15604984,Onio,471,Spain,Female,41,9,110102.78,1,1,0,115955.59,0
2025,15604370,Schneider,555,France,Female,42,7,0.0,1,1,0,185240.76,0
2025,15601280,Alvarez,736,Spain,Female,24,3,108342.38,1,1,0,112757.32,1
2025,15603882,Diaz,723,Germany,Male,39,5,87790.41,1,1,1,166522.24,0
2025,15606725,Garcia,690,Spain,Female,53,10,87091.25,2,1,0,191880.41,0
2025,15603236,Wolf,610,France,Male,35,8,79324.44,2,1,0,110568.06,0
2025,15604954,Dupont,669,France,Male,36,2,0.0,1,1,0,119272.36,0
2025,15609522,Schwarz,589,Germany,Female,26,8,152791.39,1,1,1,104075.86,1
2025,15609237,Schulz,681,Spain,Male,37,6,0.0,1,1,1,33011.21,0
2025,15600708,Braun,673,Germany,Male,35,10,75454.66,1,1,1,188070.89,0
2025,15602468,Bauer,688,France,Male,45,3,47354.33,1,0,1,27321.65,0
2025,15602374,Diaz,617,France,Male,49,1,91972.33,2,1,1,127066.67,0
2025,15600869,Hernandez,737,Germany,Female,34,1,116870.12,2,1,0,112922.61,0
2025,15609875,Chidiebere,840,Spain,Female,52,1,139819.76,2,0,1,120812.2,0
2025,15602930,Schneider,754,Spain,Female,43,6,0.0,2,1,0,23451.47,0
2025,15607975,Jimenez,823,Spain,Male,45,4,0.0,2,1,0,151351.06,0
2025,15600372,Jimenez,781,France,Male,54,7,127357.3,1,1,0,30927.83,0
2025,15604797,Becker,708,Spain,Female,47,10,0.0,2,0,1,124201.0,0
2025,15605240,Gutierrez,571,Germany,Male,45,7,116452.74,1,1,1,58572.08,1
2025,15600048,Leroy,538,Spain,Female,36,1,0.0,1,0,0,92152.27,0
2025,15609833,Dubois,708,Germany,Male,52,7,113315.31,1,1,0,77725.9,1
2025,15600969,Moreau,664,France,Male,29,10,0.0,1,1,1,12335.55,0
2025,15603190,Martin,700,Spain,Male,49,2,94461.22,1,1,0,84061.03,0
2025,15600138,Braun,773,Spain,Male,44,8,110060.32,1,0,0,127230.56,0
2025,15606083,Becker,715,Spain,Male,35,1,0.0,2,1,0,104185.37,0
2025,15603547,Sanchez,721,Spain,Female,18,9,0.0,1,0,0,96321.02,0
2025,15603313,Smith,423,Spain,Female,41,6,0.0,1,0,1,78783.36,0
2025,15603695,Michel,603,Spain,Female,25,7,0.0,2,1,1,32648.85,0
2025,15609110,Munoz,680,Spain,Male,41,1,160391.98,2,1,0,118817.29,0
2025,15603339,Gomez,426,France,Female,47,1,140321.2,1,1,1,173529.52,0
2025,15606806,Zimmermann,656,France,Female,36,9,0.0,1,0,0,133023.76,0
2025,15608015,Schneider,517,Spain,Female,29,8,92993.11,1,0,1,160684.77,0
2025,15604710,Weber,503,France,Female,31,7,30401.04,1,1,0,112408.31,0
2025,15600577,Zimmermann,850,Germany,Male,60,6,104326.39,2,1,1,51023.91,1
2025,15606910,Muller,682,France,Male,56,7,0.0,2,0,1,101468.04,0
2025,15608842,Sanchez,597,France,Male,36,2,0.0,1,1,1,82640.33,0
2025,15601458,Alvarez,774,Germany,Male,32,3,168730.77,1,1,0,60070.48,0
2025,15608376,Koch,776,France,Male,53,10,121267.87,1,1,1,166642.33,0
2025,15600600,Martinez,514,France,Male,36,7,0.0,3,1,1,187818.54,0
2025,15600716,Martin,687,Germany,Female,51,7,34229.82,2,0,1,82959.04,1
2025,15605985,Garcia,725,France,Male,37,0,137437.33,1,1,0,49802.27,0
2025,15605975,Thomas,769,Germany,Male,48,1,77844.08,1,0,0,95880.1,1
2025,15603761,Rodriguez,536,Spain,Female,29,10,139102.28,2,0,1,94844.61,0
2025,15600194,Bauer,823,France,Male,42,2,33611.94,1,1,0,50328.84,0
2025,15604996,Bartlett,642,Germany,Female,32,10,129952.31,1,0,1,187739.32,0
2025,15609628,Torres,628,France,Female,18,1,82302.12,2,1,1,29741.87,0
2025,15603565,Martin,558,Spain,Male,52,2,64015.27,2,1,0,32439.81,0
2025,15604405,Schröder,678,France,Female,45,5,100165.27,2,1,1,187865.67,0
2025,15608615,Hernandez,614,Spain,Female,51,4,97083.46,1,0,1,52675.05,0
2025,15606212,Schwarz,771,France,Female,56,8,0.0,1,1,1,78672.65,0
2025,15609161,Lopez,741,Spain,Female,39,6,0.0,1,1,0,59557.3,1
2025,15609727,Schwarz,708,Spain,Female,48,7,0.0,2,1,0,119880.2,0
2025,15601726,Martin,714,Germany,Female,44,6,148781.35,1,1,1,94360.19,1
2025,15609011,Dominguez,697,France,Male,21,1,49225.62,2,0,1,137043.37,0
2025,15605555,Dominguez,591,Germany,Male,46,6,195747.85,1,0,0,20155.36,1
2025,15604368,Bauer,686,France,Male,51,5,0.0,1,1,1,111182.23,0
2025,15604407,Schwarz,536,Germany,Female,32,3,101601.09,1,1,1,178259.25,0
2025,15601371,Leroy,643,France,Male,18,0,94489.04,2,1,0,190585.66,0
2025,15600786,Chidiebere,748,France,Female,29,4,130425.63,1,1,1,144319.06,0
2025,15608223,Simon,685,Germany,Male,28,4,160775.62,1,0,1,50250.84,0
2025,15605013,Dupont,782,Spain,Female,56,6,0.0,1,1,1,114910.29,0
2025,15602624,Schröder,526,Spain,Female,45,7,0.0,2,1,1,39984.2,0
2025,15601577,Klein,704,France,Male,37,6,0.0,1,0,1,155432.63,0
2025,15602428,Martin,686,France,Female,38,9,161517.62,1,1,1,180104.26,0
2025,15609952,Thomas,580,Germany,Male,26,9,120727.06,2,1,0,102297.65,0
2025,15603987,Chu,641,Spain,Female,49,6,0.0,1,1,1,94286.42,0
2025,15604959,Schäfer,585,Spain,Female,26,2,0.0,2,1,1,188456.43,0
2025,15604167,Schulz,541,Germany,Male,34,8,137479.19,2,1,0,154708.3,0
2025,15604213,Mitchell,832,Spain,Female,36,1,0.0,1,1,0,108081.7,0
2025,15603071,Leroy,749,Spain,Female,55,4,90397.6,1,0,1,75420.53,0
2025,15604234,Schneider,604,France,Male,36,4,0.0,1,0,1,197617.82,0
2025,15600202,Gomez,526,Germany,Male,28,4,121783.99,2,1,1,42463.11,0
2025,15602316,Bartlett,647,France,Male,49,5,61819.64,1,1,1,186500.0,0
2025,15609329,Simon,663,France,Male,51,1,0.0,1,0,1,19407.41,0
2025,15602101,Schulz,673,France,Female,42,1,0.0,2,1,0,144817.79,0
2025,15605885,Munoz,698,France,Male,43,4,0.0,2,1,1,127772.38,0
2025,15600928,Hoffmann,550,Germany,Male,38,1,75358.9,1,0,1,180345.83,0
2025,15605787,Richter,712,Germany,Male,53,10,89619.34,3,1,1,14855.57,1
2025,15602629,Smith,580,France,Female,48,1,0.0,3,1,1,80294.13,1
2025,15606398,Krüger,611,Germany,Male,31,6,73502.14,1,1,1,139948.36,0
2025,15601997,Richter,847,Germany,Female,55,0,171763.0,2,0,0,184246.88,1
2025,15605530,Wagner,693,Spain,Male,32,8,0.0,2,1,0,190605.09,1
2025,15603650,Wolf,608,Germany,Female,40,1,109989.98,2,1,1,135441.38,0
2025,15602834,Garcia,627,France,Female,38,7,0.0,1,1,0,16059.78,0
2025,15608330,Alvarez,617,Germany,Male,39,2,164021.16,1,1,0,12698.27,0
2025,15609234,Krüger,659,France,Male,73,10,0.0,1,1,1,52727.58,0
2025,15604598,Sanchez,674,Spain,Female,43,10,155323.45,1,0,0,138656.07,1
2025,15608043,Hargrave,607,France,Male,33,0,0.0,2,1,1,103351.88,0
2025,15606486,Hill,599,Spain,Male,28,10,0.0,1,1,1,124965.52,0
2025,15608443,Schmidt,639,France,Female,18,8,0.0,2,1,1,82362.2,0
2025,15602404,Munoz,615,France,Male,53,3,0.0,2,1,1,17484.95,0
2025,15605818,Chidiebere,711,Germany,Male,40,6,133487.76,1,0,1,90100.83,0
2025,15607185,Michel,602,France,Male,23,1,0.0,2,0,0,115711.4,0
2025,15609171,Martin,797,Spain,Female,51,3,0.0,2,1,0,12436.98,0
2025,15608957,Bernard,584,Spain,Male,50,3,0.0,1,0,0,189171.25,0
2025,15609338,Schwarz,652,France,Female,25,0,74750.39,1,1,0,10700.89,0
2025,15602862,Martinez,649,Germany,Male,40,9,92901.32,2,1,0,130011.03,0
2025,15606092,Alonso,702,Germany,Male,34,7,117748.52,1,0,1,40578.39,0
2025,15605186,Jimenez,745,France,Male,47,3,0.0,1,1,0,155384.42,0
2025,15604399,Bartlett,582,France,Male,31,3,0.0,1,1,1,74246.34,0
2025,15607198,Leroy,597,France,Female,40,0,125446.79,2,1,0,11340.7,0
2025,15609296,Michel,730,Spain,Male,37,4,0.0,1,1,1,195258.33,0
2025,15609134,Bernard,768,Spain,Female,55,7,0.0,1,0,1,36063.35,0
2025,15604138,Schulz,664,Spain,Male,40,1,0.0,2,1,0,53889.52,0
2025,15600558,Schneider,529,Germany,Female,41,4,97832.12,1,1,0,99618.12,1
2025,15608295,Richard,634,Spain,Female,32,7,0.0,2,1,0,45606.54,0
2025,15607464,Hill,486,Spain,Male,35,8,0.0,2,1,1,113566.49,0
2025,15608828,He,712,France,Female,25,6,0.0,2,0,1,27661.73,0
2025,15607676,Alonso,544,Germany,Female,35,0,141429.33,2,1,1,126575.3,0
2025,15602603,Schwarz,820,France,Male,33,4,0.0,2,1,0,141898.83,0
2025,15607004,He,570,France,Male,43,6,162928.23,1,1,1,44890.34,0
2025,15602933,Gutierrez,544,France,Female,39,3,0.0,1,1,1,97662.3,0
2025,15606120,Jimenez,661,France,Male,41,5,103078.81,1,1,1,53042.61,1
2025,15605755,Schröder,847,France,Female,38,7,0.0,2,1,1,15681.27,0
2025,15607331,Schäfer,643,Spain,Female,35,1,0.0,1,1,1,155144.57,0
2025,15602467,Thomas,439,Spain,Male,25,10,107640.58,2,1,0,187652.21,0
2025,15600416,Martin,574,Germany,Male,32,5,116159.06,1,0,1,37446.84,0
2025,15606651,Obinna,799,France,Male,38,1,0.0,1,0,1,37408.13,0
2025,15605949,Weber,773,France,Male,50,10,159141.12,1,1,1,144548.08,0
2025,15608309,Schneider,713,France,Male,25,5,0.0,2,0,0,182614.23,0
2025,15600327,Richter,603,Germany,Female,38,7,151716.82,1,1,0,59725.97,0
2025,15601268,Weber,662,Spain,Female,43,8,0.0,1,1,0,126942.24,0
2025,15603820,Bartlett,828,France,Female,66,2,137091.66,2,0,0,101505.41,0
2025,15602707,Moreno,646,Germany,Female,30,10,121074.39,1,1,0,147849.98,1
2025,15609791,Chidiebere,818,France,Male,38,5,124351.84,1,0,0,74951.71,0
2025,15606300,Martin,597,France,Female,37,0,0.0,2,1,0,180979.89,0
2025,15606021,Mitchell,649,France,Female,57,5,110587.13,2,0,0,113245.56,0
2025,15605056,Martin,515,France,Female,52,2,0.0,1,1,0,133310.07,0
2025,15601065,Richter,425,France,Female,27,7,139408.7,2,1,0,69371.46,0
2025,15602164,Martin,577,France,Male,27,2,108613.67,1,1,1,64686.93,0
2025,15604559,Schneider,406,France,Female,45,1,0.0,2,1,0,182304.33,0
2025,15609994,Mitchell,742,Germany,Male,40,2,132170.93,1,0,0,153424.13,0
2025,15609792,Martin,597,France,Male,42,10,104847.08,1,1,0,85734.8,0
2025,15600332,Dominguez,610,Germany,Female,56,6,125423.87,2,1,0,186811.79,1
2025,15609047,Romero,656,France,Male,23,7,74578.84,2,1,0,99318.15,0
2025,15609172,Chidiebere,574,Spain,Female,36,4,0.0,1,1,1,142005.87,0
2025,15604209,Klein,582,Germany,Female,41,7,94055.09,2,1,0,180433.34,1
2025,15609279,Onio,617,France,Male,36,3,0.0,1,0,0,31969.51,1
2025,15606813,Neumann,577,France,Female,31,0,106857.47,2,0,0,70854.3,0
2025,15600610,Muller,837,France,Female,33,0,0.0,1,1,1,197862.49,0
2025,15605969,Schröder,621,Spain,Female,31,4,119604.16,1,0,0,169377.27,0
2025,15607096,Leroy,618,Germany,Male,43,3,97789.38,2,0,1,29019.75,1
2025,15605097,Neumann,668,Germany,Female,39,1,82474.34,2,1,1,10506.99,0
2025,15601585,Alonso,657,France,Male,39,4,92888.1,2,1,1,159067.07,0
2025,15601609,Michel,648,Germany,Male,45,0,126421.9,2,1,0,109869.39,1
2025,15606140,Torres,463,Germany,Male,28,8,132834.41,2,1,0,51753.85,0
2025,15606233,Lopez,584,Spain,Male,31,1,0.0,1,1,1,148108.81,0
2025,15609288,Thomas,577,Germany,Female,34,3,106401.65,1,1,1,104392.48,1
2025,15608959,Mitchell,635,France,Female,36,1,139851.55,2,1,1,86271.95,0
2025,15605870,Schulz,542,France,Male,35,8,37495.1,1,1,0,107352.78,0
2025,15605657,Schröder,677,France,Male,38,6,0.0,2,1,0,199168.89,0
2025,15601663,Hernandez,669,France,Male,18,6,0.0,2,1,0,117784.09,0
2025,15602058,Wolf,658,Spain,Female,43,4,106692.46,2,1,0,23322.39,0
2025,15609972,Hargrave,847,France,Female,29,3,0.0,2,1,0,159362.35,0
2025,15600440,Schneider,631,France,Male,70,7,45785.83,1,0,0,95738.69,1
2025,15604523,Schwarz,670,Germany,Female,27,9,104664.56,2,1,0,153342.57,0
2025,15605289,Gutierrez,647,France,Male,22,3,146148.14,1,1,0,72332.01,0
2025,15607448,Onio,645,France,Male,37,9,164831.39,2,1,1,144301.89,0
2025,15605790,Jimenez,568,France,Female,42,5,0.0,1,1,0,69839.74,0
2025,15603125,Chidiebere,574,France,Female,27,2,136505.78,2,0,0,175506.74,0
2025,15609479,Schmidt,531,Spain,Female,35,5,0.0,2,1,1,73875.49,0
2025,15607902,Simon,527,France,Male,56,0,89079.92,1,1,1,63053.37,0
2025,15604185,Onio,813,France,Female,33,5,147988.69,2,0,1,170804.71,0
2025,15605673,Perez,741,France,Male,39,0,0.0,2,1,0,160560.67,0
2025,15606828,Garcia,657,France,Male,31,5,0.0,2,1,0,70529.86,0
2025,15604597,Martin,684,France,Female,39,6,62163.39,1,0,1,83883.92,0
2025,15605382,Bartlett,529,France,Male,48,3,0.0,2,0,1,110992.42,0
2025,15608113,Wolf,847,Germany,Male,30,8,150559.84,2,1,0,21597.17,0
2025,15606500,Munoz,596,Spain,Male,40,7,0.0,1,1,1,174384.47,1
2025,15605161,Garcia,731,France,Male,34,0,93094.89,2,1,0,162450.32,0
2025,15609604,Gomez,703,Spain,Male,33,5,69801.15,2,1,1,179828.6,0
2025,15606683,Wolf,519,France,Male,57,1,0.0,2,1,0,23223.79,0
2025,15607614,Fischer,788,France,Male,50,10,0.0,2,1,0,160193.78,0
2025,15601671,He,675,France,Male,35,1,0.0,2,1,1,69603.43,0
2025,15608705,Ruiz,850,France,Male,41,2,0.0,2,0,1,95808.68,0
2025,15607727,Chidiebere,526,France,Female,34,9,124125.88,2,1,1,68558.15,0
2025,15609078,Onio,768,France,Male,31,0,83397.36,1,1,1,99789.2,0
2025,15602052,Rodriguez,750,Spain,Male,56,9,152181.81,1,0,0,160215.5,1
2025,15608718,Robert,830,Germany,Male,38,9,131200.71,2,1,1,56296.67,1
2025,15605856,Krüger,582,Germany,Male,37,5,107488.55,1,0,1,65351.5,0
2025,15607739,Garcia,481,Spain,Female,38,5,77433.26,2,1,1,119836.8,0
2025,15601637,Bernard,535,Germany,Male,60,6,136162.78,1,0,0,46120.29,1
2025,15600463,Michel,671,Spain,Female,49,8,0.0,1,1,0,195575.27,1
2025,15609981,Richard,681,Germany,Female,27,7,103668.22,2,0,0,182346.3,0
2025,15601190,Torres,605,France,Female,37,8,0.0,1,1,0,137674.07,0
2025,15603120,Diaz,525,France,Female,33,9,0.0,1,1,0,136445.96,0
2025,15609340,Wolf,730,Spain,Female,40,6,0.0,1,1,1,58642.48,0
2025,15607109,Garcia,572,France,Male,33,7,0.0,2,0,1,117919.8,1
2025,15604282,Moreno,575,France,Male,42,7,133459.35,1,1,1,83549.24,0
2025,15605312,Chidiebere,535,Spain,Male,53,7,57487.0,2,1,0,154705.47,0
2025,15608672,Hill,840,France,Female,44,3,0.0,1,0,1,161970.29,0
2025,15602342,Weber,770,France,Male,32,4,0.0,2,0,1,92548.08,0
2025,15604373,Schäfer,497,Germany,Male,30,5,89632.43,2,1,1,191449.18,0
2025,15603419,Martin,556,Spain,Female,50,7,91922.96,1,1,1,46477.11,0
2025,15604674,Bauer,696,Germany,Male,39,5,128446.29,1,0,1,64750.27,0
2025,15604774,Mitchell,716,France,Female,24,5,0.0,1,1,1,141016.87,0
2025,15608011,Becker,569,France,Female,37,4,93487.18,2,1,1,28461.79,0
2025,15605175,Torres,583,Germany,Male,48,0,111067.1,1,0,0,88433.55,1
2025,15607326,Weber,591,Germany,Male,27,8,119162.49,1,1,1,28345.63,0
2025,15600945,Chidiebere,793,Germany,Female,36,8,82909.59,2,1,1,185813.33,1
2025,15602640,Alonso,698,France,Male,32,10,0.0,2,0,1,125715.46,0
2025,15604444,He,712,France,Male,66,9,113977.37,1,1,1,170242.34,0
2025,15607670,Klein,747,France,Male,48,6,0.0,1,1,1,85382.54,0
2025,15601456,Smith,643,Germany,Male,30,4,109396.11,1,1,1,178849.1,0
2025,15601086,Richter,733,Spain,Female,52,2,0.0,2,1,0,159802.56,0
2025,15608285,Hill,624,Spain,Male,31,8,0.0,1,1,1,41543.76,0
2025,15608311,Hoffmann,589,France,Male,33,9,0.0,1,1,0,80609.22,0
2025,15605894,Obinna,778,Spain,Female,30,3,0.0,1,1,0,43532.94,0
2025,15607016,Robert,685,Spain,Female,44,6,152498.91,1,1,0,186646.79,0
2025,15601780,Martin,510,France,Male,26,1,117854.04,1,0,1,76713.24,0
2025,15604534,Robert,700,France,Female,49,7,86569.96,2,1,1,72387.44,0
2025,15602571,Muller,703,Spain,Male,49,7,0.0,1,0,0,172296.68,0
2025,15604487,Braun,602,France,Male,44,6,0.0,2,0,1,170450.64,0
2025,15608618,Koch,494,France,Male,32,2,91039.56,2,1,0,84144.15,0
2025,15604196,Robert,674,France,Male,55,10,84119.99,2,0,1,143348.86,0
2025,15608082,Bartlett,614,Spain,Female,35,1,0.0,2,1,1,29277.07,0
2025,15603381,Onio,514,France,Male,34,7,0.0,1,1,1,147850.66,0
2025,15608682,Hargrave,659,France,Male,59,0,88256.03,1,1,1,189609.14,0
2025,15601092,Hoffmann,685,France,Male,32,7,75899.68,2,1,1,198307.62,0
2025,15603709,Perez,827,Germany,Male,36,8,95709.83,2,1,0,64506.14,1
2025,15602409,Perez,630,Germany,Male,30,5,117977.1,1,1,0,152047.4,0
2025,15602808,Durand,550,France,Male,39,7,111325.41,1,1,1,142089.59,0
2025,15603259,Lefebvre,696,Spain,Female,53,1,180255.35,2,1,0,50773.01,0
2025,15602241,Zimmermann,607,Germany,Female,27,7,142717.99,2,1,0,152302.58,0
2025,15606133,Becker,681,Spain,Female,42,3,0.0,1,0,0,12198.7,1
2025,15606633,Dubois,724,France,Male,29,2,0.0,2,1,1,28721.08,0
2025,15608336,Hill,718,Germany,Female,50,4,107367.27,1,1,0,69202.68,1
2025,15603151,Petit,751,France,Male,34,7,113070.23,3,1,1,174408.16,0
2025,15604129,Michel,802,France,Male,52,10,90627.63,2,0,0,11861.89,0
2025,15606709,Moreau,695,France,Male,46,8,90326.92,1,1,0,134480.13,0
2025,15604965,Obinna,532,France,Male,54,9,134982.01,1,1,1,46766.78,0
2025,15604919,Bartlett,521,Spain,Female,20,1,132345.45,2,1,0,84743.94,0
2025,15603173,Laurent,653,France,Male,36,6,123076.58,2,1,0,176109.96,0
2025,15600848,Perez,637,France,Male,50,2,0.0,2,1,1,175726.31,0
2025,15601051,Schäfer,671,Germany,Female,38,10,113337.29,1,1,0,29026.65,0
2025,15601422,Becker,742,France,Male,27,5,0.0,2,1,1,65560.68,0
2025,15604739,Mitchell,633,Germany,Male,48,8,143119.74,1,1,0,71940.03,1
2025,15601451,Diaz,771,France,Male,31,1,94125.16,1,1,1,116788.37,0
2025,15605176,Bauer,531,Spain,Male,38,6,147558.9,2,1,1,178535.51,0
2025,15606877,Bartlett,658,Germany,Female,45,0,103614.37,1,1,0,125963.95,1
2025,15604793,Weber,530,Germany,Male,50,3,92718.32,1,1,0,145479.25,1
2025,15606423,Romero,675,France,Female,40,9,0.0,1,1,1,158879.64,0
2025,15607357,Hill,693,France,Male,27,10,0.0,2,1,1,63035.86,0
2025,15607308,Klein,828,Germany,Male,46,7,127555.09,1,1,1,153703.22,1
2025,15604344,Diaz,550,Spain,Male,39,8,0.0,1,1,1,33833.12,0
2025,15609740,Schulz,723,France,Female,43,7,162376.73,1,0,1,89594.66,0
2025,15606061,Bauer,676,France,Male,63,1,140758.22,1,0,0,99418.16,1
2025,15601102,Munoz,771,France,Male,43,7,0.0,2,1,0,29706.19,0
2025,15607788,Torres,542,Germany,Male,40,6,154335.04,2,1,0,128291.39,0
2025,15604827,Schmidt,658,Spain,Male,33,1,0.0,1,1,1,76370.23,0
2025,15606713,Hernandez,600,France,Female,44,8,0.0,2,1,1,42665.28,0
2025,15609141,Hargrave,650,Germany,Male,57,6,164331.93,2,0,0,154475.13,1
2025,15601009,Hargrave,700,France,Male,18,8,0.0,1,1,1,116303.56,0
2025,15604823,Hoffmann,716,Germany,Male,37,2,118088.34,1,1,1,102490.58,0
2025,15600380,Smith,591,France,Male,32,4,0.0,1,1,1,57541.88,0
2025,15606871,Martin,608,France,Female,40,4,0.0,2,1,0,169636.26,0
2025,15600882,Bartlett,696,Spain,Female,33,0,0.0,2,0,0,16920.48,0
2025,15605852,Leroy,752,France,Female,65,1,119416.83,1,1,0,123579.21,0
2025,15605416,He,827,Germany,Male,28,4,194942.03,1,1,0,51720.3,0
2025,15603744,Robert,714,Germany,Female,41,10,145246.22,2,0,0,104197.51,1
2025,15601766,Zimmermann,646,Spain,Male,18,1,74299.54,1,1,1,49640.73,0
2025,15605824,Hoffmann,731,Spain,Male,29,0,38173.52,1,1,1,179829.51,0
2025,15608866,Michel,642,Germany,Male,32,4,128143.03,2,0,0,72564.8,0
2025,15601536,Boni,630,France,Female,43,4,125038.17,2,0,0,26916.57,0
2025,15609755,Garcia,625,France,Female,24,10,132511.51,2,1,1,137992.46,0
2025,15607764,Gomez,660,Germany,Male,35,4,144403.3,2,1,1,143362.65,0
2025,15602083,Schmidt,707,Spain,Female,57,1,0.0,2,0,1,197211.29,0
2025,15607039,Fischer,657,France,Female,40,9,0.0,1,0,0,30483.61,0
2025,15608557,Thomas,639,France,Male,41,6,0.0,2,0,1,69990.88,0
2025,15601150,Meyer,595,Spain,Male,43,0,107952.85,1,1,0,72722.39,0
2025,15609706,Muller,665,France,Female,48,2,125023.75,1,1,0,132775.85,0
2025,15606481,Laurent,588,France,Male,32,7,126370.61,1,0,1,61323.05,0
2025,15606758,Garcia,695,Germany,Female,34,10,185136.97,2,0,1,100324.04,0
2025,15607908,Lopez,487,Spain,Female,34,0,0.0,2,1,1,196717.94,0
2025,15603062,Becker,807,Germany,Male,38,10,77255.45,1,0,1,189749.08,0
2025,15604276,Richter,624,Germany,Male,45,9,131909.14,2,1,1,65610.14,1
2025,15607665,Simon,683,France,Female,45,3,66293.25,1,0,1,121012.91,0
2025,15602391,Schröder,462,France,Female,56,5,0.0,1,1,0,133503.52,1
2025,15602909,Diaz,619,Germany,Male,52,0,188404.28,2,1,1,80073.01,1
2025,15602796,Dupont,535,France,Male,28,0,16454.34,2,1,0,119842.59,0
2025,15600017,Braun,501,France,Female,69,0,0.0,2,0,0,138849.35,1
2025,15608424,Krüger,794,France,Male,35,4,0.0,1,1,0,72504.95,0
2025,15600798,Richter,793,France,Female,32,4,86958.01,1,1,0,31849.9,0
2025,15600934,Weber,598,Spain,Male,43,6,58282.11,2,1,0,54451.2,0
2025,15603707,Diaz,685,Germany,Male,48,2,163671.14,1,1,1,193067.83,1
2025,15605171,Gutierrez,797,Germany,Male,38,7,130841.76,1,1,1,24693.78,0
2025,15605687,Hernandez,644,France,Female,48,3,0.0,2,1,1,17206.49,0
2025,15608278,Hargrave,722,Spain,Female,28,10,70259.77,2,1,1,110061.54,0
2025,15607258,Martinez,692,Spain,Male,43,0,79567.6,1,1,0,95947.87,1
2025,15604588,Thomas,628,France,Male,40,7,102120.12,2,0,0,191468.25,0
2025,15602719,Smith,744,France,Female,36,9,130979.61,2,0,1,108206.23,0
2025,15607797,Fischer,567,Germany,Male,42,3,166562.9,2,1,0,65278.7,1
2025,15601826,Schulz,672,France,Female,40,0,160100.55,1,0,1,109186.67,0
2025,15609405,Klein,735,France,Male,18,6,73170.69,2,1,1,110843.84,0
2025,15602976,Gutierrez,529,Spain,Female,24,5,132709.18,1,1,1,86237.32,0
2025,15602792,Munoz,607,Germany,Female,36,1,69369.54,1,1,0,125941.65,0
2025,15603737,Ruiz,675,Spain,Male,39,2,122300.44,1,1,0,147533.44,0
2025,15608740,Hoffmann,810,France,Male,36,5,159507.88,2,0,0,10424.99,0
2025,15604606,Thomas,664,Spain,Male,44,6,0.0,1,0,0,26444.0,0
2025,15604164,Onio,525,Spain,Male,45,0,0.0,1,0,1,77413.94,0
2025,15607037,Simon,686,Germany,Male,38,6,140304.83,2,1,1,36126.16,0
2025,15605071,Hernandez,735,Spain,Male,44,8,0.0,1,0,0,41860.38,0
2025,15608213,Klein,577,France,Male,36,9,0.0,2,0,0,121818.97,0
2025,15607647,Schäfer,729,Germany,Male,43,1,115164.24,1,1,1,193449.91,1
2025,15600001,Weber,669,Spain,Male,45,9,175961.03,2,0,1,79392.24,0
2025,15608531,Robert,519,France,Male,33,3,0.0,2,1,1,143837.49,0
2025,15608731,Petit,681,Germany,Male,38,6,116706.96,1,0,1,135025.32,0
2025,15600293,Lefebvre,768,Spain,Male,37,10,0.0,1,0,0,184741.3,0
2025,15603377,Zimmermann,801,Germany,Male,37,2,122081.02,2,1,0,46604.59,1
2025,15605385,Diaz,817,France,Female,35,4,89826.1,1,1,0,179325.56,1
2025,15600840,Gutierrez,799,France,Female,18,9,0.0,2,1,1,125072.63,0
2025,15600145,Garcia,815,France,Male,49,0,0.0,1,1,1,77572.46,1
2025,15607268,Leroy,663,France,Female,40,10,0.0,3,1,1,10767.29,0
2025,15600972,Klein,648,France,Male,18,3,119550.39,1,1,0,61625.97,0
2025,15608205,Chu,563,Germany,Male,43,4,82588.73,1,1,0,57360.17,1
2025,15603662,Chidiebere,655,Spain,Female,34,3,99308.78,1,1,1,163982.05,1
2025,15604083,Romero,738,Spain,Male,18,1,147051.58,2,0,1,44355.3,1
2025,15605434,Schwarz,534,Spain,Female,54,4,115215.75,2,1,1,36611.2,0
2025,15603670,Thomas,572,France,Male,38,0,0.0,1,1,1,100923.0,0
2025,15604694,Laurent,682,Germany,Female,42,6,130695.29,1,1,1,128874.67,1
2025,15603638,Alvarez,542,Germany,Female,29,3,104115.61,2,1,1,106613.58,0
2025,15606900,Hill,789,Germany,Female,41,6,127844.81,1,1,0,114033.41,1
2025,15608937,Martinez,730,Spain,Male,39,10,142500.46,2,1,0,69869.99,0
2025,15601925,Rodriguez,767,Spain,Male,30,10,111511.12,2,1,1,119414.49,0
2025,15608119,Jimenez,850,Spain,Female,37,2,0.0,1,0,0,43445.88,0
2025,15603101,Hargrave,517,Spain,Female,38,5,140106.75,3,0,0,141037.67,1
2025,15604509,Petit,598,France,Male,46,2,0.0,2,0,1,145981.61,0
2025,15609924,Schneider,709,Spain,Male,18,7,0.0,2,0,1,68484.45,0
2025,15604152,Munoz,716,France,Female,43,3,96482.05,1,1,1,52703.68,0
2025,15600412,Petit,641,France,Female,30,0,0.0,1,1,1,14723.35,1
2025,15602278,Ruiz,643,Germany,Male,36,4,107535.24,2,1,0,16640.89,0
2025,15602710,Schmidt,585,France,Male,18,5,0.0,1,1,1,144696.58,0
2025,15601973,Meyer,625,France,Male,49,2,155303.82,2,1,1,38314.3,0
2025,15609896,Martin,462,Germany,Female,44,8,122058.58,1,1,1,176801.87,1
2025,15609566,Martin,555,Germany,Female,33,3,94096.88,2,1,1,172580.13,0
2025,15606531,Schmidt,683,Germany,Male,56,7,51909.74,2,1,1,78067.02,1
2025,15601354,Dubois,772,Spain,Male,36,2,97123.65,1,1,0,150963.6,0
2025,15607044,Koch,632,France,Male,50,2,0.0,2,1,0,158412.79,0
2025,15603844,Torres,641,France,Female,45,8,120431.61,1,1,0,115239.34,0
2025,15604141,Bartlett,575,France,Female,50,4,0.0,1,1,1,166350.58,0
2025,15601285,Krüger,531,France,Female,48,0,0.0,2,1,1,145226.4,0
2025,15600095,Onio,801,France,Female,55,6,0.0,1,0,1,101279.92,0
2025,15606431,He,492,Spain,Female,41,8,0.0,1,1,0,108538.61,0
2025,15605020,Robert,656,Germany,Female,24,9,113672.46,1,1,1,93315.54,0
2025,15608481,Dupont,622,France,Female,37,9,137640.19,1,0,1,29589.38,0
2025,15607879,Hill,636,France,Female,45,8,0.0,1,0,1,18975.53,0
2025,15603152,Bauer,553,France,Male,42,3,86876.3,1,1,0,142670.2,0
2025,15602832,Gomez,500,France,Female,36,1,160979.87,2,1,0,125726.94,0
2025,15603947,Zimmermann,730,France,Male,29,7,96482.6,3,1,0,147768.56,1
2025,15602036,Richard,700,Spain,Female,46,5,83162.53,2,1,0,130698.47,0
2025,15609262,Bernard,703,Spain,Female,32,8,0.0,1,1,1,40557.75,0
2025,15606640,Romero,495,Spain,Male,46,2,0.0,1,0,1,109522.37,0
2025,15605938,Durand,603,Spain,Female,40,1,102110.0,1,1,0,177371.71,0
2025,15605326,Schmidt,553,Germany,Male,20,1,139213.81,1,0,0,137286.13,1
2025,15604252,Becker,560,France,Female,41,4,103067.41,2,0,0,148172.41,0
2025,15602771,Hargrave,529,France,Male,40,4,160159.92,2,0,1,13227.58,0
2025,15601834,Schmidt,681,Germany,Male,27,4,136158.74,1,0,1,162047.17,0
2025,15607246,Gutierrez,813,France,Female,43,0,0.0,1,1,0,126194.22,1
2025,15606313,Schmidt,543,France,Female,48,0,0.0,2,1,0,95159.2,0
2025,15604299,Perez,557,Germany,Male,31,9,176240.51,1,1,1,100243.17,0
2025,15605713,He,479,Spain,Male,43,9,0.0,1,1,0,113604.15,0
2025,15602574,Schröder,685,Germany,Male,45,6,100361.56,2,0,0,154390.65,1
2025,15609640,Jimenez,537,France,Female,18,8,0.0,1,1,1,71038.31,0
2025,15606587,Simon,665,France,Female,38,9,0.0,2,0,0,157237.41,0
2025,15606258,Koch,624,Spain,Female,35,4,0.0,1,1,1,36189.06,0
2025,15603610,Krüger,667,France,Female,45,1,101822.1,2,1,0,65579.2,0
2025,15607280,Dominguez,564,Germany,Female,37,3,152889.65,2,1,0,21103.2,0
2025,15600925,Bauer,614,France,Female,28,9,0.0,1,1,0,19833.09,0
2025,15607453,Fischer,621,Germany,Male,38,7,127273.15,1,1,1,144990.64,1
2025,15603957,Hernandez,675,France,Male,32,1,91466.33,2,1,0,118870.67,0
2025,15606110,Schmidt,453,France,Male,46,8,83012.61,2,1,0,71463.96,0
2025,15600236,Smith,527,Germany,Female,30,1,126205.0,4,0,0,161601.96,0
2025,15607276,Garcia,544,Spain,Male,36,8,0.0,1,1,1,85282.12,0
2025,15602937,Bartlett,850,France,Female,34,0,131954.65,2,0,1,134593.26,0
2025,15607913,Fischer,589,France,Male,19,0,103570.64,1,1,1,106126.93,0
2025,15606799,Moreau,658,France,Female,31,2,0.0,3,1,1,96879.78,1
2025,15601484,Rodriguez,692,Spain,Male,42,9,0.0,1,1,1,94179.01,0
2025,15605884,Bernard,794,France,Female,42,4,118500.67,1,1,1,164738.1,0
2025,15604660,Fischer,685,France,Male,42,0,0.0,1,1,0,93613.88,1
2025,15606279,Bernard,610,Spain,Female,63,8,90622.31,2,1,0,48355.4,0
2025,15604839,Obinna,568,France,Female,34,9,0.0,2,1,1,27670.68,0
2025,15603408,Schröder,599,France,Female,38,9,70242.25,2,1,0,136540.82,0
2025,15600849,Munoz,599,France,Male,40,8,0.0,2,1,1,113609.71,0
2025,15608161,Chidiebere,685,France,Male,33,7,0.0,1,1,0,164529.13,0
2025,15600480,Braun,628,France,Female,34,1,146434.99,3,1,0,158907.46,1
2025,15607100,Sanchez,718,France,Male,24,5,120005.51,1,1,1,39230.65,0
2025,15600926,Alonso,726,Germany,Male,60,4,114245.83,2,1,0,107743.52,1
2025,15609606,Garcia,715,Spain,Female,54,9,68017.97,2,0,0,20000.2,0
2025,15603454,Smith,769,France,Male,59,3,0.0,1,1,0,98170.63,0
2025,15607701,He,634,France,Male,45,6,0.0,2,1,1,179703.53,1
2025,15603159,Ruiz,583,France,Female,46,7,151183.49,3,0,1,164166.86,1
2025,15602226,Schneider,678,France,Female,18,2,170649.88,2,0,1,162467.09,0
2025,15608569,Garcia,605,Spain,Female,37,7,31724.32,2,1,0,105332.43,1
2025,15603278,Boni,731,Germany,Male,29,3,126540.28,2,1,1,49599.69,0
2025,15606952,Onio,486,France,Female,30,1,92395.57,2,1,0,77381.67,0
2025,15606995,Robert,482,France,Male,50,5,0.0,1,1,0,143142.3,0
2025,15601498,Munoz,528,Spain,Female,43,3,0.0,2,0,0,14633.33,0
2025,15609846,Ruiz,526,Germany,Female,20,8,53824.68,1,1,0,163368.75,0
2025,15603052,Hernandez,716,France,Male,35,10,123658.42,2,1,0,113730.65,0
2025,15600761,Garcia,722,Germany,Female,48,4,128608.04,1,1,0,98257.21,1
2025,15602197,Chidiebere,556,France,Male,53,6,0.0,2,1,0,198844.27,0
2025,15605093,Becker,639,France,Male,41,4,0.0,1,0,0,132475.79,0
2025,15609487,He,498,Germany,Male,50,10,104706.17,3,1,0,186588.72,1
2025,15609027,Muller,796,Spain,Female,18,10,126732.68,1,1,0,110728.53,0
2025,15602692,Boni,799,France,Male,39,9,108491.13,4,1,1,61742.63,1
2025,15608010,Schneider,596,France,Male,45,0,0.0,2,1,1,142801.31,0
2025,15609834,Weber,729,Spain,Female,18,1,0.0,2,1,0,16183.54,0
2025,15600079,Garcia,632,Spain,Female,38,10,99850.76,3,1,1,70054.23,0
2025,15600375,Richard,662,France,Female,40,10,0.0,1,1,1,168710.91,0
2025,15600778,Bartlett,736,France,Male,31,8,155296.71,2,0,1,125520.36,0
2025,15609840,Schulz,729,France,Male,25,7,158811.51,2,1,0,58344.8,0
2025,15603489,Schwarz,693,France,Male,48,9,76716.67,2,1,1,92392.96,0
2025,15608164,Becker,687,France,Male,42,9,0.0,2,1,0,59999.26,0
2025,15606307,Klein,575,Germany,Male,32,6,154457.99,2,1,0,33134.59,0
2025,15602380,Martin,542,Spain,Male,40,2,0.0,1,0,0,198641.26,0
2025,15607423,Klein,607,France,Male,47,1,0.0,2,1,1,22383.55,0
2025,15601431,Obinna,618,Germany,Male,43,8,68306.94,1,1,1,140435.37,1
2025,15600817,Neumann,564,Germany,Female,41,3,97108.33,2,1,0,90792.69,1
2025,15608893,Schmidt,759,France,Female,34,10,0.0,1,1,1,136953.21,0
2025,15603803,Dupont,542,Spain,Male,21,2,0.0,2,1,1,76619.03,0
2025,15607008,Rodriguez,710,Germany,Male,34,7,116948.0,1,0,0,66446.4,0
2025,15602425,Krüger,793,Spain,Male,56,0,0.0,2,0,0,123125.2,0
2025,15606249,Torres,660,France,Female,31,6,0.0,2,1,0,46674.89,0
2025,15601893,Lopez,700,Germany,Male,37,4,82065.61,1,0,1,94064.97,0
2025,15605278,Garcia,819,Spain,Female,45,4,0.0,1,0,0,91971.23,1
2025,15602096,Dominguez,634,Germany,Male,27,7,139051.66,2,1,1,189472.92,0
2025,15605839,Ruiz,604,Spain,Female,42,0,112562.02,2,1,0,89487.12,1
2025,15605855,Fischer,745,France,Male,48,6,42281.04,2,1,0,161416.72,0
2025,15604191,Robert,579,Spain,Male,43,4,0.0,1,1,0,157117.58,0
2025,15608621,Jimenez,593,Spain,Male,42,0,0.0,2,1,0,158810.6,1
2025,15601221,Weber,606,Spain,Male,45,3,0.0,1,1,0,158460.41,0
2025,15604047,Bauer,586,France,Male,20,4,0.0,2,0,1,32235.62,0
2025,15607835,Neumann,700,France,Male,45,4,0.0,1,1,0,141542.57,0
2025,15600904,Dupont,528,France,Female,32,10,0.0,2,1,0,137108.78,0
2025,15600729,Alvarez,631,Germany,Male,32,7,99268.06,1,1,1,27840.19,0
2025,15600104,Garcia,766,France,Male,46,8,102124.39,2,1,1,74435.39,0
2025,15600022,Muller,584,France,Female,51,5,134795.85,1,1,0,71731.85,1
2025,15601921,Gutierrez,643,France,Female,41,6,0.0,2,1,1,135311.82,0
2025,15607782,Hargrave,578,Germany,Female,34,9,144614.48,1,1,1,68255.57,0
2025,15609294,Wagner,768,France,Female,40,7,163829.63,1,0,1,112937.66,0
2025,15601701,Moreau,608,Germany,Male,46,9,210690.53,1,1,0,150163.25,1
2025,15606335,Michel,621,France,Female,30,7,0.0,1,1,0,173791.44,1
2025,15604490,Perez,574,France,Female,51,9,0.0,2,0,1,50385.67,0
2025,15600322,Wagner,674,France,Female,44,8,137458.09,1,0,1,115327.24,1
2025,15601313,Alonso,605,France,Female,51,2,93310.64,2,1,0,60353.1,0
2025,15608332,Petit,604,France,Male,35,5,93579.84,1,0,0,113516.46,1
2025,15603356,Sanchez,545,Spain,Male,36,8,149665.88,1,1,1,28316.29,0
2025,15602932,Jimenez,606,France,Female,27,1,103599.92,1,1,0,10218.81,1
2025,15601652,Munoz,396,Germany,Male,43,7,95230.57,1,1,1,169702.51,1
2025,15604285,Schröder,561,Spain,Male,23,0,137033.17,1,1,1,146777.62,0
2025,15606315,Alonso,569,Germany,Female,38,6,96442.0,2,1,0,15900.82,0
2025,15606993,Garcia,572,France,Male,39,7,92227.14,2,1,1,125335.4,0
2025,15609347,Braun,639,Spain,Male,46,7,98481.22,1,0,1,87503.12,0
2025,15608857,Boni,624,France,Female,31,8,116610.98,1,1,0,34218.68,0
2025,15604077,Sanchez,729,Spain,Female,37,0,99866.5,1,1,1,17800.17,0
2025,15600870,Martin,700,France,Female,48,5,0.0,1,0,1,157876.16,0
2025,15606808,Richard,498,France,Male,56,1,144097.77,2,1,0,187268.01,0
2025,15605561,Mitchell,682,France,Female,56,1,0.0,2,0,1,186925.03,0
2025,15605477,Schröder,602,Germany,Male,66,10,116411.06,2,1,1,133708.15,1
2025,15608527,Hoffmann,692,Spain,Female,50,6,0.0,2,1,1,96233.13,0
2025,15608358,Schmidt,655,France,Male,32,3,67135.24,1,1,0,70095.52,1
2025,15600859,Becker,726,Germany,Male,39,3,181623.35,2,1,1,157826.39,0
2025,15603431,Neumann,646,Spain,Male,36,7,0.0,2,1,1,69534.82,0
2025,15608461,Perez,746,France,Female,37,5,129009.56,2,1,0,21953.42,0
2025,15609033,Sanchez,538,France,Male,51,0,32329.4,1,1,1,67056.49,0
2025,15608495,Robert,762,Spain,Male,29,6,0.0,2,1,0,191739.14,0
2025,15602211,Boni,525,Spain,Male,21,10,139934.99,2,1,1,75476.68,0
2025,15605396,Schwarz,677,Germany,Female,35,10,144043.74,1,1,1,166434.72,0
2025,15607252,Wagner,579,France,Male,48,10,0.0,1,1,0,114518.4,0
2025,15608020,Alonso,475,Spain,Male,35,7,0.0,1,1,0,130831.92,0
2025,15609780,Alonso,619,France,Male,53,9,0.0,1,1,1,106186.07,0
2025,15606514,Hargrave,750,France,Male,32,7,106131.55,1,1,1,12676.81,0
2025,15608753,Martin,736,France,Female,33,10,0.0,2,1,0,184322.59,0
2025,15606392,Navarro,612,France,Male,33,9,127956.72,2,1,1,13666.13,0
2025,15609138,Klein,602,France,Male,28,6,0.0,1,1,1,70810.58,0
2025,15608956,Schulz,723,Germany,Female,30,4,77349.05,1,0,0,176742.49,1
2025,15602070,Schulz,615,Spain,Female,37,0,93554.45,3,1,0,136281.32,1
2025,15606575,Klein,450,France,Male,19,6,0.0,1,0,1,83880.45,0
2025,15601012,Munoz,719,France,Female,37,7,0.0,2,1,1,123387.74,0
2025,15608941,Wolf,782,France,Male,49,6,105371.3,2,0,1,104277.77,0
2025,15603639,Schmidt,651,France,Male,35,2,0.0,2,1,0,145938.56,0
2025,15607936,Bauer,669,France,Male,29,2,134658.99,1,1,0,181532.97,0
2025,15600948,Richter,780,Germany,Male,43,10,132351.44,1,1,1,145756.09,1
2025,15600395,Neumann,528,Spain,Female,40,4,0.0,1,0,0,180961.06,0
2025,15600161,Smith,819,France,Female,40,2,129518.76,2,1,0,196969.35,0
2025,15608074,Richard,703,France,Female,33,1,0.0,2,1,1,139061.19,0
2025,15605545,Richter,546,Spain,Male,42,6,134787.64,2,1,1,60563.64,0
2025,15600392,Diaz,621,Spain,Female,36,6,0.0,1,0,0,197563.15,0
2025,15606422,Perez,434,France,Male,29,3,159571.51,1,1,0,39105.77,0
2025,15607528,Durand,697,Spain,Male,46,6,60856.68,1,1,1,181843.43,1
2025,15606589,Gutierrez,729,France,Female,47,3,115502.36,2,1,1,84600.36,0
2025,15604380,Zimmermann,754,Spain,Female,36,2,67257.34,2,1,1,120833.09,0
2025,15602095,Schulz,664,France,Male,38,3,0.0,1,1,1,115116.2,0
2025,15605245,Klein,583,Spain,Male,27,5,86661.42,2,1,0,199658.79,0
2025,15606614,Rodriguez,635,Germany,Female,38,1,53982.79,1,1,0,185638.51,0
2025,15605686,Hargrave,613,Germany,Female,41,6,114838.96,1,1,1,26522.95,1
2025,15608798,Hill,599,Germany,Male,47,1,128810.28,1,1,1,197844.01,1
2025,15603003,Navarro,746,France,Male,46,9,96006.76,1,1,1,55597.38,0
2025,15606959,Petit,675,Germany,Female,53,0,119052.24,2,1,0,146784.64,1
2025,15601384,Weber,686,France,Female,39,7,128779.09,2,0,0,23578.9,0
2025,15609388,Torres,673,France,Male,30,2,0.0,2,0,1,135023.5,0
2025,15604830,Michel,774,France,Male,37,7,0.0,2,1,1,175042.82,0
2025,15605966,Lefebvre,794,France,Male,54,10,0.0,2,1,1,101917.35,0
2025,15601730,Dubois,678,France,Male,44,5,147343.66,1,1,1,161035.99,1
2025,15601074,Martin,567,Germany,Male,32,2,150387.71,2,1,1,62189.72,0
2025,15601837,Perez,662,France,Female,39,2,156646.29,3,1,1,171423.22,0
2025,15606294,He,486,Spain,Male,51,5,0.0,1,1,0,153739.24,0
2025,15600156,Martin,571,France,Male,45,7,81775.59,2,0,0,11477.56,0
2025,15605428,Onio,532,France,Male,33,1,0.0,1,0,1,17161.79,0
2025,15601350,Mitchell,508,France,Male,49,8,0.0,2,0,1,184199.52,0
2025,15605533,Meyer,480,Spain,Male,52,9,158106.72,1,1,0,73904.33,0
2025,15602942,Torres,664,France,Male,46,9,133769.4,1,1,1,52488.26,0
2025,15604015,Koch,681,Germany,Female,48,7,144129.11,2,0,0,131736.21,1
2025,15605457,He,542,France,Female,31,3,0.0,1,1,0,82552.46,0
2025,15601096,Petit,669,France,Male,33,10,167162.27,2,1,0,32515.99,0
2025,15605431,He,498,France,Male,46,4,85906.02,1,1,0,60093.57,1
2025,15605667,Gomez,661,Spain,Male,49,7,0.0,2,0,0,107462.15,0
2025,15604293,Hill,742,France,Female,46,2,133290.23,1,1,1,59797.06,1
2025,15606768,Garcia,578,Spain,Female,46,2,0.0,1,0,0,38266.27,0
2025,15609059,Moreau,664,France,Male,26,7,81968.6,2,1,1,47199.64,0
2025,15603734,Bartlett,672,Spain,Female,32,5,0.0,1,1,1,36210.74,0
2025,15602382,Richter,633,Spain,Male,40,4,74890.37,2,1,0,125735.02,0
2025,15609630,Petit,587,Germany,Male,43,9,146966.01,2,0,0,180526.53,1
2025,15607365,Leroy,770,France,Male,62,6,128651.04,2,0,0,40631.63,0
2025,15609634,Alvarez,649,France,Male,35,5,0.0,1,1,1,113061.18,0
2025,15601368,Mitchell,544,Spain,Male,28,3,0.0,1,0,1,128320.38,0
2025,15608242,Martin,627,France,Female,40,2,169685.94,2,1,0,194552.5,0
2025,15604822,Ruiz,575,France,Female,23,4,0.0,2,1,1,187968.55,0
2025,15604123,Leroy,789,Spain,Female,41,10,78129.37,2,1,0,59747.87,0
2025,15608150,Thomas,588,Spain,Female,40,10,82040.76,1,1,1,108486.98,0
2025,15609232,Hill,638,Germany,Male,31,10,101601.57,2,1,0,164524.95,0
2025,15601056,Chu,495,France,Male,41,2,126753.92,2,0,0,115827.07,0
2025,15602556,Gutierrez,656,France,Male,38,5,0.0,2,1,0,156429.37,0
2025,15607241,Schwarz,662,Spain,Male,39,0,0.0,1,1,1,19304.6,0
2025,15605778,Durand,836,Spain,Male,56,0,0.0,2,0,0,107220.99,0
2025,15602038,Jimenez,706,France,Male,29,4,131446.66,2,1,1,36505.61,0
2025,15605133,Gutierrez,463,France,Female,25,9,0.0,2,1,0,184825.42,0
2025,15600033,Bartlett,664,France,Male,54,3,0.0,2,0,0,72579.4,0
2025,15600146,Fischer,599,France,Female,43,6,0.0,1,1,1,60715.06,0
2025,15601561,Boni,715,Spain,Female,45,1,128042.38,2,1,1,93869.39,1
2025,15607872,Becker,647,France,Female,37,4,0.0,2,0,1,76188.21,0
2025,15602639,Hill,697,France,Male,56,7,0.0,1,0,0,195234.79,1
2025,15607774,Martinez,704,Spain,Female,50,8,0.0,1,1,0,55790.31,0
2025,15607249,Hill,779,France,Male,29,9,99820.21,1,1,0,101766.38,0
2025,15607832,Dupont,511,Germany,Female,48,6,147324.21,1,1,0,37087.13,1
2025,15604372,Jimenez,398,Germany,Male,45,10,135888.57,1,1,0,176649.48,1
2025,15600309,Boni,806,France,Female,40,10,0.0,2,1,1,154977.46,0
2025,15609603,Dubois,556,France,Male,41,4,0.0,1,0,0,194178.47,0
2025,15603140,Zimmermann,666,Germany,Male,44,4,145781.23,1,1,0,132110.6,1
2025,15609694,Schwarz,663,Spain,Male,29,8,92125.89,2,1,1,147540.13,0
2025,15603514,Boni,782,Spain,Male,40,5,85855.04,1,0,1,77654.21,0
2025,15605637,Ruiz,563,Germany,Female,39,7,114061.05,2,1,1,185086.61,0
2025,15606322,Smith,815,Spain,Male,42,1,0.0,1,1,1,45395.31,0
2025,15605189,Wagner,449,Germany,Female,50,4,150639.56,3,0,1,90508.0,1
2025,15603552,Onio,725,France,Male,33,10,142940.57,2,0,0,159226.2,0
2025,15608050,Zimmermann,613,France,Female,53,8,125015.67,2,1,1,32031.83,0
2025,15601060,Muller,409,France,Female,32,0,0.0,1,1,1,182764.32,0
2025,15600721,Dubois,622,Spain,Male,39,3,0.0,1,1,0,92477.91,0
2025,15609926,Bauer,659,Germany,Male,25,10,78421.22,2,1,0,74450.2,0
2025,15601297,Schmidt,850,France,Male,37,5,149470.36,2,1,0,29800.92,0
2025,15608433,Schneider,658,France,Male,28,3,0.0,1,1,1,138117.26,0
2025,15608568,Petit,652,Spain,Female,31,0,79179.49,2,1,0,148708.18,0
2025,15601715,He,571,France,Male,42,7,0.0,1,0,1,135016.9,0
2025,15608146,Garcia,759,Spain,Male,35,2,111210.95,2,1,0,68510.28,0
2025,15603703,Weber,811,Germany,Female,40,3,116434.71,2,1,1,76836.9,0
2025,15600038,Robert,633,Germany,Male,37,2,106478.3,1,1,1,12517.28,0
2025,15609416,Leroy,769,Germany,Male,28,3,82454.25,1,1,0,44053.53,0
2025,15605197,Martin,741,France,Female,38,9,98600.98,2,0,0,10345.44,0
2025,15606802,Garcia,574,Spain,Male,28,6,107814.45,1,0,1,162596.97,0
2025,15601448,Simon,682,France,Female,36,8,102680.51,1,1,0,199455.63,0
2025,15609267,Smith,693,France,Female,43,4,101800.97,2,1,1,102200.24,0
2025,15609749,Hill,828,France,Male,49,4,203402.69,1,0,0,199352.16,0
2025,15603994,Muller,781,France,Male,57,6,144164.15,1,1,1,86508.48,0
2025,15600662,Thomas,628,France,Male,33,6,113894.1,2,1,1,12120.52,0
2025,15601477,Schwarz,702,France,Female,31,9,0.0,1,1,0,188413.72,0
2025,15609865,Durand,414,France,Male,43,6,149332.54,1,0,0,10068.96,0
2025,15607497,Durand,646,France,Male,34,9,0.0,2,1,0,67443.79,1
2025,15606978,Durand,633,Spain,Male,55,7,123288.75,1,1,1,146524.62,0
2025,15604664,Martin,675,Germany,Male,21,1,130446.74,1,0,0,65985.18,0
2025,15607860,Bernard,748,France,Female,37,8,0.0,1,0,0,65914.25,0
2025,15602807,Schneider,798,Germany,Female,30,8,132437.54,2,1,1,131074.42,1
2025,15601640,Robert,738,France,Male,18,10,98758.23,1,1,1,161236.69,0
2025,15601125,Muller,564,Germany,Male,37,3,129495.19,2,0,0,78478.89,0
2025,15609758,Richter,491,Spain,Male,21,0,0.0,1,1,1,72045.7,0
2025,15600442,Boni,685,Spain,Female,33,3,56714.85,2,1,0,71355.85,0
2025,15603384,Lopez,631,Germany,Male,45,6,97742.56,1,1,0,19489.69,1
2025,15607568,Schröder,656,Germany,Male,45,1,41164.89,2,1,0,22166.7,1
2025,15606210,Laurent,620,France,Male,29,1,0.0,2,1,1,159013.38,0
2025,15603126,Gutierrez,716,Spain,Female,31,4,73001.14,1,1,0,20133.27,0
2025,15608206,Muller,512,Spain,Male,32,5,91685.34,1,0,0,57491.57,0
2025,15608816,Martin,555,Spain,Female,29,6,0.0,1,0,1,137644.57,0
2025,15601593,Schäfer,816,Germany,Female,33,9,118701.68,1,1,0,148984.47,0
2025,15608859,Alonso,557,Germany,Male,27,0,105080.96,1,1,0,64185.16,0
2025,15600583,Martinez,715,Spain,Male,29,1,127610.76,2,1,0,128506.03,0
2025,15605084,Schneider,646,Germany,Male,35,9,107035.03,1,0,0,131333.03,1
2025,15604753,Torres,639,France,Female,42,5,178328.25,1,1,1,73051.17,1
2025,15608012,Durand,701,France,Male,54,3,124116.12,2,1,1,188226.91,0
2025,15606368,Muller,657,France,Female,46,5,0.0,2,0,0,21377.22,0
2025,15606747,Richter,673,Germany,Male,29,9,92453.63,2,1,0,20555.84,0
2025,15603854,Martin,463,Germany,Male,36,6,63142.43,2,0,0,53386.93,0
2025,15609802,Torres,743,France,Female,33,0,0.0,1,0,0,153546.67,0
2025,15603799,Klein,574,France,Female,44,5,0.0,1,1,1,178759.45,0
2025,15602408,Schneider,611,France,Male,51,9,0.0,2,1,0,110603.49,0
2025,15604796,Rodriguez,549,Spain,Male,34,4,113318.68,1,1,0,67475.69,0
2025,15602134,Martin,369,Germany,Female,28,9,138229.22,2,0,1,20265.24,0
2025,15609713,Schröder,676,France,Female,33,5,0.0,1,1,1,36261.23,0
2025,15602714,Onio,615,France,Male,31,6,0.0,2,0,0,110232.33,0
2025,15603444,Zimmermann,547,France,Male,31,3,116414.07,3,1,0,131168.54,1
2025,15602515,Smith,784,Germany,Male,59,5,157629.75,2,1,0,46168.84,1
2025,15601829,Petit,626,Germany,Female,38,3,113407.01,2,1,1,95929.06,1
2025,15602910,Michel,682,France,Female,23,1,0.0,2,0,1,56034.32,0
2025,15606111,Schulz,754,Germany,Male,41,4,105876.39,1,1,0,126934.02,1
2025,15605651,Becker,537,Spain,Male,36,8,66617.74,2,0,0,145998.75,0
2025,15605361,Garcia,638,France,Male,52,4,186860.73,1,1,1,140325.3,0
2025,15609364,Simon,820,France,Female,58,0,0.0,2,1,1,13187.02,0
2025,15606775,Dubois,593,Germany,Female,48,8,135378.31,1,0,1,94452.75,1
2025,15604579,Fischer,644,France,Male,33,7,82886.05,1,1,0,89173.25,0
2025,15605601,Obinna,729,Germany,Male,22,4,100423.01,1,1,1,111906.64,0
2025,15601048,Lefebvre,850,France,Female,47,7,0.0,1,1,0,69552.06,1
2025,15603856,Gomez,850,Germany,Male,52,8,76621.34,2,1,1,98943.48,1
2025,15606874,Robert,460,France,Female,43,0,102443.93,2,0,0,77444.55,1
2025,15602406,Boni,629,France,Female,38,8,0.0,1,1,1,13990.79,0
2025,15601483,Dubois,816,Spain,Male,33,5,121037.65,2,1,0,70464.78,0
2025,15609581,Rodriguez,548,Spain,Female,45,5,144916.21,2,1,1,66639.67,0
2025,15608435,Thomas,722,Germany,Male,29,7,67778.4,2,1,1,119452.56,0
2025,15601392,Schmidt,805,Spain,Male,38,4,111865.19,2,0,0,189114.43,0
2025,15606867,Durand,850,France,Female,30,10,0.0,2,1,0,76488.74,0
2025,15608051,Richter,514,Spain,Male,38,8,0.0,2,1,1,186967.56,0
2025,15602936,Durand,735,Spain,Female,45,6,115575.48,2,0,0,186158.07,1
2025,15605503,Weber,785,Germany,Female,31,6,69685.33,1,1,1,172786.76,0
2025,15603897,Petit,729,France,Female,48,4,89877.26,2,0,1,178699.09,0
2025,15605229,Garcia,653,Spain,Female,40,2,0.0,3,1,1,135554.86,0
2025,15604379,Muller,642,France,Male,47,4,169442.05,1,1,0,81159.48,0
2025,15608434,Obinna,785,Spain,Female,39,9,96036.13,2,0,0,102311.71,0
2025,15602811,Schmidt,676,Germany,Female,40,0,99933.46,1,1,0,156478.77,0
2025,15608163,Schröder,752,France,Male,24,10,0.0,2,0,0,78848.28,0
2025,15605689,Navarro,774,Spain,Male,52,5,0.0,2,0,1,28844.25,0
2025,15604776,Muller,711,France,Female,27,2,100847.74,1,1,1,79656.07,0
2025,15606281,Michel,592,France,Male,35,7,0.0,1,1,1,181909.23,0
2025,15609256,Hill,524,France,Female,42,10,0.0,1,0,0,157308.82,0
2025,15603314,Krüger,521,France,Female,18,5,106773.28,1,1,1,131370.53,0
2025,15603428,Michel,805,Spain,Female,28,0,0.0,2,1,1,23174.44,0
2025,15602125,Martinez,581,France,Male,43,6,0.0,2,1,0,62407.99,0
2025,15606433,Alonso,827,Germany,Male,38,2,153012.44,2,1,0,156423.11,0
2025,15608980,Mitchell,839,Spain,Female,55,6,130082.55,2,1,1,147632.56,0
2025,15609585,Torres,673,Spain,Female,41,1,0.0,1,1,0,190745.25,1
2025,15600208,Mitchell,754,France,Female,29,5,0.0,2,1,1,13754.19,0
2025,15606466,Gomez,661,Spain,Female,18,6,0.0,2,1,1,68643.68,0
2025,15602618,Hernandez,434,Germany,Male,18,9,161511.82,2,1,0,51672.86,0
2025,15607117,Alvarez,689,Spain,Male,44,8,126605.36,1,0,0,17256.76,1
2025,15603310,Richard,567,France,Female,25,0,157969.58,2,1,0,64191.28,0
2025,15606449,Martin,577,Spain,Male,25,9,0.0,2,1,1,55739.74,0
2025,15600465,Richter,544,France,Male,44,3,73132.58,2,0,1,14376.03,0
2025,15601968,Martin,533,France,Female,41,3,0.0,1,0,1,32269.77,0
2025,15607907,Dupont,850,Spain,Male,26,3,0.0,1,1,1,196066.64,0
2025,15601228,Torres,597,France,Female,50,1,93721.06,1,0,1,112401.05,0
2025,15601543,Wolf,657,Germany,Male,47,2,130007.03,1,1,1,135677.81,1
2025,15602447,Wagner,372,Spain,Female,38,5,0.0,1,1,0,112559.81,0
2025,15605336,Hargrave,694,France,Male,36,1,0.0,2,1,0,26419.53,0
2025,15608892,Martin,696,France,Male,35,4,0.0,2,0,0,88195.28,0
2025,15609617,Becker,563,Germany,Male,44,9,123650.84,1,1,0,32636.65,1
2025,15609407,Hill,621,France,Male,18,10,0.0,2,1,0,176298.86,0
2025,15602663,Laurent,655,Germany,Female,42,1,119933.47,1,1,0,173905.35,1
2025,15606384,Braun,587,France,Male,28,9,51719.54,3,1,0,144024.07,1
2025,15602264,Garcia,646,Spain,Female,66,2,74615.17,2,1,0,131407.87,0
2025,15608625,Perez,815,France,Female,49,8,0.0,2,1,0,114890.43,1
2025,15607615,Garcia,630,Germany,Male,30,10,142684.73,1,1,1,134814.21,0
2025,15609839,Torres,519,France,Female,54,6,0.0,1,1,1,148872.54,0
2025,15605888,Michel,707,France,Female,30,10,0.0,1,1,1,69601.95,0
2025,15607938,Thomas,601,France,Male,31,6,83069.19,1,0,1,93415.28,0
2025,15602315,Schwarz,674,Germany,Male,40,5,94424.85,2,0,0,54340.41,0
2025,15604989,Torres,570,Spain,Female,38,6,127350.84,1,1,0,75714.85,0
2025,15608128,Dupont,655,France,Female,32,2,129468.87,2,1,1,176296.77,0
2025,15606365,Dominguez,805,Spain,Female,55,4,104012.67,1,1,1,138781.3,0
2025,15604599,Chidiebere,608,Germany,Male,38,8,99606.98,1,1,1,184079.52,0
2025,15603065,Zimmermann,696,Germany,Female,27,8,92211.92,1,0,0,89673.82,0
2025,15606181,Lopez,791,France,Male,39,10,0.0,2,1,1,25288.38,0
2025,15604190,Diaz,710,France,Female,41,7,0.0,1,1,0,44663.98,0
2025,15600060,Alvarez,594,Germany,Male,44,1,116606.39,2,1,1,155546.94,1
2025,15608887,Schmidt,600,France,Female,26,4,0.0,2,1,1,46633.13,0
2025,15604788,Schmidt,517,France,Female,46,3,0.0,1,1,1,156705.21,0
2025,15603253,Chu,623,France,Female,35,9,0.0,1,1,0,22820.8,0
2025,15605108,Gomez,545,Spain,Male,34,8,0.0,2,1,1,191961.18,0
2025,15604265,Petit,547,Spain,Female,46,8,61474.76,2,1,1,79159.78,0
2025,15606128,Hoffmann,618,Spain,Female,43,2,0.0,2,0,0,94292.0,0
2025,15602475,Klein,823,France,Male,42,8,0.0,1,0,0,141280.92,0
2025,15603823,Perez,585,Germany,Male,36,1,149993.13,1,1,1,79984.99,0
2025,15601787,Schneider,713,Spain,Female,40,5,0.0,2,0,0,12052.42,0
2025,15602064,Munoz,636,Spain,Male,50,2,0.0,1,0,1,57024.16,0
2025,15607247,Petit,698,France,Male,46,5,0.0,1,1,0,27744.43,1
2025,15602856,Perez,798,Germany,Female,52,1,117499.03,2,1,0,145247.18,1
2025,15608577,Chu,532,France,Male,72,7,90642.58,1,1,1,137119.05,0
2025,15603471,Richard,618,Spain,Female,37,10,102847.37,1,1,0,113113.88,0
2025,15609544,Lefebvre,756,Germany,Female,37,2,102628.14,1,1,1,176748.82,1
2025,15605265,Diaz,606,Spain,Female,45,3,0.0,1,1,1,93474.91,0
2025,15606980,Klein,564,Germany,Male,55,7,108216.0,1,1,1,136032.84,1
2025,15604983,Mitchell,635,France,Male,34,2,0.0,2,1,0,135720.86,0
2025,15607256,Schneider,633,Germany,Male,42,0,103894.03,2,0,1,147660.23,1
2025,15601833,Thomas,590,France,Female,38,3,155293.85,3,1,0,198647.64,1
2025,15608630,Hoffmann,661,Spain,Male,38,10,0.0,1,0,1,113987.93,1
2025,15604924,Boni,626,France,Female,46,2,53744.49,2,0,1,103765.82,0
2025,15607961,Gomez,650,Spain,Female,32,0,0.0,2,0,1,55532.84,0
2025,15606568,Dominguez,662,Spain,Female,33,10,0.0,2,0,1,40925.26,0
2025,15601083,Wolf,632,France,Female,29,6,142604.19,2,0,0,154590.06,0
2025,15603883,Schmidt,823,Spain,Male,39,10,99286.98,1,1,0,30816.24,0
2025,15600072,Schmidt,662,Germany,Male,37,4,178601.73,2,0,0,120309.95,0
2025,15605864,Fischer,605,Spain,Female,30,6,0.0,2,1,0,63143.61,0
2025,15607639,Smith,742,Spain,Female,42,2,0.0,1,0,0,166689.53,0
2025,15603354,Hernandez,659,Spain,Female,30,4,0.0,1,1,0,52348.96,0
2025,15605337,Navarro,639,France,Male,47,5,93436.43,1,1,1,148814.07,0
2025,15602204,Krüger,772,Germany,Male,28,6,107375.43,2,1,0,76805.22,0
2025,15601693,Schwarz,759,Germany,Female,43,6,107810.38,1,1,0,15678.01,1
2025,15605551,Schröder,620,Germany,Female,40,8,80489.09,2,0,1,165607.78,0
2025,15601844,Thomas,636,France,Male,24,3,0.0,2,1,0,95436.84,0
2025,15605303,Schäfer,673,France,Female,29,1,0.0,1,1,0,54475.99,0
2025,15601813,Diaz,819,Spain,Male,30,2,0.0,1,1,1,36453.49,0
2025,15601755,Garcia,552,Germany,Male,28,7,112762.51,2,1,1,108673.5,0
2025,15608369,Munoz,593,France,Male,28,5,0.0,2,0,1,145142.42,0
2025,15601334,Richard,753,Spain,Male,50,10,131284.53,2,1,1,63276.17,0
2025,15606134,Lopez,753,France,Female,60,8,124371.15,1,0,1,83228.69,0
2025,15603166,Hargrave,761,Spain,Female,40,4,0.0,2,1,0,152613.41,0
2025,15609092,Dominguez,666,France,Female,38,6,172856.83,2,1,1,94122.59,0
2025,15602335,Ruiz,612,France,Female,47,0,0.0,3,0,1,147086.4,1
2025,15606146,Bartlett,628,Spain,Male,40,10,0.0,1,1,0,58775.26,0
2025,15602118,Gutierrez,774,Germany,Male,30,4,95066.84,1,1,1,41752.59,0
2025,15601339,Martin,594,France,Male,36,1,0.0,2,1,1,34303.69,0
2025,15602820,Martin,701,France,Male,40,6,64141.02,1,1,1,174469.11,0
2025,15602865,Hill,414,Spain,Female,36,9,157727.54,1,1,0,79244.13,0
2025,15604516,Garcia,823,Spain,Male,20,9,0.0,2,1,0,63920.42,0
2025,15607878,Schröder,640,Germany,Male,31,10,99174.93,2,1,1,133881.29,0
2025,15608024,Smith,576,France,Male,45,10,0.0,1,1,0,25298.68,0
2025,15601454,Schulz,665,Germany,Male,28,2,110021.16,1,0,1,91747.37,0
2025,15603654,Wagner,763,France,Female,31,4,0.0,1,0,0,159231.9,0
2025,15605851,Braun,783,France,Female,43,10,94650.08,1,1,1,108340.8,0
2025,15607923,Richard,611,France,Male,46,2,0.0,1,0,0,155247.61,0
2025,15608236,Robert,642,Spain,Male,26,10,0.0,2,1,0,132626.33,0
2025,15601981,Dominguez,516,Spain,Male,45,3,0.0,1,0,1,179914.78,0
2025,15600250,Braun,585,France,Male,33,8,0.0,2,1,1,30902.03,0
2025,15607861,Petit,580,Germany,Male,44,9,129839.72,1,0,1,103136.09,1
2025,15601014,Onio,571,France,Male,45,9,86964.9,1,1,1,81768.36,0
2025,15605205,Martin,809,France,Male,41,4,126467.56,2,0,1,45741.02,1
2025,15609473,Onio,522,France,Male,37,1,114614.86,2,0,0,20727.48,0
2025,15604137,Hargrave,595,Spain,Female,38,9,0.0,1,1,0,166902.26,0
2025,15603802,Muller,422,Germany,Male,36,7,134724.64,4,1,1,25706.82,1
2025,15608040,He,710,France,Male,42,9,96422.24,2,0,0,181009.4,0
2025,15609493,Chidiebere,763,Germany,Male,43,5,149650.86,1,1,0,44945.48,1
2025,15601631,Wagner,590,France,Male,35,9,0.0,2,0,1,184970.54,0
2025,15606544,Gomez,550,France,Female,51,0,93203.42,2,1,0,153645.16,0
2025,15606087,Sanchez,753,France,Male,34,0,34126.42,3,1,0,172372.02,0
2025,15606556,Schäfer,659,Germany,Male,48,2,99233.69,2,1,0,155755.0,1
2025,15600270,Bartlett,640,Spain,Female,18,5,52153.05,1,1,1,127361.58,0
2025,15602043,Laurent,637,Spain,Male,32,2,0.0,1,1,1,181609.18,0
2025,15608901,Garcia,616,Spain,Female,34,1,60276.32,1,1,0,73678.31,0
2025,15609074,Richter,679,Spain,Female,37,8,71227.46,1,1,0,19228.3,0
2025,15607785,Michel,609,Germany,Male,35,3,110702.58,1,1,1,116910.53,1
2025,15606007,Garcia,620,France,Male,41,2,0.0,2,1,0,105440.83,0
2025,15600237,Rodriguez,677,Germany,Male,28,6,86019.09,1,1,1,154957.82,0
2025,15609238,Schröder,564,Spain,Female,37,0,0.0,2,1,0,57980.34,0
2025,15608009,Alvarez,748,Germany,Male,42,3,135600.96,2,0,1,68667.1,1
2025,15601111,Klein,637,Germany,Female,41,4,141354.09,1,1,1,176727.06,1
2025,15603304,Romero,614,Spain,Female,49,3,127678.29,1,0,0,139635.96,1
2025,15604151,Rodriguez,749,France,Male,33,5,95833.38,2,1,0,44870.53,0
2025,15602548,Perez,619,Spain,Female,35,9,0.0,1,1,0,58319.83,0
2025,15600537,Michel,617,Spain,Male,46,0,0.0,1,0,0,187241.14,1
2025,15609578,Leroy,622,France,Male,41,5,99575.98,1,1,0,166522.65,0
2025,15607757,Thomas,610,Spain,Female,39,6,133752.5,1,0,0,20769.35,0
2025,15605983,Mitchell,641,Spain,Female,48,2,47189.66,2,1,0,134941.37,0
2025,15603063,Neumann,638,France,Male,47,2,114169.24,3,1,1,25496.18,0
2025,15604231,Jimenez,723,France,Male,23,7,0.0,1,1,1,49793.49,0
2025,15603968,Richard,679,France,Male,44,7,0.0,2,0,1,144835.54,0
2025,15609734,Becker,680,Spain,Male,38,2,70667.17,1,1,0,89946.04,0
2025,15607208,Gomez,570,Germany,Female,41,4,79271.46,2,1,1,135289.21,1
2025,15603618,Robert,610,Spain,Male,30,10,114741.49,1,1,1,178160.93,0
2025,15601539,Koch,653,France,Female,32,6,0.0,1,0,1,106058.05,0
2025,15606502,Weber,735,France,Female,18,1,118528.81,2,1,1,66384.91,0
2025,15605288,Moreau,700,Germany,Male,18,1,79633.13,3,1,0,97643.87,0
2025,15607425,Torres,727,France,Male,34,5,0.0,1,1,1,135866.43,0
2025,15603414,Leroy,618,France,Female,37,7,93998.42,1,1,0,172497.17,0
2025,15602207,Robert,673,France,Male,46,8,0.0,2,0,1,72286.08,0
2025,15602628,Dominguez,752,France,Male,36,9,0.0,1,1,1,125203.41,0
2025,15608805,Martinez,580,France,Male,41,9,0.0,1,1,1,96228.1,1
2025,15607020,Schmidt,460,France,Female,36,4,150463.1,2,1,1,186633.54,0
2025,15601100,Martinez,700,France,Female,26,6,0.0,1,1,1,169712.51,0
2025,15601867,Becker,850,France,Female,65,5,131026.22,2,1,1,192551.48,0
2025,15600804,Lefebvre,595,Germany,Male,52,10,117368.38,2,1,1,10878.1,1
2025,15607340,Schneider,784,France,Female,21,5,163061.65,2,0,0,163710.07,0
2025,15604027,Simon,813,Spain,Female,44,0,139730.86,3,0,0,25066.51,1
2025,15607000,Hoffmann,550,Germany,Male,46,5,109278.04,1,1,0,159476.71,1
2025,15607713,Martin,760,France,Female,31,8,0.0,1,1,1,124245.19,0
2025,15602482,Schäfer,605,France,Male,29,5,0.0,2,1,1,50680.01,0
2025,15602767,Michel,574,France,Male,45,5,58013.1,1,1,0,164935.17,0
2025,15600165,Leroy,780,France,Female,31,9,0.0,1,1,1,188887.94,0
2025,15606196,Martin,532,France,Female,28,9,137613.01,1,0,1,121120.27,0
2025,15605777,Diaz,791,Spain,Male,54,7,0.0,2,0,0,61410.44,0
2025,15603892,Gomez,689,Germany,Female,41,4,127336.76,1,1,1,126936.72,1
2025,15600403,Koch,634,Spain,Female,38,9,87756.34,1,1,1,141475.55,0
2025,15601946,Navarro,670,Spain,Male,36,10,69016.92,2,0,1,60886.35,0
2025,15606444,Schmidt,671,Spain,Female,29,4,69068.32,1,1,0,89692.32,0
2025,15602715,Obinna,653,Spain,Male,21,6,115173.98,2,1,1,185464.81,0
2025,15603242,Chu,527,Spain,Male,40,5,0.0,2,1,0,129488.63,0
2025,15609385,Ruiz,515,France,Male,33,2,0.0,2,0,1,69062.71,0
2025,15603290,Chu,648,Germany,Female,47,1,92464.91,1,1,1,38598.82,1
2025,15605577,Gutierrez,537,Germany,Male,38,2,139390.66,2,1,1,17392.65,0
2025,15608882,Perez,519,Germany,Female,28,7,92119.51,2,1,0,43008.17,0
2025,15605064,Becker,794,France,Male,36,4,0.0,2,1,0,51564.73,0
2025,15601178,Alvarez,580,France,Male,25,1,164206.43,1,1,1,78100.0,0
2025,15603301,Garcia,632,Germany,Female,57,10,144527.28,2,1,1,178879.18,1
2025,15602256,Ruiz,446,France,Female,39,8,80338.79,1,1,0,186370.38,1
2025,15601410,Schröder,584,Germany,Female,30,6,97532.66,2,1,1,99847.74,0
2025,15607806,Fischer,689,France,Male,49,0,0.0,1,1,1,52350.21,0
2025,15603875,Boni,547,Spain,Male,25,2,0.0,1,1,0,169584.71,0
2025,15604988,Moreau,644,Spain,Male,42,1,116364.61,2,1,1,57092.64,0
2025,15604686,Schulz,695,France,Female,41,10,46407.94,1,0,0,125506.16,0
2025,15603977,Hargrave,600,Germany,Male,24,0,126633.29,1,1,1,79870.83,0
2025,15605364,Simon,683,France,Female,38,2,0.0,2,1,0,151422.1,0
2025,15609673,Neumann,521,Spain,Male,50,8,0.0,2,1,1,105343.24,0
2025,15602163,Moreau,687,France,Male,37,3,82821.96,2,0,0,69510.8,0
2025,15603366,Richter,553,France,Male,51,6,114653.21,2,1,1,155672.32,0
2025,15605768,Bernard,690,Spain,Male,30,6,66900.65,1,1,0,58566.8,0
2025,15608781,Gomez,578,France,Male,21,10,142212.72,2,0,1,87809.82,0
2025,15602343,Klein,638,Spain,Female,18,1,0.0,1,1,1,47843.75,0
2025,15609070,Smith,691,Germany,Male,42,4,130996.51,2,1,1,199363.23,1
2025,15604609,Bartlett,586,France,Male,36,8,110345.81,2,0,1,110029.97,0
2025,15606161,Hargrave,618,France,Male,43,4,39423.87,1,1,1,54835.33,0
2025,15608354,Richard,618,France,Male,25,8,0.0,1,1,0,142217.52,0
2025,15604773,Boni,699,France,Female,18,4,119669.27,2,1,0,95961.04,0
2025,15606670,Zimmermann,554,Germany,Male,49,6,80826.65,1,1,0,32863.55,1
2025,15604641,Dupont,441,Germany,Male,25,2,83947.85,1,1,1,103522.4,0
2025,15601214,Mitchell,521,Spain,Female,57,6,0.0,1,1,1,83071.73,0
2025,15609022,Becker,657,Germany,Male,36,10,144595.95,2,1,1,111497.69,0
2025,15603395,Bartlett,545,Spain,Female,48,2,83175.91,2,1,1,38885.64,0
2025,15600921,Schulz,656,France,Male,41,1,90721.69,2,1,1,112841.44,0
2025,15605883,Wagner,782,France,Male,39,0,58660.79,1,1,0,97844.87,0
2025,15605760,Dubois,522,Germany,Male,58,5,125318.01,2,1,0,141844.02,1
2025,15607417,Ruiz,813,Spain,Female,33,0,0.0,1,1,0,115264.15,0
2025,15605104,Moreau,547,Germany,Male,28,8,161619.54,2,1,1,42265.07,0
2025,15608177,Moreno,850,Germany,Male,28,5,107270.95,2,1,1,75796.51,0
2025,15603753,Zimmermann,593,Germany,Female,33,1,178448.5,2,1,0,80020.75,0
2025,15608556,Koch,638,Germany,Male,45,3,123148.54,1,1,0,41209.23,1
2025,15602262,Braun,606,Germany,Female,32,6,157768.89,1,1,0,87401.08,1
2025,15602671,Romero,524,France,Female,39,9,0.0,2,1,0,152853.37,0
2025,15607392,Munoz,400,France,Female,47,4,115267.55,1,0,0,81502.89,0
2025,15603255,Durand,677,France,Male,36,9,0.0,2,0,0,89326.01,0
2025,15609216,Bauer,542,France,Female,42,1,0.0,3,0,0,130267.94,1
2025,15603179,Alonso,776,France,Male,43,9,0.0,2,0,1,89865.27,0
2025,15606679,Durand,621,France,Female,55,0,0.0,1,1,1,67031.72,0
2025,15600548,Fischer,697,Germany,Male,50,6,115267.15,2,1,1,124038.91,1
2025,15602619,Smith,728,France,Male,24,10,106887.74,1,1,1,197594.18,0
2025,15608539,Hernandez,604,Germany,Male,20,1,112052.14,3,0,1,56648.05,1
2025,15604874,Schneider,534,Spain,Male,39,3,100715.89,1,0,1,77375.31,0
2025,15601211,Wagner,780,France,Male,45,6,0.0,1,1,1,48299.06,0
2025,15609724,Dubois,578,France,Female,39,3,92161.37,2,1,0,192108.04,0
2025,15609939,Leroy,611,Germany,Male,45,1,129211.73,1,0,0,98338.36,1
2025,15609729,Diaz,731,France,Female,47,8,63313.27,1,0,0,188720.59,1
2025,15608873,Bauer,671,Spain,Male,45,9,124019.04,1,1,0,192973.87,0
2025,15609699,Krüger,676,Germany,Female,31,7,91284.88,1,0,0,193232.77,0
2025,15603468,Alonso,808,Germany,Male,36,9,136583.92,1,1,0,60949.64,0
2025,15606089,Alvarez,623,Spain,Female,40,3,124440.34,1,0,1,75780.23,0
2025,15608384,Krüger,671,France,Male,35,2,96268.61,1,1,0,109238.28,0
2025,15601578,Thomas,703,Germany,Male,47,2,80381.19,1,1,0,17426.39,1
2025,15606581,Romero,779,France,Female,48,10,81637.26,2,1,1,48796.8,0
2025,15607057,Simon,761,France,Male,29,3,0.0,2,1,0,69012.94,0
2025,15601416,Krüger,650,France,Male,37,3,145500.64,1,0,1,91755.15,0
2025,15606956,Martin,645,Germany,Male,32,4,100495.61,1,0,0,28090.52,0
2025,15600985,Smith,612,France,Female,29,3,0.0,2,1,1,133226.64,0
2025,15601207,Smith,494,France,Male,25,9,95087.76,1,0,0,160044.22,0
2025,15605081,Dubois,730,France,Male,42,6,0.0,2,0,0,81590.24,0
2025,15605550,Schulz,607,France,Male,46,6,0.0,2,1,0,158460.34,0
2025,15609456,Jimenez,810,Germany,Male,39,1,129872.81,2,1,0,187916.81,0
2025,15604233,Wolf,691,France,Female,24,3,0.0,1,1,1,111932.22,0
2025,15604679,Weber,600,France,Male,18,10,0.0,2,1,1,149860.59,0
2025,15604113,Dominguez,744,France,Female,37,5,90906.36,2,1,1,20342.41,0
2025,15600284,He,496,Spain,Male,59,1,0.0,1,1,0,37708.99,1
2025,15603234,Munoz,707,France,Female,49,1,63177.86,2,1,0,36006.12,0
2025,15600646,Neumann,632,France,Male,38,9,173219.9,2,1,0,190958.81,0
2025,15606127,Richard,658,Spain,Female,38,7,113104.35,2,1,1,177740.99,0
2025,15603901,Munoz,704,France,Male,30,8,119140.39,1,1,0,110429.85,1
2025,15601930,Koch,667,Germany,Male,19,10,134702.66,1,0,0,108607.7,1
2025,15606644,Simon,583,France,Male,36,5,0.0,2,1,0,157338.03,0
2025,15603889,Robert,449,Spain,Female,34,6,0.0,2,1,1,121374.56,0
2025,15605628,Schwarz,673,France,Male,45,8,101920.51,1,0,1,44584.4,0
2025,15609913,Klein,838,France,Male,40,0,94123.13,1,0,0,198399.57,0
2025,15603429,Navarro,543,France,Male,61,7,151516.41,1,0,0,115611.3,0
2025,15604280,Hoffmann,507,France,Male,47,3,0.0,1,0,1,75512.89,0
2025,15603171,Boni,683,Spain,Female,34,1,111211.25,2,1,1,35712.06,0
2025,15606057,Durand,621,France,Male,18,1,196374.56,2,1,1,149611.32,0
2025,15604535,Moreau,594,Spain,Female,38,1,93406.86,2,0,0,44383.95,0
2025,15601863,Meyer,494,Spain,Female,42,8,0.0,1,0,1,169389.53,0
2025,15608782,Chidiebere,763,France,Male,52,3,122897.32,2,1,0,129174.67,0
2025,15608954,Gutierrez,580,Spain,Female,45,2,60166.0,2,0,1,113299.14,0
2025,15604435,Boni,593,Germany,Female,57,6,123546.39,1,0,0,17716.3,1
2025,15602816,Richter,512,France,Male,28,7,178606.13,2,1,0,178602.59,0
2025,15605473,Moreau,567,France,Male,32,6,85331.05,2,1,1,45172.26,0
2025,15607129,Hernandez,459,France,Male,43,3,0.0,1,1,0,196265.6,0
2025,15608269,Schmidt,626,France,Male,18,8,47465.76,1,0,1,124758.96,0
2025,15605467,Krüger,747,France,Female,28,7,143354.4,1,1,1,25431.13,0
2025,15605705,Gutierrez,688,Germany,Male,39,0,137002.26,2,1,1,192035.74,0
2025,15601238,Lopez,609,Germany,Female,38,2,99600.02,2,1,0,120348.12,0
2025,15600504,Robert,712,Spain,Male,40,9,0.0,1,1,1,125465.72,0
2025,15604622,Chu,695,France,Male,32,0,110001.68,1,1,1,165304.4,0
2025,15609662,Garcia,608,Germany,Female,23,1,98869.21,1,0,0,48882.66,0
2025,15601853,Robert,530,France,Male,61,8,124986.25,1,0,0,74458.6,0
2025,15602157,Martin,718,Germany,Female,36,5,95772.41,1,1,0,50672.44,1
2025,15603809,Romero,578,France,Female,29,3,0.0,2,1,1,56720.69,0
2025,15603602,Simon,573,France,Male,32,4,133615.89,1,1,1,158628.78,0
2025,15602156,Perez,773,Spain,Male,30,8,0.0,1,1,1,199631.27,0
2025,15600365,Hoffmann,693,France,Female,44,2,0.0,2,1,1,194746.51,0
2025,15606905,Martin,560,France,Male,38,3,69673.45,1,1,1,164053.69,0
2025,15609751,Hernandez,761,Spain,Female,49,1,0.0,2,1,0,24565.68,0
2025,15603026,Richter,737,France,Male,37,3,71687.77,2,1,1,151485.98,0
2025,15603124,Navarro,746,France,Female,37,2,135730.56,1,1,1,73185.61,0
2025,15607435,Weber,705,Spain,Male,37,9,0.0,1,1,1,61813.84,0
2025,15601514,Garcia,557,Spain,Male,54,5,161658.42,2,1,1,13028.51,0
2025,15603174,Meyer,639,France,Male,36,6,0.0,1,1,1,62396.59,0
2025,15604457,Michel,563,Germany,Male,36,3,143051.25,1,0,0,102016.47,1
2025,15605258,Schröder,850,Spain,Male,26,6,117955.33,2,0,0,169607.92,0
2025,15600746,Klein,536,France,Female,35,2,76387.04,4,1,1,153804.27,0
2025,15606148,Munoz,833,Germany,Male,51,8,77719.49,2,1,1,116379.63,1
2025,15605415,Laurent,723,Germany,Male,42,1,91524.44,1,1,0,14501.92,1
2025,15604006,Garcia,661,Germany,Male,40,1,137019.71,1,1,0,35731.91,0
2025,15608087,Hernandez,465,France,Male,33,2,93081.77,1,1,1,67662.67,1
2025,15603256,Fischer,580,Spain,Female,21,5,127967.28,1,1,1,117980.73,0
2025,15607383,Schröder,670,France,Female,58,5,0.0,2,1,1,172405.23,0
2025,15600946,Hoffmann,522,Spain,Male,38,1,110715.79,2,0,1,18007.27,0
2025,15609499,Gomez,756,Spain,Male,31,10,0.0,1,1,1,182346.92,0
2025,15600671,Navarro,706,Germany,Male,41,0,121096.97,1,1,1,152540.08,1
2025,15607646,Chidiebere,508,France,Female,36,6,0.0,1,1,1,42982.77,0
2025,15605228,Alvarez,639,France,Male,38,6,0.0,1,1,0,43004.47,0
2025,15601399,Torres,701,Germany,Male,34,0,84472.65,2,0,0,97388.81,0
2025,15609297,Hernandez,526,France,Male,59,9,0.0,1,1,1,83344.56,0
2025,15600210,Thomas,501,France,Male,28,8,0.0,2,1,1,130150.28,0
2025,15600794,Krüger,703,Spain,Male,24,10,0.0,1,1,0,103790.64,0
2025,15601635,Schmidt,606,Germany,Female,41,1,149927.14,3,1,0,127099.68,1
2025,15603934,Hernandez,646,France,Male,39,8,57475.26,1,1,1,94628.82,0
2025,15604916,Meyer,670,Spain,Male,32,0,0.0,2,0,0,189845.32,0
2025,15607045,Dubois,725,Germany,Male,37,3,92904.38,1,1,1,132261.76,0
2025,15605423,Lefebvre,665,Spain,Female,30,3,0.0,2,1,0,79068.28,0
2025,15608530,Garcia,603,France,Female,36,4,0.0,3,1,1,66909.91,0
2025,15609563,Moreno,617,France,Male,40,3,108084.85,3,1,0,187113.91,0
2025,15609745,Sanchez,605,France,Male,60,0,107092.06,2,0,1,185210.41,0
2025,15600031,Richter,559,France,Male,41,2,133157.1,2,1,1,128529.6,0
2025,15608725,Smith,601,France,Male,19,6,176837.09,2,1,0,10892.46,0
2025,15600446,Martin,582,France,Male,50,2,0.0,2,1,0,171740.57,0
2025,15601258,Thomas,725,Spain,Female,32,5,56785.11,1,0,0,134673.36,0
2025,15604021,Garcia,788,Germany,Male,33,0,115098.09,1,0,0,191902.0,0
2025,15604502,Durand,413,France,Male,47,1,96802.09,1,1,0,101307.83,0
2025,15604683,Petit,601,France,Female,28,8,0.0,2,0,0,65035.17,0
2025,15606997,Navarro,834,France,Female,33,0,58736.08,2,1,0,12608.59,1
2025,15609605,Ruiz,744,France,Female,47,1,0.0,2,1,1,170511.41,0
2025,15600785,Dupont,623,Spain,Female,58,3,0.0,2,1,1,133144.96,0
2025,15601945,Schäfer,648,France,Male,35,10,110608.83,1,1,1,164722.49,0
2025,15606786,Wagner,507,Germany,Male,28,5,141539.41,1,0,1,123543.58,1
2025,15608911,Becker,758,France,Female,49,8,0.0,2,0,1,46732.2,0
2025,15605411,Bartlett,850,France,Male,35,0,0.0,2,1,1,81408.55,0
2025,15602173,Weber,741,France,Female,38,7,134854.93,2,0,1,106185.59,0
2025,15604424,Becker,806,Spain,Female,18,4,0.0,1,0,1,44672.96,0
2025,15604539,Klein,551,Germany,Male,37,0,96662.12,1,1,1,53855.39,1
2025,15609519,Martinez,771,Spain,Male,41,1,132414.45,2,0,0,176815.78,0
2025,15603352,Richter,693,Germany,Male,35,7,117775.15,2,0,0,142719.21,0
2025,15608877,Leroy,850,France,Female,50,9,206232.54,2,1,0,36145.24,1
2025,15606440,Romero,665,Germany,Male,43,4,79427.62,2,1,0,103311.71,1
2025,15608014,Martin,575,France,Female,45,10,99675.62,2,1,0,89282.46,0
2025,15600829,Klein,599,France,Male,51,7,0.0,2,0,1,189981.34,0
2025,15600438,Torres,629,France,Male,47,4,144044.52,2,1,1,80801.62,0
2025,15601286,Michel,587,Germany,Male,44,1,181794.36,1,1,0,41748.09,1
2025,15603556,Richter,809,France,Female,43,2,0.0,1,0,0,86847.49,0
2025,15604975,Bartlett,662,Spain,Female,34,3,0.0,1,1,1,112574.04,0
2025,15601351,Perez,559,Germany,Male,41,6,121841.1,2,0,0,35099.59,1
2025,15606687,Weber,502,France,Female,31,7,113296.22,2,0,0,30517.32,0
2025,15608437,Dominguez,444,France,Male,51,6,136956.74,1,1,1,34452.75,0
2025,15600253,Schwarz,578,France,Female,25,3,0.0,2,1,0,171270.81,0
2025,15605956,Wagner,508,Germany,Female,43,9,135163.01,2,1,1,92241.15,1
2025,15606893,Schwarz,672,Germany,Female,57,0,98511.33,1,0,1,89195.0,1
2025,15605026,Diaz,615,Germany,Male,42,6,114285.45,2,0,0,130264.37,1
2025,15604866,Chu,486,Germany,Male,21,2,173251.44,1,1,0,43142.78,0
2025,15602768,Wagner,722,Spain,Female,48,7,108318.59,1,1,0,44193.58,0
2025,15606202,Moreno,723,Germany,Male,51,5,163084.74,1,0,0,179160.46,1
2025,15604481,Garcia,657,Germany,Male,29,9,68508.4,2,1,0,156661.72,0
2025,15606099,Ruiz,507,Germany,Male,49,8,162122.98,2,0,1,82401.43,1
2025,15601318,Torres,464,France,Female,42,10,0.0,2,1,0,12245.84,1
2025,15609325,Laurent,593,Germany,Female,36,0,166847.27,1,0,0,174738.95,1
2025,15601393,Richard,603,France,Male,54,2,0.0,2,1,1,194752.22,0
2025,15602800,Romero,657,France,Male,37,0,158810.22,2,0,1,132210.69,0
2025,15600607,Moreau,612,Germany,Female,32,0,124493.21,1,1,1,89073.15,0
2025,15608554,Rodriguez,602,France,Female,51,8,0.0,1,1,1,24050.61,0
2025,15602139,Koch,772,Germany,Male,24,8,160275.46,2,1,0,199726.4,0
2025,15602610,Alonso,581,France,Female,29,3,0.0,1,1,1,140817.47,0
2025,15600164,Lopez,615,Spain,Female,37,5,0.0,1,1,1,104706.54,0
2025,15602415,Leroy,623,France,Male,34,2,110670.05,3,1,1,69185.27,1
2025,15600273,Garcia,808,France,Male,27,9,0.0,2,1,1,167188.87,0
2025,15600603,Braun,518,Spain,Female,53,4,0.0,1,1,1,80324.91,0
2025,15608910,Bauer,667,France,Male,41,6,87981.81,1,1,1,77671.44,0
2025,15601332,Neumann,744,France,Female,49,6,129775.57,2,0,1,91436.23,0
2025,15601847,Martin,656,France,Male,40,7,97364.86,2,0,1,133139.52,0
2025,15605629,Bartlett,689,Spain,Male,38,0,0.0,1,0,1,98374.12,0
2025,15605332,Alvarez,421,Spain,Male,47,5,0.0,2,0,0,56797.82,0
2025,15604735,Bartlett,634,France,Male,49,0,0.0,1,0,0,176251.36,0
2025,15607412,Martin,741,France,Male,47,9,0.0,2,0,1,76338.86,0
2025,15600830,Durand,648,France,Female,25,2,0.0,2,1,0,101073.14,0
2025,15603074,Koch,582,France,Female,22,4,0.0,1,1,0,34254.95,0
2025,15604473,Dubois,762,Spain,Male,22,8,95056.28,1,1,0,92333.13,0
2025,15608927,Hargrave,738,Germany,Female,40,2,62280.55,2,1,1,179049.96,0
2025,15603102,Schäfer,539,France,Female,18,1,120957.97,2,0,1,144075.55,0
2025,15607060,Romero,576,France,Female,39,1,0.0,2,1,1,135185.02,0
2025,15603391,Schröder,658,Germany,Female,23,7,152690.27,2,1,1,75932.97,0
2025,15606931,Bauer,627,Germany,Male,38,6,113898.63,2,1,1,142286.81,0
2025,15603437,Fischer,651,France,Male,47,6,145274.44,2,0,1,20580.92,0
2025,15607313,Richard,698,France,Male,34,1,116782.7,2,1,1,96967.28,0
2025,15606427,Zimmermann,407,Germany,Male,33,6,120820.64,1,1,1,129605.33,0
2025,15600394,Romero,527,France,Male,49,10,0.0,1,0,1,175566.42,0
2025,15600010,Alonso,707,Germany,Female,56,10,37990.4,1,0,0,194679.09,1
2025,15600885,Martin,800,Germany,Female,37,5,135104.81,2,1,0,24110.99,0
2025,15608249,Schröder,679,Spain,Male,34,7,108473.24,2,1,1,184008.89,0
2025,15602871,Neumann,804,France,Male,34,4,0.0,2,0,0,99353.9,0
2025,15600555,Schneider,661,Spain,Female,51,9,0.0,1,0,0,122434.66,0
2025,15605678,Zimmermann,517,Germany,Male,27,4,131341.47,1,1,0,50222.74,0
2025,15602044,Munoz,756,France,Male,26,3,156557.14,1,1,0,107166.68,0
2025,15606982,Schulz,633,France,Male,18,3,88053.14,1,1,0,170103.21,0
2025,15602172,Laurent,547,France,Male,47,2,84411.1,1,1,1,47270.09,0
2025,15607733,Klein,643,Spain,Male,46,9,110118.11,1,1,0,34737.85,0
2025,15603658,Sanchez,570,France,Male,53,7,83681.68,2,1,0,180558.12,0
2025,15602750,Klein,747,Spain,Male,21,0,59534.0,1,1,1,194179.76,0
2025,15606803,Koch,641,Germany,Male,32,10,149181.87,2,1,1,82600.74,0
2025,15605488,Ruiz,552,France,Female,39,7,108901.7,1,0,1,29500.85,0
2025,15605807,Klein,608,Germany,Male,38,3,199880.35,1,1,0,151028.09,0
2025,15608392,Sanchez,581,Spain,Female,57,2,0.0,2,1,0,137132.02,1
2025,15605211,Schneider,800,France,Male,27,1,0.0,2,0,0,179034.86,0
2025,15609404,Becker,589,Germany,Male,32,5,86811.56,1,1,1,180024.94,0
2025,15602617,Martinez,576,France,Male,36,8,91303.49,1,1,0,34718.39,1
2025,15602841,Thomas,708,Germany,Female,28,4,163939.4,2,1,0,18961.4,0
2025,15601949,Martinez,670,France,Female,35,5,92680.9,1,0,0,121625.42,0
2025,15600637,Lopez,776,Germany,Female,38,4,86990.69,1,1,1,146423.5,0
2025,15608507,Petit,758,France,Male,43,8,171535.08,1,0,1,163666.97,0
2025,15601152,Becker,713,France,Female,47,10,0.0,2,0,1,134957.22,0
2025,15608480,Bartlett,672,France,Male,38,9,0.0,2,0,1,10223.19,0
2025,15600852,Alvarez,540,France,Male,30,2,115026.33,2,1,1,44360.86,0
2025,15609186,Bernard,607,Spain,Male,45,2,120955.1,1,1,1,149603.56,0
2025,15605239,Klein,537,Germany,Female,27,0,131509.12,2,1,0,138857.71,0
2025,15607704,Obinna,709,France,Female,26,3,0.0,1,1,0,132385.12,1
2025,15605008,Meyer,457,France,Male,37,3,53638.9,1,1,1,29395.22,0
2025,15602606,Dubois,823,Germany,Male,45,5,132300.59,1,0,1,134580.62,1
2025,15609117,Gomez,632,France,Female,60,6,78065.58,1,0,1,60549.28,0
2025,15601491,Diaz,522,France,Male,39,2,52548.19,1,1,0,140316.31,0
2025,15600265,Schwarz,697,Spain,Male,25,9,139826.24,2,1,0,157495.94,0
2025,15604648,Dominguez,653,Spain,Female,34,2,0.0,1,0,0,105512.45,0
2025,15603207,Sanchez,742,Germany,Male,53,9,71612.6,1,1,1,66463.9,1
2025,15604692,Bernard,638,Spain,Female,39,8,137091.63,2,1,1,76327.16,0
2025,15607694,Chidiebere,668,France,Male,27,0,0.0,2,1,0,41407.54,0
2025,15600014,Durand,698,France,Female,23,3,0.0,1,1,1,16277.29,0
2025,15607763,Chidiebere,820,France,Female,26,6,0.0,2,1,0,133859.07,0
2025,15607575,Schmidt,782,Germany,Male,42,2,125960.61,1,1,1,51286.91,1
2025,15602412,Chu,850,France,Male,32,3,168051.28,1,1,1,15439.09,0
2025,15606552,Martinez,757,France,Female,31,8,30173.42,2,1,0,88242.16,0
2025,15607723,Dominguez,631,France,Female,28,3,87718.44,2,1,1,22144.43,0
2025,15603099,Garcia,460,France,Female,25,3,0.0,2,1,0,99916.75,0
2025,15601436,Munoz,518,France,Male,33,0,0.0,1,1,0,122968.32,0
2025,15604824,Alonso,491,Spain,Female,57,6,0.0,1,1,1,115000.03,1
2025,15605452,Chu,429,Germany,Female,43,8,155134.4,1,0,1,136635.01,1
2025,15606260,Diaz,453,France,Female,43,2,0.0,1,1,0,101675.94,1
2025,15602923,Fischer,764,France,Male,25,10,0.0,1,0,0,195808.96,0
2025,15605027,Fischer,832,Spain,Male,36,4,0.0,1,1,1,150595.95,0
2025,15605681,Muller,631,France,Male,25,4,110474.89,2,1,0,53754.96,0
2025,15604603,Sanchez,662,Spain,Female,18,8,0.0,2,1,1,167361.72,0
2025,15607299,Navarro,711,France,Female,29,9,0.0,1,0,0,14408.89,0
2025,15601427,Zimmermann,564,Germany,Female,22,2,109400.43,2,1,1,13926.46,0
2025,15602599,Smith,602,France,Male,31,3,59718.41,2,1,0,174669.58,0
2025,15605318,Obinna,672,Germany,Male,29,3,138290.01,1,1,1,163478.3,0
2025,15603991,Laurent,746,Spain,Female,21,10,96681.19,1,1,0,91239.59,0
2025,15608780,Hargrave,700,France,Male,55,10,0.0,2,1,1,20434.53,0
2025,15603578,Alonso,603,Germany,Female,45,6,132030.25,1,1,1,195068.38,1
2025,15609837,Hill,695,France,Male,33,5,125029.06,1,1,1,37462.61,0
2025,15601117,Durand,780,France,Female,18,9,0.0,2,1,1,152369.15,0
2025,15602642,Muller,430,France,Female,35,4,0.0,1,0,1,19577.37,0
2025,15608768,He,541,Germany,Male,46,4,147593.18,2,1,0,99746.33,1
2025,15602757,Dubois,643,Germany,Male,46,2,150001.83,1,1,1,82320.2,1
2025,15600827,Simon,594,France,Female,38,7,0.0,2,1,0,69809.34,0
2025,15604800,Simon,556,France,Female,49,8,0.0,3,1,1,105329.28,1
2025,15606836,Gomez,573,France,Male,30,8,0.0,1,1,1,136800.57,0
2025,15608523,Leroy,730,France,Male,28,3,0.0,1,0,0,45718.91,0
2025,15605771,Perez,804,France,Male,34,5,0.0,2,1,0,140131.33,0
2025,15607696,Muller,616,Germany,Male,35,2,145112.08,2,0,1,58797.77,0
2025,15600594,Moreau,552,Spain,Male,33,4,98332.59,2,0,0,118854.28,0
2025,15602989,Schröder,649,France,Female,47,4,0.0,2,0,1,50973.62,0
2025,15604311,Dupont,559,France,Female,46,2,117752.47,1,1,1,30829.46,1
2025,15600908,Hill,639,Germany,Female,29,0,143615.1,2,1,0,153779.33,0
2025,15606885,Chidiebere,729,Germany,Male,47,4,146398.13,1,0,0,141066.75,1
2025,15608457,Munoz,698,France,Male,18,6,145805.41,1,1,0,82274.17,0
2025,15604805,Torres,751,Germany,Male,48,10,106080.74,3,1,0,172482.23,1
2025,15608002,Moreau,508,Germany,Female,41,4,150096.89,1,1,1,78024.14,1
2025,15600179,Schäfer,732,France,Female,21,3,152483.42,1,1,0,12659.18,0
2025,15600487,Laurent,525,France,Female,42,10,65813.15,2,0,1,48780.9,0
2025,15607748,Sanchez,584,Germany,Female,34,7,121893.91,2,1,0,39724.53,0
2025,15601453,Alonso,647,Germany,Female,44,4,125477.55,2,1,0,41707.19,1
2025,15608993,Leroy,730,Germany,Male,36,6,144739.35,2,1,0,140684.72,0
2025,15602791,Hill,735,France,Female,51,8,0.0,1,1,1,185684.25,0
2025,15601068,Diaz,350,Germany,Female,26,7,81343.3,2,1,0,109197.87,0
2025,15601650,Krüger,682,Spain,Male,42,8,54702.6,1,1,0,189736.19,0
2025,15606278,Schröder,787,Germany,Female,38,8,147643.46,1,0,1,100748.62,1
2025,15607171,Laurent,708,France,Male,52,8,0.0,2,1,1,60881.8,0
2025,15606555,Onio,746,Germany,Male,45,10,111093.48,2,1,1,16824.31,1
2025,15603915,Torres,498,France,Female,32,1,144384.97,1,0,1,155689.57,0
2025,15607257,Hernandez,568,Germany,Female,45,2,145576.46,2,1,0,189493.08,1
2025,15600163,Richter,738,Germany,Male,30,0,105859.56,2,0,0,168015.53,0
2025,15601792,Petit,541,Germany,Female,26,9,77033.84,2,0,0,40392.82,1
2025,15604928,Schröder,605,France,Male,44,5,145498.45,2,1,0,136222.85,0
2025,15601905,Garcia,420,France,Male,43,9,103071.02,2,1,1,106389.51,0
2025,15600460,Martin,571,Spain,Male,42,5,0.0,1,1,0,186661.13,0
2025,15600739,Diaz,411,France,Male,33,10,111858.67,2,1,1,30936.58,0
2025,15600310,Garcia,566,Spain,Male,26,3,0.0,1,1,0,97549.71,0
2025,15604017,He,573,Spain,Male,37,6,0.0,1,0,1,42544.53,0
2025,15606343,Laurent,610,Spain,Female,25,4,0.0,2,0,1,101311.47,0
2025,15608870,Wolf,746,Spain,Male,42,10,0.0,2,0,0,112152.64,0
2025,15607318,Garcia,453,Germany,Male,46,5,101816.46,2,0,1,57466.63,1
2025,15604032,Durand,559,France,Male,42,2,157509.72,2,0,0,188263.57,0
2025,15601542,Muller,441,Germany,Female,54,8,75899.39,2,1,1,62529.94,1
2025,15604612,Thomas,787,France,Male,31,5,0.0,1,0,0,198635.49,0
2025,15606620,Wolf,646,Spain,Female,53,1,0.0,2,0,1,102735.54,0
2025,15604617,Dubois,796,Spain,Female,37,4,0.0,1,1,1,183237.9,0
2025,15604650,Moreau,836,Spain,Female,36,8,0.0,1,1,0,167733.54,0
2025,15602880,Klein,645,Germany,Female,35,9,111595.07,2,0,0,45466.93,0
2025,15607995,Alvarez,695,Germany,Female,32,8,113409.83,2,0,1,131493.24,0
2025,15605762,Simon,673,Germany,Female,39,9,122317.35,1,0,1,12028.32,0
2025,15609250,Smith,530,France,Male,39,1,0.0,1,0,0,54129.7,0
2025,15607488,Mitchell,551,France,Female,52,0,0.0,2,0,1,69616.73,0
2025,15609252,Munoz,566,France,Male,39,4,78582.56,2,1,1,58393.48,0
2025,15605714,Richter,796,France,Female,31,9,0.0,1,1,0,169295.11,1
2025,15608536,He,645,Germany,Male,31,8,144884.15,3,0,0,67090.03,1
2025,15609255,Schwarz,793,Germany,Male,37,5,114199.51,2,1,0,45504.12,0
2025,15601937,Garcia,518,Spain,Male,30,6,0.0,1,1,1,64277.76,0
2025,15609123,Smith,595,Spain,Male,60,9,0.0,2,1,0,152222.23,1
2025,15601423,Garcia,767,Spain,Male,34,10,0.0,1,1,1,71363.4,0
2025,15602906,Moreno,674,Spain,Male,31,4,140853.18,2,1,1,193060.36,0
2025,15607773,Leroy,674,Spain,Male,54,4,69902.31,2,1,0,150322.53,0
2025,15604716,Bernard,684,Spain,Female,42,1,116948.51,1,1,0,103996.61,0
2025,15601797,Neumann,535,France,Female,32,4,0.0,2,1,1,169918.72,0
2025,15600458,Garcia,653,France,Female,56,8,0.0,1,0,0,37629.66,0
2025,15607386,Torres,658,France,Male,47,3,166580.8,1,1,1,86766.16,0
2025,15602183,Wagner,578,Spain,Female,26,7,87060.4,2,1,0,148914.5,0
2025,15601975,Braun,675,Germany,Female,42,7,120077.46,2,1,1,188937.51,1
2025,15608535,Michel,649,France,Male,51,8,0.0,1,0,0,76396.07,0
2025,15608184,Moreno,694,Spain,Male,47,4,0.0,2,1,0,77357.39,0
2025,15607867,Alvarez,778,Germany,Male,35,4,91137.02,2,1,0,157852.71,0
2025,15609941,Hill,717,Germany,Male,32,4,97781.44,2,1,1,122739.07,0
2025,15601906,Mitchell,640,France,Female,34,0,106638.39,2,1,0,71934.05,0
2025,15607356,Richter,615,France,Male,26,8,0.0,1,0,0,60673.59,0
2025,15602928,Zimmermann,625,Spain,Female,63,0,38153.95,2,0,0,65417.92,0
2025,15604337,Schneider,635,Spain,Female,25,4,95794.01,1,1,0,102553.79,0
2025,15606286,Hoffmann,660,France,Female,48,10,152384.42,1,1,1,68245.54,0
2025,15600479,Bauer,703,Spain,Male,42,10,128765.15,1,1,0,104950.81,0
2025,15602301,Gomez,455,Germany,Male,31,5,191133.49,1,0,0,42614.94,0
2025,15606321,Mitchell,565,Spain,Male,54,9,95635.9,2,1,1,112252.36,0
2025,15601794,Mitchell,537,France,Male,42,1,0.0,1,0,0,38069.18,0
2025,15609060,Laurent,584,France,Female,50,6,0.0,1,1,0,87262.21,0
2025,15606869,Klein,621,France,Male,35,1,121951.97,2,1,1,159774.13,0
2025,15600213,Garcia,606,Spain,Male,36,10,0.0,1,1,1,185329.53,0
2025,15606990,Perez,628,France,Male,52,2,105457.69,1,0,1,96872.17,0
2025,15602215,Richter,756,France,Male,35,10,0.0,2,1,1,116588.39,0
2025,15607444,Hoffmann,503,France,Male,35,2,132960.4,2,1,0,11497.89,0
2025,15608171,Zimmermann,453,France,Female,43,8,152809.22,1,0,0,29950.91,0
2025,15604115,Becker,648,Spain,Male,34,6,71361.91,1,0,0,148347.33,1
2025,15606712,Jimenez,688,Germany,Male,44,4,148045.1,2,1,1,125992.0,1
2025,15602818,Garcia,669,France,Female,32,7,0.0,2,1,0,12836.68,0
2025,15603970,Garcia,669,Spain,Male,26,0,0.0,1,0,0,48181.47,0
2025,15608491,Klein,551,France,Male,39,7,50882.08,1,1,0,85874.06,0
2025,15609199,Martin,804,France,Male,27,1,125189.42,3,1,0,40946.99,1
2025,15607456,Hargrave,692,Germany,Female,38,7,105704.15,1,1,0,71770.94,0
2025,15605843,Neumann,836,Spain,Female,30,8,123460.96,1,0,0,26994.23,0
2025,15607596,Dubois,681,Spain,Female,46,0,0.0,2,0,1,34410.59,0
2025,15600159,Simon,657,Germany,Male,49,9,86647.29,1,0,0,187419.09,1
2025,15608694,Bernard,651,Spain,Female,27,8,82724.12,1,1,1,143747.87,0
2025,15605167,Perez,664,France,Male,32,3,82691.42,2,0,1,177222.61,0
2025,15609546,Michel,694,Germany,Female,27,3,121524.96,1,1,0,155862.76,1
2025,15604307,Alonso,585,Spain,Female,45,6,118421.68,1,1,1,154127.12,0
2025,15605264,Thomas,590,Germany,Female,59,7,108923.69,1,0,0,169711.53,1
2025,15607846,Becker,763,France,Female,41,4,92572.34,1,1,0,19946.04,1
2025,15607545,Becker,594,France,Female,37,8,0.0,1,0,1,102447.36,0
2025,15606339,Rodriguez,610,Germany,Male,32,7,184522.56,2,0,1,46866.38,0
2025,15606390,Martin,508,Spain,Female,46,3,0.0,2,1,0,184093.93,0
2025,15608102,Torres,697,Spain,Male,45,6,151269.82,2,0,0,193296.23,0
2025,15600718,Klein,540,France,Male,30,7,0.0,2,0,0,95681.83,0
2025,15607490,Martin,740,France,Female,43,10,0.0,1,1,1,52647.48,0
2025,15607015,Petit,717,France,Female,42,8,102913.53,2,0,1,13230.1,0
2025,15604511,Moreno,786,France,Female,37,5,0.0,2,1,1,100551.4,0
2025,15603375,Robert,692,Spain,Male,18,8,0.0,1,1,1,99182.86,0
2025,15604086,Zimmermann,770,France,Female,36,7,148602.31,2,1,0,195436.05,0
2025,15609823,Robert,435,Germany,Female,51,6,117828.09,2,1,0,61913.27,1
2025,15605302,Bernard,706,Spain,Female,37,9,111613.27,1,0,1,60742.56,0
2025,15608811,Chu,609,France,Female,28,7,35173.27,2,1,1,132766.82,0
2025,15605054,Schulz,503,Germany,Female,46,7,112191.19,1,1,1,155818.69,1
2025,15608537,Rodriguez,625,Germany,Female,54,2,98297.63,4,1,1,175111.74,1
2025,15606833,Wagner,684,France,Male,34,2,204671.29,2,0,1,190147.83,0
2025,15600283,Hill,596,France,Male,30,1,0.0,1,1,0,93377.82,0
2025,15601217,Navarro,549,Germany,Female,27,6,137072.56,1,1,1,108078.1,0
2025,15603653,Schmidt,558,Germany,Male,40,2,128201.4,2,0,0,29572.84,0
2025,15607996,Alonso,681,France,Male,34,6,129140.97,2,0,0,148901.78,0
2025,15602252,Lopez,762,France,Female,35,2,126164.45,1,0,0,33666.44,0
2025,15601533,Alvarez,590,Germany,Female,27,7,112745.54,1,1,0,113637.36,0
2025,15601758,Jimenez,626,Spain,Male,31,6,0.0,1,1,1,176935.8,0
2025,15608172,Wolf,619,France,Female,29,3,50852.56,3,1,0,156047.45,1
2025,15606409,Garcia,783,France,Male,55,0,109362.18,2,1,1,32700.19,0
2025,15603495,Schäfer,656,Spain,Male,31,8,100427.81,1,1,1,36192.66,0
2025,15605596,Robert,582,France,Male,56,9,0.0,1,1,0,113035.87,1
2025,15606494,Smith,688,France,Male,28,10,92886.8,2,0,0,178914.39,0
2025,15609752,Lopez,808,France,Female,19,5,0.0,2,1,1,10202.4,0
2025,15606406,Garcia,647,Spain,Male,41,8,0.0,2,1,0,85433.87,0
2025,15603235,Klein,756,France,Female,33,5,0.0,1,1,1,127444.83,0
2025,15609335,Hoffmann,588,Germany,Male,34,3,87644.25,2,1,0,135888.75,0
2025,15603548,Robert,636,Spain,Female,57,7,148660.12,1,0,0,151326.1,0
2025,15606609,Wagner,695,Spain,Male,64,2,110198.62,2,1,1,149817.97,0
2025,15601376,Obinna,597,France,Male,30,10,139203.78,2,1,0,16900.23,0
2025,15608140,Sanchez,657,France,Male,18,0,75973.79,2,1,0,134811.77,0
2025,15603776,Michel,522,France,Female,30,5,0.0,1,1,1,160334.18,0
2025,15608846,Dominguez,779,France,Male,50,9,0.0,2,0,1,127131.85,0
2025,15608187,Bernard,551,Spain,Female,35,5,67906.13,2,1,0,170178.4,1
2025,15606921,Perez,696,France,Female,28,0,0.0,1,1,1,41211.84,1
2025,15608997,Becker,503,Spain,Female,47,6,0.0,2,1,1,110110.81,0
2025,15601055,Wagner,714,France,Male,39,3,111686.43,2,1,1,83590.64,0
2025,15603632,Alonso,558,Germany,Male,43,1,163660.25,1,1,1,73807.42,1
2025,15607600,Sanchez,675,Germany,Male,51,10,183247.12,2,1,1,77912.71,1
2025,15601619,Martin,440,France,Female,36,10,0.0,2,0,0,20657.56,0
2025,15600528,Chidiebere,617,Spain,Male,35,7,0.0,2,0,0,189777.44,0
2025,15607628,Becker,557,France,Female,52,5,134333.89,1,0,0,126596.73,0
2025,15600614,Dubois,827,France,Female,42,9,0.0,1,1,0,118827.0,0
2025,15602120,Fischer,735,France,Male,34,5,134249.37,2,1,1,49807.16,0
2025,15604801,Fischer,639,France,Male,23,3,0.0,2,0,0,175642.89,0
2025,15604770,Richard,649,France,Male,62,7,0.0,2,1,1,27756.88,0
2025,15600688,Richard,850,Spain,Male,35,5,167979.43,1,1,0,190258.94,0
2025,15605281,Boni,530,France,Male,37,1,53674.77,2,1,1,68175.26,0
2025,15605163,Moreno,448,France,Male,36,10,92527.6,2,1,1,109317.22,0
2025,15605622,Martin,779,France,Male,52,4,0.0,2,1,0,16340.48,1
2025,15603049,Durand,709,Germany,Male,19,3,101581.8,1,0,0,183501.48,0
2025,15608116,Lefebvre,603,France,Male,33,0,124498.26,1,1,1,173653.64,0
2025,15608451,Chidiebere,656,France,Male,41,9,0.0,4,1,1,24743.98,0
2025,15607463,Jimenez,611,France,Female,33,6,0.0,1,1,0,24183.83,0
2025,15601820,Alvarez,645,France,Male,65,2,0.0,1,0,1,53833.39,0
2025,15607667,Meyer,745,Spain,Female,37,2,42224.55,2,0,0,49355.13,0
2025,15607279,Petit,733,France,Male,53,7,0.0,1,0,0,186165.34,0
2025,15600994,Weber,513,Spain,Male,28,10,154862.53,2,1,1,119471.42,0
2025,15609744,He,691,France,Female,46,9,0.0,1,1,0,187425.27,0
2025,15600834,Meyer,604,France,Male,31,4,152876.23,2,0,0,123432.74,1
2025,15606846,Schäfer,445,Germany,Male,51,2,142005.21,2,1,1,20370.78,1
2025,15600775,Hargrave,669,Germany,Female,23,6,101580.65,2,0,0,108525.98,0
2025,15602046,Weber,850,Germany,Male,24,5,145582.01,2,1,1,127983.39,0
2025,15606987,Braun,850,Spain,Male,53,6,82583.94,1,1,0,130192.68,0
2025,15609937,Bartlett,693,France,Female,50,8,0.0,2,1,1,97274.54,0
2025,15603704,Braun,681,France,Male,49,8,85331.73,2,1,1,68768.63,0
2025,15603312,Dominguez,780,Germany,Female,27,5,123215.46,1,0,1,114580.3,0
2025,15600254,Neumann,626,France,Female,22,2,0.0,2,1,0,19615.67,0
2025,15609991,Romero,801,France,Male,31,9,103796.02,1,0,1,149835.03,0
2025,15608752,Dupont,631,Germany,Female,20,8,136125.64,3,0,1,156089.27,1
2025,15602448,Zimmermann,608,Spain,Male,60,9,0.0,1,1,0,152335.05,0
2025,15606489,Garcia,634,France,Male,41,7,0.0,2,1,1,28603.77,0
2025,15600401,Dominguez,667,Spain,Female,36,9,0.0,2,1,1,59238.22,0
2025,15604206,Lopez,496,France,Male,63,10,89379.71,2,0,0,90871.37,0
2025,15606536,Garcia,693,Germany,Male,46,9,124525.87,2,1,1,73353.18,1
2025,15608634,Braun,436,Germany,Male,44,3,152803.68,1,1,0,180998.94,1
2025,15607603,Romero,624,France,Female,31,10,62351.22,1,1,1,168249.66,0
2025,15605825,Sanchez,702,France,Male,36,4,0.0,2,1,0,169630.25,0
2025,15608794,Boni,608,Germany,Female,36,1,110835.49,2,1,0,156197.51,0
2025,15608253,Jimenez,613,Germany,Male,41,1,110713.58,1,0,0,160346.99,1
2025,15602685,Richter,745,Germany,Female,47,7,134223.15,1,1,1,183305.63,1
2025,15601761,Diaz,806,France,Male,47,3,0.0,2,1,0,94949.4,0
2025,15600330,Smith,845,Germany,Male,34,5,120071.26,2,0,1,167812.44,0
2025,15604942,Perez,850,Spain,Male,48,1,0.0,1,0,1,119940.41,0
2025,15605708,Weber,574,France,Male,21,10,100107.4,1,1,0,54078.18,0
2025,15608391,Navarro,617,France,Female,39,9,88598.04,1,0,1,179838.5,1
2025,15609037,Dupont,814,Germany,Female,29,3,152282.1,1,1,1,155067.24,1
2025,15607720,Schulz,632,France,Female,57,7,140577.02,1,1,1,97810.62,0
2025,15609951,Richard,562,Spain,Male,38,9,102843.43,2,0,0,115109.54,0
2025,15600740,Hernandez,385,Spain,Female,38,4,137542.39,2,1,0,143121.06,0
2025,15609249,Alvarez,473,France,Male,36,8,0.0,1,1,1,196628.2,0
2025,15609677,Torres,753,France,Male,40,5,0.0,2,1,1,62085.07,0
2025,15603795,Koch,687,France,Male,35,5,115728.1,2,0,0,61055.21,0
2025,15607106,Munoz,608,France,Male,29,8,0.0,2,1,0,131066.43,0
2025,15606613,Diaz,779,France,Male,33,2,0.0,2,0,0,12033.75,0
2025,15601700,Torres,464,France,Female,44,10,0.0,1,0,1,162420.24,0
2025,15602935,Schulz,659,France,Male,38,8,69785.32,1,1,0,46030.79,0
2025,15604390,Wagner,597,France,Female,39,2,37796.21,2,1,0,182388.04,0
2025,15600989,Hill,835,Spain,Female,47,4,131939.66,2,0,1,90663.23,0
2025,15603330,Torres,472,France,Male,37,8,0.0,2,1,1,120918.05,0
2025,15602572,Jimenez,774,Germany,Female,39,8,102804.32,2,1,0,101969.91,0
2025,15607377,Wagner,656,France,Male,27,3,152803.06,2,1,1,91326.95,0
2025,15606831,Bernard,683,Germany,Male,50,1,75310.47,3,1,1,100206.47,1
2025,15606856,Wagner,639,Germany,Female,39,6,136822.75,2,1,1,198043.96,0
2025,15600865,Michel,742,Germany,Female,51,7,167261.74,3,0,0,148994.65,1
2025,15601273,Schulz,669,Germany,Male,38,0,101589.18,2,1,0,116675.69,0
2025,15600892,Torres,552,Germany,Male,44,2,107155.12,1,1,1,78623.94,1
2025,15604789,Petit,688,Germany,Female,44,1,111628.92,2,1,1,71116.61,1
2025,15607021,Alvarez,713,Spain,Male,26,3,123451.71,1,1,0,189737.31,0
2025,15601660,Martin,516,Spain,Male,18,3,103527.53,1,1,1,81989.32,0
2025,15600611,Smith,592,France,Male,48,6,0.0,1,1,0,153494.73,1
2025,15601913,Moreau,710,France,Male,46,6,120353.0,2,1,1,19502.31,0
2025,15602227,Bauer,573,Germany,Male,44,8,159380.84,1,1,0,37801.03,1
2025,15603708,Chidiebere,608,Spain,Male,41,8,0.0,1,1,0,39233.81,1
2025,15602605,Romero,678,France,Male,28,0,0.0,2,1,1,30124.89,0
2025,15602672,Garcia,643,Germany,Male,35,7,127271.02,1,1,0,10934.77,0
2025,15606024,Garcia,678,France,Male,31,1,55547.74,2,1,1,11596.98,0
2025,15605740,Gutierrez,690,Germany,Female,28,7,143659.47,2,0,1,44026.4,0
2025,15607577,Becker,543,France,Male,60,5,0.0,2,1,1,19806.24,0
2025,15608277,Gomez,636,France,Female,54,3,96818.8,2,1,0,159287.9,0
2025,15602138,Fischer,638,Spain,Male,47,4,75353.0,1,1,0,194025.27,0
2025,15602389,Schwarz,847,France,Female,51,6,161905.21,2,1,1,45710.94,0
2025,15601939,Laurent,747,France,Female,34,6,66629.03,3,1,0,82118.47,1
2025,15609228,Garcia,522,France,Male,44,1,0.0,2,1,1,64498.23,0
2025,15605426,Wagner,576,Spain,Male,44,2,0.0,1,1,1,119228.62,0
2025,15603563,Chidiebere,812,France,Female,44,8,142685.59,2,1,0,85361.46,1
2025,15607974,Boni,592,Germany,Male,24,0,147238.53,1,1,1,180568.56,0
2025,15607769,Wagner,627,France,Female,55,9,192601.66,2,1,0,177154.73,1
2025,15604848,Garcia,564,Spain,Male,49,10,133857.69,1,1,0,95930.2,0
2025,15600613,Muller,571,Spain,Male,37,0,27984.62,2,1,0,94691.89,0
2025,15603230,Wagner,579,Germany,Female,35,4,101947.46,1,0,0,19018.38,0
2025,15605220,Lopez,835,Germany,Female,40,7,153208.97,2,0,1,149102.41,0
2025,15601093,Sanchez,635,France,Female,44,8,118550.77,1,0,1,188512.46,0
2025,15606738,Dubois,835,France,Male,32,2,135071.3,2,1,0,127720.65,0
2025,15608429,Fischer,569,Spain,Female,47,0,0.0,1,0,1,127486.35,0
2025,15609983,Klein,484,Germany,Male,50,7,108382.66,2,0,0,173990.76,1
2025,15600695,Laurent,544,France,Male,32,1,83910.16,2,1,1,21577.04,0
2025,15606435,Klein,706,Spain,Female,18,9,48269.2,1,0,0,109903.69,0
2025,15609540,Moreno,725,Spain,Female,44,10,93853.02,1,1,1,106246.84,0
2025,15603051,Chu,528,Spain,Male,31,5,97691.13,1,1,1,87316.16,0
2025,15605741,Simon,672,France,Male,35,5,53536.15,2,1,0,47045.57,0
2025,15603383,Dubois,694,Spain,Female,47,2,139102.52,1,0,1,186854.71,0
2025,15604257,Hoffmann,645,Spain,Male,24,7,46213.42,2,1,1,81935.82,0
2025,15601896,Martin,522,Spain,Male,31,2,87022.49,1,1,0,160820.84,0
2025,15608951,Hargrave,697,France,Male,35,4,126148.18,2,1,1,120406.41,0
2025,15606608,Krüger,556,France,Male,44,6,0.0,2,0,0,189657.75,0
2025,15602292,Schwarz,754,France,Male,36,10,137855.64,1,1,0,40196.62,1
2025,15605829,Martin,711,Germany,Male,34,3,170662.71,2,1,1,103204.95,0
2025,15609184,Wagner,772,Germany,Female,33,5,99158.89,2,0,1,157690.23,0
2025,15600490,Alvarez,565,Spain,Female,31,10,75386.78,1,1,1,181645.95,0
2025,15604030,Bartlett,814,Spain,Female,46,2,93510.07,1,0,0,10891.03,1
2025,15603439,Richter,527,France,Male,39,7,93055.75,2,1,1,150281.46,0
2025,15601951,Schneider,803,Spain,Male,50,8,0.0,1,1,1,79745.18,0
2025,15604340,Richard,644,Germany,Female,30,2,109146.06,2,1,0,140991.52,1
2025,15608345,Richard,620,France,Female,43,8,84618.16,1,1,0,190058.5,0
2025,15600851,Smith,605,Germany,Male,41,9,132864.99,1,0,1,100038.37,1
2025,15602519,Wolf,732,France,Male,26,0,0.0,1,0,1,56024.59,0
2025,15606985,Garcia,614,Spain,Female,30,4,107204.04,2,1,0,174692.89,0
2025,15609283,Bernard,652,Germany,Female,40,5,102330.31,1,1,1,189070.05,0
2025,15603082,Robert,642,Spain,Female,54,1,128853.77,1,1,1,164716.01,0
2025,15607572,Fischer,734,France,Female,37,6,193455.45,2,0,0,22062.02,0
2025,15606217,Dubois,684,Germany,Male,31,2,98144.71,2,0,1,140613.68,0
2025,15600011,Lopez,683,Germany,Female,39,0,123039.24,1,0,1,109226.39,0
2025,15606320,Zimmermann,660,France,Female,42,4,0.0,1,0,0,51977.47,1
2025,15609602,Schwarz,792,Germany,Male,52,1,89832.26,1,0,1,111147.2,1
2025,15606759,Zimmermann,643,France,Male,36,1,0.0,1,1,0,78903.99,0
2025,15605209,Simon,591,Spain,Female,43,1,0.0,2,1,1,153548.13,0
2025,15607898,Lopez,555,Germany,Female,38,0,92583.6,2,0,1,39914.61,1
2025,15604436,Dupont,824,Spain,Male,39,0,136483.77,1,1,0,20514.47,0
2025,15601908,Fischer,712,Spain,Female,48,8,101578.45,3,1,0,60760.81,1
2025,15600195,Schröder,520,France,Female,55,7,136164.99,1,1,1,77414.52,0
2025,15603359,Martin,565,France,Male,49,4,0.0,2,1,0,102188.8,0
2025,15607306,Fischer,781,Germany,Male,41,7,132214.21,2,0,1,94807.73,1
2025,15608912,Alvarez,570,Germany,Male,31,3,122346.57,2,1,0,34026.29,0
2025,15602008,Navarro,641,Germany,Male,39,4,111720.08,2,0,0,73508.28,0
2025,15608661,Wagner,760,France,Male,36,1,149951.67,2,0,0,46240.48,0
2025,15607322,Becker,581,Spain,Female,27,0,0.0,2,1,1,28025.26,0
2025,15606000,Schmidt,602,France,Female,34,8,0.0,2,0,1,141306.87,0
2025,15601600,Obinna,726,Spain,Male,53,4,0.0,2,0,0,123821.26,0
2025,15604041,Petit,562,Germany,Male,47,4,109115.69,2,0,0,13339.38,1
2025,15608953,Simon,702,Spain,Male,58,2,0.0,2,0,1,111771.14,0
2025,15603016,Simon,671,Germany,Female,23,5,95929.21,2,1,1,34570.04,0
2025,15603800,Torres,703,France,Male,28,8,0.0,1,0,0,123751.09,0
2025,15607399,Alonso,740,Germany,Male,48,10,131715.78,2,1,0,196219.27,1
2025,15605101,Simon,713,France,Male,35,10,68265.6,1,1,1,19716.24,0
2025,15607717,Romero,645,Germany,Male,48,2,147575.24,2,1,1,125353.35,1
2025,15602489,Jimenez,603,Germany,Male,53,1,87248.91,2,1,1,168710.78,1
2025,15604618,Neumann,850,France,Female,39,2,0.0,2,0,1,176620.58,0
2025,15602388,Durand,737,France,Female,31,8,0.0,2,1,1,54094.18,0
2025,15601643,Martin,650,France,Female,35,8,0.0,2,0,0,133473.79,0
2025,15603022,Moreno,664,France,Female,43,6,0.0,2,1,1,73529.44,0
2025,15600065,Onio,814,Spain,Male,32,9,35904.66,2,0,0,127384.32,0
2025,15603741,Bartlett,666,France,Female,48,9,70390.2,2,1,1,60545.79,0
2025,15607137,Braun,595,France,Male,56,6,94400.81,2,1,1,137362.01,0
2025,15600707,Weber,632,Germany,Male,49,6,107309.29,2,1,0,192613.72,1
2025,15606599,Martinez,647,Spain,Male,28,9,0.0,2,1,1,168947.19,0
2025,15602545,Mitchell,607,Germany,Male,33,1,137070.21,2,0,0,90941.87,0
2025,15602312,Braun,608,France,Male,21,10,0.0,2,0,1,187025.9,0
2025,15603810,Chu,696,Germany,Female,46,5,93009.06,1,1,0,113404.59,1
2025,15600564,Schulz,580,Spain,Female,40,4,0.0,1,1,1,146054.14,0
2025,15603284,Klein,675,Spain,Male,54,0,0.0,1,1,1,106529.71,0
2025,15606287,Richter,805,Germany,Male,50,8,63711.37,3,0,0,116029.21,1
2025,15604225,Garcia,746,France,Male,29,8,118880.99,2,1,0,29088.57,0
2025,15601828,Schmidt,616,Germany,Male,44,10,118697.94,1,1,1,23859.08,1
2025,15607194,Schwarz,738,Germany,Female,45,9,77210.7,1,1,0,125491.27,1
2025,15600431,Schmidt,818,Spain,Male,44,6,0.0,2,1,1,49738.26,0
2025,15605515,Robert,566,France,Male,22,7,96671.46,1,1,1,134177.41,0
2025,15604112,Thomas,631,France,Male,41,4,82357.33,2,1,0,74670.96,0
2025,15606342,Jimenez,626,France,Female,30,1,0.0,2,1,0,103228.48,0
2025,15603054,Alvarez,453,Germany,Male,40,0,177601.11,1,1,1,132768.5,0
2025,15604682,Hernandez,815,France,Male,49,10,0.0,2,1,1,148203.9,0
2025,15608306,Michel,612,Spain,Female,36,8,125909.98,1,0,1,197358.38,0
2025,15608876,Martin,795,France,Female,21,9,112602.09,1,1,1,53262.54,0
2025,15602620,Perez,760,France,Female,32,0,0.0,1,1,1,44072.77,0
2025,15607323,Garcia,590,France,Male,38,8,168542.83,1,1,0,193326.15,0
2025,15603409,Ruiz,631,France,Male,47,2,105515.47,2,0,0,118277.28,0
2025,15606935,Smith,684,France,Male,39,10,0.0,1,1,0,184153.73,0
2025,15602636,Schröder,613,Spain,Female,36,6,0.0,2,1,1,153948.91,0
2025,15601839,Perez,689,Germany,Female,29,0,212840.79,1,1,0,199420.27,0
2025,15603435,Bauer,689,Spain,Male,46,7,0.0,1,1,0,110495.02,1
2025,15605371,Koch,401,France,Male,26,3,126828.64,1,0,1,108838.55,0
2025,15606344,Alonso,607,France,Female,40,2,0.0,2,1,0,75189.68,0
2025,15605849,Hoffmann,677,France,Male,47,7,86728.37,2,1,1,188947.5,0
2025,15604529,Schulz,504,Germany,Female,49,2,57231.04,2,1,1,143275.45,1
2025,15600289,Garcia,591,Spain,Female,48,3,137093.77,1,0,0,44313.91,1
2025,15601466,Navarro,557,Spain,Male,37,2,0.0,1,0,1,125291.21,0
2025,15608329,Ruiz,782,France,Male,29,1,142756.36,1,1,0,160518.65,0
2025,15603137,Moreno,717,France,Male,34,2,98492.98,2,1,1,29654.64,0
2025,15608248,Michel,653,Spain,Male,64,6,0.0,2,1,1,106762.75,0
2025,15603864,Krüger,601,Germany,Female,52,5,97952.4,1,1,0,166956.18,1
2025,15609227,Krüger,656,Spain,Male,35,1,0.0,1,1,1,42504.67,0
2025,15602003,Garcia,658,Germany,Female,40,9,127546.4,2,0,1,168415.0,0
2025,15608720,Wolf,662,France,Female,36,3,0.0,2,1,1,118901.26,0
2025,15600360,Meyer,785,France,Male,43,0,0.0,1,0,0,142891.99,1
2025,15600021,Leroy,625,Germany,Female,42,5,124325.01,2,0,1,136229.97,1
2025,15604168,Petit,688,France,Female,44,10,150934.25,1,0,1,64350.39,0
2025,15606068,Weber,628,Spain,Female,41,1,110616.81,1,1,0,63494.75,0
2025,15601871,Richter,683,France,Female,59,6,0.0,1,1,0,148612.96,1
2025,15600944,Romero,767,Spain,Female,53,10,0.0,2,1,0,94230.03,0
2025,15607735,Schmidt,589,France,Female,49,9,72627.69,2,1,0,32907.48,0
2025,15605522,Bartlett,712,France,Male,42,8,68137.08,1,1,1,84975.73,0
2025,15604701,Fischer,626,France,Female,27,7,86302.45,1,0,0,43803.51,0
2025,15608745,Schmidt,734,Spain,Female,40,6,84281.01,1,1,0,63831.8,0
2025,15602089,Dubois,701,France,Male,45,6,94544.04,1,1,0,137466.71,0
2025,15608631,Dubois,591,France,Male,30,9,0.0,3,1,0,197870.9,1
2025,15603012,Sanchez,593,Spain,Male,25,8,122062.47,2,1,0,171158.19,0
2025,15606329,Dominguez,513,Germany,Female,37,4,96895.23,2,0,0,106295.91,0
2025,15608601,Bartlett,550,Germany,Female,48,4,129223.69,1,1,0,169199.0,1
2025,15606880,Richard,623,France,Male,53,8,0.0,2,1,0,27200.52,0
2025,15600454,Gutierrez,601,France,Male,26,6,107219.54,2,1,1,95071.5,0
2025,15608986,Schäfer,565,France,Male,51,6,0.0,2,0,1,114258.06,0
2025,15606706,Klein,597,Spain,Male,25,0,0.0,2,1,0,85297.3,0
2025,15609589,Diaz,778,France,Female,46,10,0.0,2,1,1,50789.05,0
2025,15604064,Simon,662,Germany,Female,22,9,102348.69,1,1,1,75669.06,0
2025,15600631,Navarro,463,France,Male,26,0,0.0,2,1,0,99935.36,0
2025,15605140,Schmidt,587,Spain,Male,42,9,148517.5,1,1,0,13920.19,0
2025,15604723,He,672,France,Female,43,8,0.0,1,1,1,159631.33,0
2025,15605835,Lopez,571,Spain,Male,40,5,0.0,1,0,0,132948.62,0
2025,15602154,Laurent,634,France,Female,37,1,0.0,1,0,1,116337.78,0
2025,15600523,Richter,715,Germany,Male,40,5,95823.31,1,0,0,60315.18,1
2025,15609639,Chidiebere,571,France,Male,32,10,56820.79,1,1,0,57343.54,0
2025,15602228,Martinez,584,Spain,Male,46,8,0.0,2,1,1,68424.45,0
2025,15606459,Hargrave,644,Germany,Male,32,9,107093.3,1,1,0,39607.42,0
2025,15607799,Schröder,736,France,Female,43,5,0.0,2,0,0,112484.69,0
2025,15600240,Garcia,664,Germany,Male,34,2,121334.57,1,0,0,118817.08,0
2025,15606319,Muller,711,France,Male,54,2,125224.92,2,1,1,44459.85,0
2025,15600967,Diaz,798,France,Male,53,2,101233.47,3,1,0,111790.19,1
2025,15606004,Ruiz,639,France,Female,45,9,85460.56,1,0,0,91822.34,0
2025,15606617,Bartlett,709,Germany,Female,34,4,127708.78,2,1,1,122618.11,0
2025,15606605,Ruiz,754,Spain,Female,34,1,138612.17,1,1,1,178356.02,0
2025,15606632,Petit,584,France,Male,48,2,87606.75,1,1,1,95729.01,0
2025,15606541,Hernandez,662,France,Female,58,8,199709.84,1,1,0,84062.67,0
2025,15601367,Garcia,589,France,Male,38,6,109691.63,3,0,0,97129.04,1
2025,15602123,Klein,619,France,Male,35,1,67844.45,2,1,1,116579.95,0
2025,15605904,Zimmermann,756,France,Male,31,9,63617.43,1,0,0,183377.54,0
2025,15604237,Schäfer,515,Spain,Male,36,10,62782.72,2,1,1,194610.8,0
2025,15604284,Munoz,601,France,Male,35,9,89066.16,2,0,0,63818.35,0
2025,15602840,Braun,500,Germany,Male,45,2,116384.8,3,1,0,188136.07,1
2025,15609218,Navarro,695,France,Female,24,4,106189.21,2,1,0,71466.38,0
2025,15601342,Sanchez,715,France,Male,24,0,100697.24,3,0,0,186375.22,0
2025,15600092,Thomas,530,Germany,Female,35,8,91906.04,2,0,0,158454.6,0
2025,15607547,Navarro,804,France,Male,37,5,43881.53,2,1,0,34883.56,0
2025,15607882,Lefebvre,675,France,Male,39,3,117874.28,2,1,1,92369.23,0
2025,15605799,Hill,647,Spain,Female,39,0,0.0,2,1,0,140227.68,0
2025,15600103,Martin,702,Spain,Female,44,2,0.0,2,1,1,83278.15,0
2025,15600978,Dominguez,632,France,Female,32,5,124745.26,1,1,1,89020.7,1
2025,15608283,Wolf,697,France,Female,39,2,63484.3,2,1,1,103242.92,0
2025,15606067,Smith,632,Spain,Male,31,4,0.0,1,0,0,30760.19,1
2025,15605390,Gutierrez,644,France,Male,41,0,130919.66,2,1,1,166538.75,0
2025,15606075,Martinez,661,Germany,Male,39,1,134756.96,1,1,1,147496.32,0
2025,15608626,Michel,633,France,Male,29,10,135592.89,2,1,1,155237.04,0
2025,15602533,Chu,748,Germany,Male,38,8,166512.1,1,1,1,25153.46,0
2025,15600450,Neumann,739,Germany,Male,24,1,97924.35,2,1,1,198945.86,1
2025,15604987,Onio,473,France,Male,23,7,0.0,2,1,1,190598.36,0
2025,15605015,Sanchez,459,Spain,Male,38,1,157190.81,1,0,1,79021.01,1
2025,15607641,Weber,587,Germany,Female,53,2,100924.43,1,1,1,184491.55,1
2025,15609535,Munoz,634,Germany,Female,32,10,53959.62,1,1,1,131591.24,0
2025,15608862,Jimenez,539,France,Male,22,4,0.0,2,1,1,182268.08,0
2025,15600706,Mitchell,620,France,Female,38,4,126624.59,2,1,0,108611.21,0
2025,15608749,Martin,662,France,Male,39,9,78068.4,2,1,1,192427.16,0
2025,15608726,Robert,619,Spain,Male,27,0,109072.8,1,1,0,58690.84,0
2025,15606778,Garcia,642,Spain,Female,44,3,96389.44,2,1,1,181686.87,0
2025,15605979,Chu,661,Spain,Male,47,5,0.0,2,0,1,39009.76,0
2025,15603583,Schröder,717,Spain,Female,31,0,133537.8,1,0,0,55689.56,1
2025,15605723,Dominguez,694,Spain,Female,50,3,0.0,1,1,0,158291.38,0
2025,15602540,Martin,554,Germany,Male,47,9,110537.08,1,1,0,53866.49,1
2025,15600541,Munoz,660,Germany,Female,39,7,107784.82,1,1,1,177579.96,1
2025,15605268,Dupont,609,Germany,Male,41,9,92347.2,1,1,0,129402.36,1
2025,15605579,Richter,574,Germany,Female,52,1,83684.09,2,1,1,119572.42,1
2025,15607235,Smith,534,Spain,Male,44,1,0.0,2,0,1,163799.6,0
2025,15609879,Thomas,634,France,Female,46,8,0.0,1,0,0,119065.08,0
2025,15605196,Navarro,824,France,Female,43,4,0.0,1,1,0,14948.04,0
2025,15604804,Navarro,692,Germany,Male,60,3,86536.49,2,0,1,65947.44,1
2025,15603200,Smith,523,Germany,Female,50,2,108916.92,1,1,1,144495.45,1
2025,15602676,Dominguez,672,Spain,Female,37,4,29154.82,1,1,1,143525.81,0
2025,15604394,Martin,589,France,Female,37,10,70425.91,2,1,1,169528.12,0
2025,15601272,Muller,582,Germany,Female,41,6,93246.39,1,1,1,40400.25,1
2025,15607369,Martin,707,France,Female,41,6,87149.91,2,1,1,159058.89,0
2025,15604188,Lopez,520,France,Female,54,4,70713.54,1,1,0,149972.62,0
2025,15607250,Diaz,705,France,Male,27,3,0.0,2,0,0,176077.49,0
2025,15608519,Boni,471,Germany,Male,36,0,107665.54,2,1,0,44731.81,0
2025,15600684,Moreau,672,France,Male,56,7,59583.87,2,0,0,87987.04,0
2025,15608444,Laurent,406,France,Female,43,10,106193.3,1,1,0,177855.33,1
2025,15601250,Sanchez,762,France,Female,20,1,143572.42,2,1,1,158725.93,0
2025,15606472,Hoffmann,523,Spain,Male,36,3,122683.43,2,1,1,51169.2,0
2025,15609093,Lefebvre,489,France,Female,40,7,0.0,2,1,0,146512.69,0
2025,15604395,Petit,609,France,Male,41,4,140320.19,2,1,1,119346.94,0
2025,15605247,Onio,782,Spain,Female,57,3,0.0,2,1,1,91004.96,1
2025,15606542,Petit,621,Spain,Female,36,1,83371.68,2,1,0,152851.46,0
2025,15607524,Hoffmann,773,France,Female,49,6,0.0,1,0,0,121016.34,1
2025,15605749,Chu,634,France,Female,48,1,131254.32,2,0,1,35314.87,0
2025,15603469,Alvarez,615,France,Male,50,0,116475.98,2,1,0,66081.35,0
2025,15607638,Mitchell,533,France,Female,35,7,0.0,2,1,1,18874.01,0
2025,15609072,Romero,491,Germany,Female,37,4,125109.67,1,1,1,114202.01,0
2025,15604104,Richter,745,Spain,Female,39,7,101565.21,2,1,0,68534.38,0
2025,15605837,Schmidt,698,Germany,Female,47,0,117446.3,1,1,1,187032.85,1
2025,15605149,Bernard,714,Spain,Female,55,2,0.0,2,1,1,116848.74,0
2025,15602346,Martin,718,France,Male,41,10,0.0,2,0,1,174727.84,1
2025,15606950,Ruiz,837,France,Male,43,3,0.0,2,1,1,108863.98,0
2025,15603260,Durand,517,Spain,Male,38,2,65029.52,2,1,1,129724.33,0
2025,15608284,Chidiebere,838,Spain,Female,36,2,0.0,1,1,0,68618.63,1
2025,15600326,Bartlett,790,France,Male,34,0,76244.67,1,1,1,34343.54,0
2025,15601767,Jimenez,710,France,Female,31,5,121611.65,2,1,1,138718.16,0
2025,15608512,Romero,604,Germany,Male,38,10,129994.05,1,0,0,34254.49,0
2025,15600112,Hill,811,Spain,Female,39,2,0.0,1,0,1,78065.14,0
2025,15600553,Bauer,662,France,Female,53,8,109763.85,2,1,0,49899.2,0
2025,15604811,Michel,609,Germany,Female,43,1,128174.58,1,0,1,106341.11,1
2025,15609910,Garcia,842,Spain,Female,41,4,36964.77,2,1,1,19060.02,0
2025,15600597,Laurent,789,France,Female,43,2,0.0,2,1,0,118125.56,0
2025,15606310,Dominguez,666,Germany,Female,43,5,76652.03,1,1,1,83008.49,1
2025,15603858,Mitchell,727,France,Male,28,9,0.0,3,1,1,183955.42,0
2025,15608970,Garcia,497,Germany,Female,42,8,132333.78,2,0,1,192745.63,1
2025,15601415,Leroy,560,France,Male,51,9,141316.66,2,0,0,41222.79,0
2025,15605594,Perez,621,Germany,Female,28,2,105016.87,1,1,0,189724.1,0
2025,15606692,Schmidt,712,Germany,Male,50,2,87131.71,1,1,1,113180.79,1
2025,15602993,Jimenez,639,Spain,Female,28,0,125722.5,2,1,0,140986.87,0
2025,15603447,Muller,679,Germany,Male,44,10,140639.52,2,1,0,179722.44,1
2025,15604656,Lopez,536,France,Male,44,10,0.0,1,1,0,193164.24,0
2025,15603168,Garcia,579,Germany,Female,49,5,146803.28,2,0,0,74547.36,1
2025,15601081,Moreau,662,Germany,Male,25,7,93644.68,2,1,1,195123.2,0
2025,15602592,Petit,766,France,Female,43,3,0.0,1,0,1,72577.34,0
2025,15607049,Schröder,633,Germany,Female,31,8,59817.05,2,1,0,197290.4,0
2025,15600098,Richard,697,Spain,Male,40,6,0.0,2,1,0,76660.5,0
2025,15604327,Alonso,667,France,Male,42,10,86462.42,2,0,0,72124.74,0
2025,15600581,Obinna,640,Germany,Male,31,10,101942.37,1,1,0,61135.5,0
2025,15607535,Simon,784,France,Male,19,0,0.0,1,1,0,162563.62,0
2025,15607436,Gomez,850,Germany,Female,32,4,122565.88,1,1,0,88414.23,0
2025,15609759,Schröder,520,Germany,Male,52,7,132575.5,2,1,0,85483.03,1
2025,15609757,Klein,783,France,Female,44,10,0.0,1,1,0,186758.33,1
2025,15600923,Smith,592,France,Male,31,7,0.0,1,1,1,36616.46,0
2025,15603161,Hill,725,Germany,Male,26,10,115080.01,2,1,0,147645.12,0
2025,15606736,Gutierrez,720,Germany,Male,38,7,134681.58,1,0,1,46384.13,0
2025,15607393,Lopez,576,Germany,Male,57,0,104814.9,2,0,1,71746.98,1
2025,15606420,Leroy,757,Spain,Female,38,8,106454.77,1,1,1,71140.96,0
2025,15600447,Schneider,573,Spain,Male,45,4,0.0,1,1,1,17651.63,0
2025,15605293,Krüger,688,France,Male,34,1,71884.63,2,1,1,110242.61,0
2025,15602421,Martin,643,France,Female,23,7,0.0,1,1,0,64825.12,1
2025,15603209,Hargrave,664,Germany,Female,50,10,108528.24,2,1,1,39680.84,1
2025,15608459,Martin,537,Germany,Female,28,1,99026.3,1,0,0,43018.87,0
2025,15609782,Martin,629,Spain,Male,36,3,0.0,2,0,0,165469.71,0
2025,15604174,Dubois,520,France,Male,18,10,0.0,2,0,0,182452.2,0
2025,15604971,Obinna,494,Germany,Male,47,9,172912.85,2,1,1,142874.57,1
2025,15604241,Lefebvre,638,Germany,Female,37,5,59114.8,2,1,0,54427.76,1
2025,15601683,Garcia,598,France,Male,45,3,0.0,2,1,1,156022.82,0
2025,15608573,Laurent,735,Germany,Female,56,5,81751.66,2,0,0,73187.62,1
2025,15605393,Gutierrez,592,Germany,Female,45,5,135048.36,1,1,0,49300.79,1
2025,15600219,Rodriguez,712,Spain,Female,48,8,131653.21,1,1,0,102888.41,1
2025,15606898,He,735,Spain,Male,22,8,0.0,2,0,1,188331.2,0
2025,15609433,Thomas,788,Germany,Female,47,0,128628.42,2,1,1,49369.92,1
2025,15602334,Diaz,652,Germany,Female,37,10,69880.1,1,0,1,67980.14,0
2025,15604977,Koch,612,France,Male,18,8,80758.37,1,1,1,168291.1,0
2025,15608007,Schwarz,594,France,Male,39,10,0.0,1,0,1,91698.06,0
2025,15609690,Smith,587,Germany,Female,36,1,104169.35,2,1,0,156704.61,0
2025,15604923,Sanchez,506,Spain,Male,49,4,91670.19,1,1,1,68235.02,0
2025,15609644,Michel,641,France,Male,45,9,136587.28,1,1,1,186421.41,0
2025,15607746,Navarro,622,France,Female,25,8,0.0,2,0,0,31811.29,0
2025,15600690,Zimmermann,761,France,Male,61,6,109320.54,1,1,0,79279.61,1
2025,15609155,Martinez,667,Germany,Male,36,10,160911.18,1,1,1,27983.27,0
2025,15602268,Muller,756,Germany,Female,48,1,127322.12,2,1,0,105456.5,1
2025,15602029,Alvarez,667,France,Male,38,5,65889.69,1,0,0,104645.7,0
2025,15608064,Braun,632,France,Male,53,1,0.0,1,1,1,91912.03,0
2025,15607192,Dupont,658,France,Female,32,1,0.0,2,1,0,120391.71,0
2025,15603517,Simon,623,France,Male,46,5,0.0,2,1,1,173919.08,0
2025,15602879,Schmidt,607,Spain,Male,56,8,79455.59,2,1,1,92154.63,0
2025,15606740,Onio,548,Spain,Female,39,9,0.0,1,1,0,98520.39,0
2025,15605980,Petit,573,Spain,Female,52,1,0.0,1,1,1,64764.34,0
2025,15604829,Michel,516,France,Male,48,9,0.0,1,1,0,162199.49,0
2025,15601008,Navarro,630,Spain,Male,45,10,0.0,2,1,1,174745.66,0
2025,15606164,Petit,569,France,Female,59,6,132406.95,2,0,0,171275.57,0
2025,15608469,Onio,747,France,Male,41,10,0.0,1,1,0,188615.08,0
2025,15607862,Becker,746,Spain,Male,33,1,96086.73,1,0,1,152989.94,0
2025,15607755,Durand,737,Spain,Male,47,1,114038.49,2,1,1,126417.48,0
2025,15607520,Gutierrez,665,Germany,Male,46,5,171751.62,2,1,1,33421.7,1
2025,15603624,Garcia,552,France,Male,37,9,73589.47,1,1,0,197414.57,0
2025,15605624,Becker,597,Germany,Male,44,9,146691.08,2,0,0,70675.52,1
2025,15605046,Krüger,635,Spain,Male,56,10,42109.76,1,1,0,39455.36,0
2025,15603372,Moreau,559,France,Male,33,9,81869.6,1,1,0,45918.39,0
2025,15609310,Richter,580,France,Male,28,8,0.0,1,1,1,105714.32,0
2025,15606129,Martinez,738,Germany,Male,38,6,120768.37,1,1,0,97587.12,0
2025,15605145,Bartlett,485,France,Female,35,4,182497.47,2,1,1,47511.86,0
2025,15601745,Bartlett,716,France,Female,25,1,74279.72,2,1,1,40991.41,0
2025,15607374,Moreau,611,France,Male,47,7,136948.35,2,1,0,177958.79,0
2025,15602876,Wolf,594,Spain,Female,38,3,0.0,1,1,0,80258.37,0
2025,15603605,Dominguez,720,Spain,Male,51,3,77556.64,2,1,0,109177.2,0
2025,15601344,Lefebvre,753,France,Female,32,10,89722.06,2,1,1,96249.86,0
2025,15606550,Dupont,604,France,Female,26,5,0.0,2,1,1,116378.18,1
2025,15609498,Bartlett,702,Germany,Female,54,2,130571.64,1,1,0,180964.93,1
2025,15600069,Lopez,576,France,Female,34,3,107861.6,1,1,0,108146.55,0
2025,15604614,Schulz,560,France,Male,41,2,0.0,1,1,0,117273.06,0
2025,15609678,Laurent,515,France,Female,49,3,0.0,2,1,1,153434.99,1
2025,15600560,Onio,754,France,Female,42,2,61938.39,2,0,1,62315.71,0
2025,15601170,Schäfer,706,France,Male,27,6,98236.9,2,1,1,151502.4,0
2025,15606858,Martin,574,France,Female,31,1,0.0,1,1,0,118921.0,0
2025,15607602,Alvarez,678,Germany,Female,39,9,112903.08,1,1,1,138436.26,0
2025,15601090,Gomez,567,Spain,Male,32,4,125039.42,1,1,1,50376.12,0
2025,15606169,He,631,France,Male,39,7,103669.42,1,1,1,58754.72,0
2025,15608654,Alonso,640,France,Female,32,2,79997.17,4,1,1,42627.53,0
2025,15603135,Dupont,611,France,Male,53,5,100277.13,1,1,1,32372.44,0
2025,15601123,Bernard,568,Spain,Male,35,9,51547.46,2,0,0,144678.87,0
2025,15607181,Bernard,516,France,Female,55,5,0.0,1,1,0,157464.65,0
2025,15603011,Becker,598,France,Male,25,4,0.0,1,1,1,164242.5,0
2025,15602566,Moreno,778,France,Male,38,6,105745.27,1,0,1,172785.45,0
2025,15609303,Mitchell,572,Spain,Female,45,6,0.0,2,1,0,89083.42,1
2025,15600839,Martinez,515,France,Male,36,9,0.0,2,1,1,132626.06,0
2025,15605986,Robert,850,France,Female,48,4,0.0,1,1,0,61410.69,0
2025,15600731,Krüger,612,France,Female,30,10,83878.55,1,1,1,21827.67,0
2025,15609263,Meyer,658,Spain,Male,31,3,0.0,2,1,1,26393.82,0
2025,15601875,Richard,643,France,Male,25,1,133686.78,2,1,0,151558.66,1
2025,15600580,Koch,650,France,Male,57,8,0.0,2,1,0,40371.7,0
2025,15603913,Schröder,705,France,Male,18,8,117967.6,2,1,0,57694.95,0
2025,15601082,Krüger,496,France,Male,32,8,0.0,2,1,0,138926.15,0
2025,15605685,Schneider,485,France,Male,28,0,118175.62,2,1,0,65159.05,0
2025,15603459,Mitchell,630,France,Female,18,6,0.0,1,0,0,190852.4,0
2025,15600987,Koch,676,France,Male,49,7,133237.71,1,1,1,136679.44,0
2025,15602814,Lopez,618,France,Female,50,2,0.0,1,1,1,34895.74,0
2025,15608774,Koch,525,France,Female,35,10,112660.34,1,0,1,193488.44,0
2025,15608356,Jimenez,711,Germany,Male,33,0,92896.8,1,0,0,73893.96,0
2025,15600076,Schröder,531,France,Female,40,5,64755.7,1,1,0,94877.22,1
2025,15603645,Zimmermann,603,Spain,Female,45,5,105400.3,1,1,0,60003.75,0
2025,15605570,Schneider,723,Germany,Female,35,2,153560.92,1,0,0,193228.79,0
2025,15604255,Wagner,811,France,Male,36,3,136556.66,2,0,0,12457.62,0
2025,15601852,Thomas,618,France,Male,35,4,0.0,1,1,0,117381.95,0
2025,15608053,Gomez,574,Germany,Male,54,0,61276.44,2,0,0,71247.9,1
2025,15606630,Bartlett,594,France,Female,28,7,0.0,1,1,0,51519.8,0
2025,15600638,Dubois,631,Germany,Male,35,4,86975.56,1,1,0,120520.9,0
2025,15608428,Hoffmann,607,France,Male,46,0,160757.07,1,0,0,100636.19,1
2025,15601748,Garcia,713,France,Male,44,8,0.0,1,0,0,76274.22,0
2025,15600008,Wolf,539,France,Male,29,5,0.0,1,0,1,125770.5,0
2025,15600779,Ruiz,370,Spain,Female,30,3,128366.74,1,1,0,83587.07,0
2025,15609275,Alonso,571,Spain,Male,42,2,149369.22,1,1,0,95093.76,0
2025,15600747,Schäfer,705,France,Male,39,8,0.0,2,1,0,190587.91,1
2025,15605369,Bernard,662,Spain,Male,35,1,0.0,2,0,1,172431.49,0
2025,15603516,Sanchez,656,Spain,Female,39,5,141328.27,2,1,1,59124.17,0
2025,15607512,Gutierrez,416,France,Male,40,3,0.0,1,1,0,89898.36,0
2025,15606186,Klein,535,Spain,Male,58,4,0.0,1,1,1,63543.64,0
2025,15605729,Jimenez,488,Germany,Male,58,10,58283.28,1,1,0,161457.5,1
2025,15609843,Koch,634,Germany,Female,43,0,108465.24,2,0,0,47240.62,1
2025,15602502,Dominguez,545,Spain,Female,48,8,0.0,1,1,1,181650.13,0
2025,15605124,Lopez,817,Germany,Male,73,5,110980.05,1,1,1,153938.23,1
2025,15603246,Sanchez,846,France,Female,33,0,109510.8,2,1,1,48823.49,0
2025,15608301,Richter,519,France,Male,24,5,163383.02,2,1,1,36931.25,0
2025,15601355,Richter,682,Spain,Male,37,6,78887.2,1,1,1,184498.26,0
2025,15605315,Onio,693,France,Male,49,2,150005.34,2,1,1,112270.38,0
2025,15605443,Bernard,635,Germany,Male,48,4,89362.81,2,1,0,15406.48,1
2025,15603046,Richter,609,France,Male,40,1,107482.99,2,1,1,138895.33,0
2025,15600675,Lopez,762,Germany,Male,60,1,159130.78,1,1,1,185176.77,1
2025,15602051,Chidiebere,770,France,Female,37,7,94801.17,1,0,1,147185.0,0
2025,15602952,Romero,669,Germany,Female,26,6,86633.4,1,1,0,44954.75,0
2025,15607341,Schröder,616,France,Male,51,10,0.0,1,0,0,151380.66,0
2025,15600764,Zimmermann,791,France,Male,29,2,116844.71,1,1,0,81774.78,0
2025,15602244,Romero,673,France,Female,25,7,115406.92,2,1,1,77335.81,0
2025,15601302,Zimmermann,573,Spain,Female,44,8,0.0,1,0,1,31274.3,0
2025,15607499,Hargrave,719,France,Male,45,4,0.0,1,1,1,35556.39,0
2025,15605324,Onio,764,France,Female,43,8,86086.08,1,1,0,67539.83,0
2025,15607640,Gutierrez,658,France,Female,49,6,0.0,1,0,1,187524.85,0
2025,15605640,Dubois,653,France,Male,36,5,0.0,1,0,1,196863.91,0
2025,15608516,Sanchez,850,France,Male,34,5,0.0,2,1,1,13381.37,0
2025,15603504,Wagner,557,France,Female,36,8,167698.01,2,1,0,47853.43,0
2025,15600005,Rodriguez,595,Germany,Male,43,10,130294.31,1,1,1,11066.93,1
2025,15603739,Dubois,612,Germany,Female,45,10,107930.4,2,0,1,139264.55,1
2025,15609193,Durand,480,France,Male,50,7,135664.81,2,0,1,12357.11,0
2025,15601294,Wolf,766,France,Male,36,0,206024.23,2,0,0,178873.4,0
2025,15601017,Chidiebere,556,France,Female,25,3,0.0,1,1,1,92478.36,0
2025,15600133,Martin,693,Spain,Male,28,2,70045.08,1,1,0,15206.12,0
2025,15603764,Bauer,429,France,Male,39,8,0.0,2,1,0,115506.98,0
2025,15607116,Schneider,657,Spain,Male,34,6,188893.51,2,1,1,116194.43,0
2025,15608650,Schneider,661,Germany,Female,48,3,67512.05,2,1,0,15358.02,1
2025,15609280,Weber,785,Spain,Female,55,10,139860.51,1,1,0,72176.59,0
2025,15600376,Garcia,810,France,Male,18,7,189243.64,2,1,0,109953.88,0
2025,15600396,Schneider,754,Spain,Male,29,9,73628.75,1,1,1,50105.22,0
2025,15606244,Bauer,761,France,Female,55,10,0.0,4,0,0,91773.14,1
2025,15605591,Wagner,817,Spain,Female,54,1,0.0,1,1,0,45784.53,0
2025,15608641,Schneider,773,France,Female,32,0,0.0,1,1,0,195721.84,0
2025,15606457,Chu,719,France,Male,43,8,0.0,2,1,1,166545.98,0
2025,15603975,Hill,655,France,Female,34,5,123988.5,2,1,1,175262.79,0
2025,15604637,Schmidt,624,Spain,Female,34,2,0.0,1,1,1,88086.65,0
2025,15601069,Schwarz,648,Spain,Male,45,4,140749.01,1,0,1,40601.61,0
2025,15604734,Alonso,659,France,Male,29,9,117142.71,2,1,0,124777.73,0
2025,15604483,Schmidt,817,Germany,Male,32,5,153334.25,3,1,1,26784.05,1
2025,15602766,Fischer,631,France,Female,48,4,0.0,1,1,0,168860.23,0
2025,15602323,Dupont,651,Spain,Female,43,10,0.0,2,0,1,19296.57,0
2025,15602644,Jimenez,609,Germany,Female,31,4,111778.57,2,1,1,183194.65,0
2025,15607592,Dubois,595,France,Male,29,1,25357.61,1,0,0,47510.89,0
2025,15604052,Chidiebere,645,France,Female,55,1,112048.97,1,0,1,23888.08,1
2025,15608286,Dupont,635,Germany,Male,33,4,146857.55,1,1,1,193465.41,0
2025,15603519,Bartlett,707,France,Female,37,0,0.0,1,1,0,115735.17,0
2025,15601784,Moreau,770,France,Female,31,6,59948.21,2,0,1,46124.49,0
2025,15609855,Alvarez,850,France,Male,40,6,0.0,3,0,0,76718.47,1
2025,15604378,Fischer,544,France,Male,49,1,0.0,3,1,1,193031.93,0
2025,15606973,Sanchez,579,France,Female,30,10,125223.6,2,0,0,132279.13,0
2025,15607058,Perez,659,France,Male,44,1,72326.89,1,1,1,34671.28,0
2025,15602934,Boni,589,Germany,Male,39,1,92708.17,1,1,1,133168.37,0
2025,15605712,Fischer,811,Germany,Female,18,8,161355.53,2,1,0,90090.32,0
2025,15607687,Laurent,722,Germany,Female,34,5,165718.73,2,1,1,160103.97,0
2025,15605200,Michel,434,France,Male,31,1,0.0,2,1,1,44008.28,0
2025,15603755,Hernandez,619,France,Male,39,6,116447.68,1,0,1,71643.9,0
2025,15605987,Lopez,667,France,Male,67,1,120098.46,1,1,1,93467.24,0
2025,15600763,Schäfer,752,Spain,Male,55,9,128643.23,2,1,1,187085.53,0
2025,15607328,Richter,552,Spain,Male,18,10,89996.84,2,0,1,108295.14,0
2025,15606341,Garcia,711,Germany,Male,64,10,123898.42,2,1,0,32365.96,1
2025,15600020,Schäfer,396,France,Female,52,8,0.0,2,1,1,191212.11,0
2025,15604767,Muller,547,Germany,Male,33,2,102864.36,2,0,1,75920.21,0
2025,15602681,Romero,650,Germany,Male,41,8,128032.84,1,1,1,101318.9,1
2025,15603998,Garcia,709,France,Female,25,2,0.0,2,0,0,127063.43,0
2025,15603724,Alonso,513,France,Female,50,10,154681.97,1,1,1,154942.54,1
2025,15603023,Boni,715,France,Female,26,1,0.0,1,1,0,156005.14,0
2025,15605691,Durand,812,France,Male,48,2,0.0,1,1,1,193221.73,0
2025,15602279,Zimmermann,639,France,Male,49,5,73917.65,1,1,1,67061.74,0
2025,15608455,Schröder,557,France,Male,44,1,0.0,1,0,1,152605.66,0
2025,15608065,Alvarez,755,Germany,Male,28,0,129974.92,1,1,0,105206.81,1
2025,15603300,Wolf,739,Germany,Male,29,3,202657.83,1,0,1,145672.26,0
2025,15607086,Rodriguez,794,France,Female,40,8,0.0,2,1,1,91985.5,0
2025,15606298,Dubois,764,Germany,Male,18,7,114657.8,1,1,0,57523.25,0
2025,15606509,Zimmermann,784,Spain,Female,38,2,0.0,1,1,1,68241.2,0
2025,15605190,Garcia,596,France,Male,54,3,145019.85,1,0,0,16367.0,0
2025,15608514,Fischer,666,France,Female,48,6,103890.96,1,1,1,128562.58,1
2025,15603702,Muller,638,France,Male,31,8,100673.16,1,0,0,100707.48,0
2025,15609111,Schmidt,634,France,Female,26,7,165642.38,2,1,0,55844.93,0
2025,15603393,Wagner,714,Germany,Male,58,0,83394.66,1,1,0,113653.64,1
2025,15609547,Gomez,643,Spain,Male,37,6,0.0,1,0,0,118127.43,0
2025,15602201,Richter,733,France,Female,27,0,0.0,1,1,1,129623.99,0
2025,15609688,Michel,721,Spain,Female,47,1,57668.49,1,0,1,157632.12,0
2025,15607506,Zimmermann,477,France,Male,28,9,95037.22,1,1,0,138681.12,1
2025,15601164,Sanchez,588,France,Male,41,3,149758.19,2,1,0,91893.64,0
2025,15606805,Meyer,531,France,Male,43,7,146050.52,1,1,0,13833.65,0
2025,15603217,Lopez,770,Spain,Female,49,6,0.0,1,1,0,99024.36,0
2025,15609811,Navarro,590,Germany,Female,32,4,81940.36,1,1,0,146615.82,1
2025,15606237,Durand,737,France,Female,32,5,126440.04,2,1,0,197801.22,0
2025,15606685,Obinna,644,France,Female,35,2,0.0,1,1,0,145348.64,0
2025,15602638,Boni,707,France,Female,26,7,0.0,2,1,1,107885.73,0
2025,15605827,Dominguez,595,France,Female,27,3,0.0,2,0,0,156112.07,1
2025,15601198,Garcia,590,Spain,Male,42,0,0.0,1,1,1,62573.91,0
2025,15609953,Durand,548,France,Female,34,9,135698.03,1,0,0,75106.19,0
2025,15601087,Meyer,689,Spain,Female,40,3,97509.24,2,0,0,163362.0,0
2025,15605746,Dominguez,642,France,Female,31,3,0.0,1,0,0,137825.85,0
2025,15601039,Becker,767,France,Female,40,4,100884.88,1,0,0,40772.78,0
2025,15607895,Schröder,711,Spain,Male,37,6,0.0,1,1,0,199235.94,0
2025,15602271,Bauer,807,France,Female,60,7,77557.86,1,1,1,104910.36,1
2025,15600485,Gutierrez,683,France,Male,18,6,35955.62,3,1,1,147111.48,0
2025,15603371,Chidiebere,703,France,Female,44,10,143088.03,2,0,1,199525.92,0
2025,15606436,Dominguez,734,France,Female,55,10,126816.7,2,1,1,89283.34,0
2025,15606144,Gomez,471,Spain,Female,28,4,74697.62,2,1,1,39368.1,0
2025,15601110,Romero,350,France,Female,31,7,0.0,1,0,0,23411.93,1
2025,15600780,Laurent,669,France,Female,42,4,0.0,3,0,0,37531.65,1
2025,15605564,Bauer,633,Spain,Female,40,9,0.0,1,0,0,176974.79,0
2025,15604214,Hoffmann,648,France,Male,53,6,75758.16,2,1,0,107644.28,0
2025,15602190,Hargrave,550,Germany,Female,60,3,146714.26,1,1,0,43847.62,1
2025,15607502,Muller,626,France,Male,25,10,0.0,2,0,0,188609.13,0
2025,15608832,Hernandez,744,Spain,Female,36,6,94147.17,2,1,0,112876.72,0
2025,15602397,Jimenez,733,Spain,Female,37,4,0.0,2,0,1,79973.42,0
2025,15605767,Rodriguez,640,France,Male,29,10,0.0,2,1,0,176921.8,0
2025,15602651,Sanchez,601,Spain,Male,38,7,0.0,1,1,1,67075.83,0
2025,15601379,Chu,540,Spain,Male,29,1,65255.81,1,1,1,102891.67,0
2025,15604413,Martinez,614,Germany,Male,39,4,109736.23,2,1,1,34939.64,0
2025,15608025,Lopez,584,France,Male,42,6,0.0,2,1,1,169897.44,0
2025,15602302,Bernard,755,France,Female,46,6,0.0,1,0,0,91056.44,1
2025,15608048,Alonso,701,Germany,Female,33,3,93932.0,1,1,1,127817.53,0
2025,15602873,Alvarez,597,France,Female,44,0,152261.19,2,1,0,162417.59,0
2025,15608476,Moreau,753,France,Male,18,6,144502.79,1,1,0,147805.62,0
2025,15600486,Dupont,534,Germany,Male,47,4,115866.68,1,1,1,89658.59,1
2025,15606598,Gomez,548,Germany,Female,28,8,104633.64,2,1,0,93454.83,0
2025,15608570,Bernard,715,France,Female,34,8,94463.8,2,0,1,67714.89,0
2025,15601692,Zimmermann,656,France,Female,35,2,0.0,2,1,1,125209.79,0
2025,15606429,Moreau,681,France,Male,22,3,15087.04,2,1,0,59191.29,0
2025,15606968,Schneider,600,Germany,Female,39,9,87186.72,2,1,1,108391.25,0
2025,15605047,Onio,642,Spain,Male,42,8,95290.11,1,0,0,196420.08,0
2025,15601359,Koch,572,France,Female,28,4,92430.3,2,0,1,71032.16,0
2025,15603507,Jimenez,756,Germany,Male,46,7,162934.45,1,1,1,170582.93,1
2025,15609698,Rodriguez,575,France,Female,40,6,51859.55,2,0,1,81144.84,0
2025,15604999,Neumann,671,Germany,Male,38,8,127776.05,1,1,0,125934.42,0
2025,15606864,Koch,539,France,Male,24,3,0.0,1,1,1,152881.22,0
2025,15602872,Hernandez,748,Germany,Male,28,4,112129.01,2,1,1,88970.2,0
2025,15605645,Sanchez,610,France,Male,38,7,105119.58,1,1,1,140019.26,0
2025,15604816,Perez,666,Germany,Female,37,2,166338.91,1,0,1,180307.05,0
2025,15606042,Martin,506,France,Female,18,5,0.0,2,1,1,39533.36,0
2025,15606641,Koch,827,Spain,Female,49,6,0.0,1,1,0,52673.74,0
2025,15601719,Bernard,576,France,Female,59,9,71310.25,2,1,0,40692.05,0
2025,15601941,Schulz,615,Germany,Male,38,0,109826.24,2,1,1,190616.46,0
2025,15606650,Muller,643,Spain,Male,44,9,144330.78,2,1,1,163339.64,0
2025,15607390,Garcia,698,Spain,Female,26,8,0.0,1,1,0,166617.29,0
2025,15607403,Thomas,633,France,Male,39,2,0.0,1,1,1,17080.84,0
2025,15603596,Navarro,674,France,Female,52,2,110720.43,2,1,0,98755.68,0
2025,15600712,Schäfer,566,France,Female,43,1,96046.5,2,1,1,182423.69,0
2025,15602855,Rodriguez,609,France,Male,23,7,0.0,2,1,0,43341.14,0
2025,15602152,Richter,647,France,Male,27,8,126747.47,1,0,1,57700.18,0
2025,15607839,Bernard,602,France,Male,45,5,164845.86,1,0,0,16919.58,0
2025,15600264,Klein,675,France,Female,32,7,131199.04,2,1,1,93351.77,0
2025,15609055,Neumann,637,Spain,Female,18,7,71041.63,1,1,1,130163.84,1
2025,15607558,Koch,500,Spain,Female,38,4,0.0,1,0,1,86929.48,0
2025,15606155,Schneider,528,Germany,Male,35,5,136687.86,1,1,1,102492.81,0
2025,15607731,Perez,665,France,Female,60,3,0.0,1,0,0,149957.59,1
2025,15608623,Becker,611,Germany,Female,48,8,150955.75,2,1,0,53589.11,1
2025,15600838,Moreau,593,France,Male,40,4,0.0,2,1,1,103984.2,0
2025,15603482,Alvarez,577,France,Female,38,9,76708.54,2,0,0,92469.19,0
2025,15609770,Obinna,623,France,Female,25,5,0.0,1,1,0,38685.68,0
2025,15609417,Torres,691,France,Female,39,2,167133.72,1,1,1,159964.17,0
2025,15603615,Koch,850,France,Female,33,2,87705.09,1,1,0,100909.49,0
2025,15605889,Schmidt,686,Germany,Male,26,6,118908.91,2,1,0,52713.37,0
2025,15606225,Neumann,499,France,Female,40,7,0.0,2,0,0,173456.85,0
2025,15600340,Fischer,702,France,Female,25,10,120630.9,2,1,0,49473.26,0
2025,15606199,Petit,708,France,Male,50,10,131954.99,2,0,0,106603.0,1
2025,15604440,Munoz,636,France,Female,31,7,0.0,1,1,0,138077.34,0
2025,15603005,Petit,743,Germany,Female,42,0,149210.25,1,1,0,42179.81,1
2025,15607914,Meyer,705,Spain,Male,65,3,0.0,2,1,1,145198.43,0
2025,15606349,Gomez,610,Spain,Male,46,3,77655.27,1,0,1,53124.07,0
2025,15602194,Garcia,640,France,Male,34,3,0.0,3,1,0,25106.64,1
2025,15606796,Wolf,701,France,Male,48,4,0.0,2,0,1,87821.62,0
2025,15607661,Ruiz,607,France,Female,40,4,106763.94,2,0,1,145983.35,0
2025,15600927,Wagner,732,Spain,Male,30,10,111902.27,2,1,1,67707.65,0
2025,15606771,Neumann,573,Spain,Female,26,2,101147.41,2,1,0,94925.45,0
2025,15604503,Wolf,531,France,Male,38,5,115270.67,1,1,0,75059.47,0
2025,15604057,Moreau,783,Spain,Female,18,3,0.0,1,1,1,122919.81,0
2025,15609045,Zimmermann,663,Spain,Female,59,8,0.0,1,1,1,137469.84,0
2025,15607709,Rodriguez,524,France,Male,50,0,134404.11,1,1,0,99119.45,1
2025,15606082,Bartlett,448,France,Female,41,0,0.0,2,1,1,150574.36,0
2025,15604633,Perez,594,Germany,Female,41,0,114374.21,1,1,1,29555.82,1
2025,15603746,Onio,653,France,Female,40,3,98905.82,2,1,0,141735.41,0
2025,15606395,Petit,648,Germany,Female,25,2,101062.55,1,1,1,52139.72,0
2025,15601377,Bauer,594,Germany,Male,51,9,74687.41,4,1,0,85702.2,1
2025,15608109,Martinez,643,Germany,Male,51,2,67612.28,1,0,0,175780.42,1
2025,15604404,Diaz,592,Germany,Female,42,3,124094.05,1,0,0,150397.27,1
2025,15601841,Robert,628,Germany,Male,18,2,61183.12,1,0,0,152637.56,0
2025,15602251,Torres,669,France,Male,37,4,126553.88,1,1,0,167104.96,0
2025,15600267,Robert,535,Germany,Female,38,1,107372.08,2,0,1,132967.37,0
2025,15608449,Perez,683,Germany,Male,37,1,182585.08,1,1,0,78432.09,0
2025,15601806,Klein,655,France,Male,44,10,69152.07,2,1,0,122697.74,0
2025,15606234,Zimmermann,662,France,Male,32,0,0.0,2,0,1,113092.46,0
2025,15606519,Wolf,623,Spain,Male,28,3,0.0,1,1,0,176672.66,0
2025,15600252,Schneider,648,France,Male,36,7,130919.58,2,0,0,148102.97,0
2025,15604631,Chidiebere,682,Germany,Female,20,4,163655.15,1,1,0,123741.94,1
2025,15607221,Schröder,681,Spain,Female,38,4,0.0,2,0,1,57121.4,0
2025,15601370,Obinna,634,Germany,Female,34,10,83006.21,2,1,0,136521.08,0
2025,15604003,Laurent,605,Spain,Female,30,10,0.0,2,1,1,25455.36,0
2025,15603636,Chidiebere,642,Spain,Female,31,5,0.0,1,1,1,160506.28,0
2025,15605817,Gomez,503,France,Male,34,4,94108.61,1,1,1,19713.32,0
2025,15609204,He,544,Spain,Female,42,0,84033.34,1,1,1,129435.8,0
2025,15604028,Becker,762,Germany,Female,30,10,128783.11,1,1,1,82014.01,0
2025,15605609,Fischer,684,France,Female,54,9,0.0,1,0,0,159310.41,0
2025,15607789,Becker,692,Spain,Male,23,5,0.0,1,1,1,133424.0,0
2025,15608946,Schmidt,640,Germany,Female,46,10,101620.8,1,1,1,82670.88,1
2025,15605349,Boni,627,France,Male,50,0,0.0,1,1,0,161450.0,0
2025,15607663,Richard,528,France,Male,39,1,0.0,1,1,0,68152.55,0
2025,15604600,Klein,686,France,Female,54,6,0.0,1,1,0,49746.74,0
2025,15608522,Lopez,685,France,Male,31,8,0.0,2,1,1,186350.05,0
2025,15607255,Smith,599,Spain,Male,50,3,0.0,2,1,1,35319.07,0
2025,15601598,Romero,674,France,Female,43,5,130933.62,2,1,1,64562.62,0
2025,15608600,Schneider,749,France,Male,46,2,78130.13,4,0,1,10378.38,0
2025,15603969,Weber,730,Spain,Male,36,2,0.0,2,1,1,189603.81,0
2025,15600078,Michel,671,Spain,Female,36,10,0.0,1,1,0,122800.76,0
2025,15602941,Martin,576,France,Male,36,4,86033.58,2,1,1,149583.06,0
2025,15608362,Jimenez,570,France,Male,56,5,0.0,1,1,1,179839.23,0
2025,15605074,Schwarz,653,France,Female,39,9,0.0,1,0,1,156583.79,0
2025,15608237,Diaz,576,France,Male,43,8,51985.91,2,0,0,182322.83,0
2025,15602577,Chu,798,France,Male,42,0,0.0,1,0,0,53476.08,0
2025,15601532,Richter,740,France,Male,41,9,0.0,1,0,1,89780.78,0
2025,15601149,Lopez,728,Spain,Male,45,0,141071.85,2,0,0,17813.72,0
2025,15602366,Chu,665,Germany,Female,46,3,125873.32,1,1,0,78863.67,1
2025,15609523,Romero,579,France,Female,47,7,0.0,1,1,1,155052.16,0
2025,15601366,Obinna,535,Spain,Female,54,0,0.0,2,0,0,33497.72,0
2025,15604545,Durand,536,France,Female,29,8,0.0,2,1,1,108948.1,0
2025,15609321,Obinna,694,France,Male,35,6,128743.58,2,1,1,187441.63,0
2025,15605285,Robert,758,Spain,Male,28,9,0.0,1,0,0,58889.77,0
2025,15606773,Schmidt,629,France,Female,48,5,100032.62,2,1,1,100634.92,0
2025,15604402,Durand,563,France,Female,32,10,107356.5,2,1,1,167086.02,0
2025,15605206,Torres,595,France,Male,33,6,64505.14,2,1,1,66618.04,0
2025,15608635,Hernandez,806,France,Male,50,8,0.0,1,1,1,199361.47,0
2025,15607134,Michel,647,Spain,Male,60,2,134325.93,1,1,0,97554.89,1
2025,15603465,Rodriguez,698,France,Female,19,7,144013.36,1,1,1,49488.9,0
2025,15609536,Lopez,692,Spain,Male,24,0,0.0,1,1,1,18288.53,0
2025,15609829,Schmidt,549,Germany,Female,40,8,120403.03,1,1,1,75310.19,0
2025,15609343,Dominguez,616,Spain,Female,32,5,0.0,1,0,0,18006.58,0
2025,15604885,Sanchez,573,France,Male,42,2,49792.12,1,0,1,71036.72,0
2025,15606948,Dupont,726,Spain,Male,35,5,0.0,1,1,0,171056.7,0
2025,15603182,Dominguez,568,Spain,Female,18,6,0.0,2,0,1,47107.82,0
2025,15604184,Gomez,477,France,Female,50,7,0.0,1,1,1,13258.06,0
2025,15601158,Hargrave,650,France,Female,32,8,118502.91,1,1,1,123920.55,1
2025,15605680,Thomas,609,Spain,Male,18,5,0.0,1,1,0,77892.77,0
2025,15603058,Perez,697,France,Male,34,4,0.0,1,0,0,49688.0,0
2025,15601499,Hernandez,527,France,Male,24,8,0.0,2,1,1,160840.78,0
2025,15609728,Chidiebere,630,France,Female,45,9,109642.91,2,1,0,143216.45,0
2025,15602501,Gutierrez,674,France,Male,45,10,0.0,2,1,0,173223.58,0
2025,15601954,Torres,776,France,Female,23,10,0.0,2,1,0,199050.54,0
2025,15600965,Schröder,647,Spain,Female,49,7,133775.62,2,1,1,56738.34,1
2025,15602565,Schröder,512,France,Female,61,7,0.0,2,0,1,163419.05,0
2025,15608125,Hoffmann,712,France,Male,61,1,0.0,2,0,1,76153.8,0
2025,15607531,Petit,632,Germany,Male,31,0,167619.04,2,0,1,188654.72,0
2025,15600694,Schwarz,556,France,Male,25,8,0.0,2,1,0,123198.09,0
2025,15604834,Romero,483,France,Male,35,3,108798.86,1,0,0,69791.2,1
2025,15605033,Petit,561,France,Male,49,5,108307.25,2,1,1,65526.44,0
2025,15602436,Chu,684,Spain,Male,48,9,0.0,1,1,1,105679.16,0
2025,15606558,Klein,616,France,Male,41,2,153274.01,2,1,1,189277.18,0
2025,15605783,Richter,698,France,Male,25,3,0.0,2,1,1,164316.25,0
2025,15607426,Boni,534,Germany,Female,39,1,48468.38,1,1,0,85893.02,1
2025,15606666,Bernard,715,France,Male,27,8,88669.61,1,1,1,126044.66,0
2025,15601413,Neumann,599,France,Female,37,8,0.0,1,1,0,173711.77,0
2025,15605057,Klein,850,Germany,Male,41,2,131425.82,2,1,1,158613.45,1
2025,15607040,Bartlett,679,France,Male,39,9,103209.22,2,0,0,56813.36,0
2025,15602883,Muller,655,Spain,Female,41,7,0.0,2,0,0,49808.78,0
2025,15602850,Schulz,732,Spain,Male,45,5,0.0,1,0,1,168871.58,0
2025,15600935,Schmidt,621,France,Female,57,1,0.0,2,0,1,38155.54,0
2025,15607189,Martinez,713,Germany,Male,39,2,90320.48,1,1,1,72187.52,0
2025,15603215,Obinna,694,Germany,Male,48,4,118883.67,2,1,1,117859.06,1
2025,15605007,Hill,799,France,Male,44,3,169663.67,1,1,0,95969.25,0
2025,15603183,Bartlett,556,Germany,Male,26,1,90197.74,2,0,1,15472.27,0
2025,15607085,Schulz,786,France,Male,27,0,126450.23,2,1,0,81164.41,0
2025,15602567,Chu,664,Spain,Female,39,9,0.0,2,1,1,131219.96,0
2025,15605235,Zimmermann,612,France,Female,35,1,138390.41,1,1,1,57341.61,0
2025,15604323,Thomas,708,France,Female,35,5,0.0,1,1,0,10539.54,0
2025,15604009,Martin,691,France,Female,46,9,105310.19,2,1,0,105736.29,0
2025,15605494,Chu,600,Spain,Male,26,6,0.0,1,1,0,71468.77,0
2025,15602149,Martin,686,Spain,Male,55,1,80266.34,2,1,0,146844.32,0
2025,15600933,Laurent,616,France,Male,47,1,91723.84,2,1,1,144275.16,0
2025,15603748,Petit,648,Germany,Male,55,1,111744.61,2,1,1,75319.72,1
2025,15601614,Neumann,609,Spain,Male,23,6,0.0,1,1,0,189590.4,0
2025,15602670,Torres,530,France,Female,36,0,118118.65,1,1,0,124670.8,0
2025,15608121,Thomas,545,France,Female,42,5,0.0,2,1,1,59652.86,1
2025,15608533,Moreno,615,Germany,Male,56,7,77536.76,2,1,0,40695.57,1
2025,15606941,Martin,704,France,Female,38,1,0.0,2,0,1,94863.09,0
2025,15606549,Munoz,677,Germany,Female,40,1,131763.09,2,1,1,84051.44,0
2025,15600833,Muller,716,Germany,Female,47,8,110673.22,2,1,0,91887.58,1
2025,15604729,Bartlett,699,France,Female,29,1,0.0,1,0,0,82764.3,0
2025,15600512,Durand,747,France,Male,39,7,86400.88,2,1,1,12290.06,0
2025,15606520,Richard,524,Germany,Male,39,5,141089.64,1,1,0,186649.47,1
2025,15609501,Gutierrez,724,Germany,Female,32,3,138893.39,3,1,0,76150.96,1
2025,15607664,Robert,548,Germany,Male,33,5,122229.0,1,1,1,180371.1,0
2025,15608710,Rodriguez,548,Germany,Male,24,2,83459.44,1,1,1,117547.25,0
2025,15602280,Richter,713,France,Male,49,8,122578.26,1,1,0,38907.22,0
2025,15601685,Muller,780,France,Male,23,2,112696.37,2,0,0,97786.0,0
2025,15601759,Navarro,689,France,Male,52,10,0.0,2,1,0,163049.36,0
2025,15605773,Thomas,593,Spain,Female,51,3,0.0,1,1,1,177274.66,0
2025,15600036,Gomez,655,Spain,Male,44,6,125526.59,1,1,1,100067.15,0
2025,15609496,Smith,588,Germany,Male,49,6,139512.15,1,1,1,89539.85,1
2025,15603518,Durand,528,France,Male,37,8,0.0,1,0,0,67254.16,0
2025,15608765,Koch,730,Spain,Female,42,3,0.0,1,1,1,62755.52,0
2025,15603682,Hill,749,France,Male,22,10,0.0,1,1,1,37605.09,0
2025,15601616,Alvarez,850,Spain,Male,38,0,189529.88,1,0,0,179887.18,1
2025,15605030,Garcia,637,France,Female,33,5,94393.01,1,1,1,85507.45,0
2025,15606040,Navarro,665,Spain,Male,30,0,0.0,2,0,0,109725.38,0
2025,15600239,Alvarez,588,France,Female,49,5,102270.2,1,0,0,178158.32,0
2025,15603240,Schulz,630,France,Male,52,10,160949.44,1,1,0,77392.01,0
2025,15603540,Wagner,620,France,Male,29,3,0.0,1,1,0,116261.43,0
2025,15605384,Chidiebere,758,France,Male,53,10,110001.94,1,0,0,29349.91,0
2025,15605246,Sanchez,701,France,Female,44,1,0.0,1,1,0,29036.25,0
2025,15607813,Obinna,695,Germany,Female,22,8,126936.52,1,0,0,16089.36,0
2025,15601511,Braun,751,Spain,Male,18,0,0.0,2,1,1,20808.27,0
2025,15605158,Michel,794,Spain,Female,22,1,0.0,1,1,1,48791.27,0
2025,15603318,Smith,625,Germany,Female,24,4,89759.51,2,1,0,32574.84,0
2025,15606535,Rodriguez,566,France,Female,49,7,0.0,2,1,1,88935.43,0
2025,15609119,Bernard,730,Spain,Male,43,6,0.0,1,1,1,42065.35,0
2025,15603785,Alonso,624,Germany,Female,36,3,108485.9,1,1,0,172963.7,0
2025,15609680,Krüger,749,Spain,Female,44,4,46256.02,2,1,0,51345.81,0
2025,15604586,Petit,686,France,Male,42,9,114910.38,1,1,0,144474.25,0
2025,15602711,Garcia,688,France,Male,33,6,0.0,1,1,0,125681.46,0
2025,15608344,Bernard,571,France,Male,31,7,105840.68,1,1,1,56476.24,0
2025,15604521,Wagner,525,Spain,Male,40,0,0.0,1,1,0,98405.47,0
2025,15601429,Dominguez,590,France,Male,41,4,125230.13,1,1,0,156033.59,0
2025,15604227,Michel,717,France,Male,23,4,56506.12,1,1,0,40940.95,0
2025,15601998,Zimmermann,641,France,Male,40,9,0.0,1,1,1,76877.09,0
2025,15607526,Lefebvre,743,Germany,Female,69,1,128767.27,1,1,1,188395.78,1
2025,15601346,Leroy,831,France,Female,51,5,0.0,1,1,1,33919.87,0
2025,15606554,Neumann,696,France,Male,63,0,132871.84,3,1,0,187165.51,1
2025,15605547,Koch,656,Germany,Female,36,1,77139.56,2,1,1,11249.28,0
2025,15608532,Thomas,567,France,Female,34,7,0.0,1,1,1,69500.52,0
2025,15605308,Dominguez,720,Spain,Female,25,4,0.0,1,1,1,63297.55,0
2025,15609339,Bartlett,676,Spain,Female,54,10,201724.11,2,1,1,16914.79,0
2025,15600185,Krüger,511,France,Male,43,4,0.0,2,1,0,154985.5,0
2025,15600942,Rodriguez,755,Germany,Male,51,10,117766.19,2,0,0,181110.18,1
2025,15605822,Navarro,607,France,Female,34,6,0.0,2,1,1,165660.77,0
2025,15606637,Hernandez,608,France,Male,39,1,81381.28,1,1,1,120315.34,0
2025,15600366,Neumann,643,France,Female,25,0,106296.71,1,1,1,155728.73,0
2025,15602459,Schäfer,535,Germany,Male,32,1,85918.9,2,0,0,124503.61,0
2025,15600550,Neumann,850,Spain,Female,40,6,0.0,1,0,1,191457.58,0
2025,15607510,Zimmermann,536,France,Male,35,4,97893.39,1,1,1,96552.69,0
2025,15603706,Bauer,556,Germany,Male,39,3,139198.22,2,1,0,105982.47,0
2025,15605707,Gutierrez,728,Spain,Female,38,8,0.0,2,1,1,198052.25,0
2025,15605914,Schröder,732,France,Male,51,0,88789.22,1,1,0,185576.06,0
2025,15603589,Romero,643,Germany,Female,43,10,113988.2,1,1,1,179427.5,1
2025,15600799,Chu,533,Germany,Female,43,9,91356.55,1,1,0,23366.65,1
2025,15603900,Laurent,617,France,Female,33,3,84868.94,3,1,1,70228.36,1
2025,15606884,Schäfer,597,France,Male,33,2,0.0,2,1,0,185681.02,0
2025,15603956,Jimenez,557,Spain,Female,37,0,82895.16,2,1,1,75188.51,0
2025,15607069,Chidiebere,639,Germany,Female,36,8,85680.08,2,1,1,140607.97,0
2025,15601694,Munoz,677,Germany,Male,30,5,128123.15,3,1,0,149481.11,1
2025,15606424,Bauer,719,Spain,Male,24,1,0.0,2,1,1,36203.61,0
2025,15603730,Petit,609,France,Female,34,7,0.0,1,1,0,87459.81,1
2025,15602810,Chidiebere,850,France,Female,43,4,76358.36,2,1,1,149746.29,0
2025,15602555,He,850,Germany,Female,45,0,112625.24,2,0,0,179508.57,1
2025,15602853,Schneider,626,Germany,Female,39,0,89721.29,1,1,1,72672.81,0
2025,15609797,Simon,672,Germany,Male,41,5,93035.04,1,0,1,118081.4,1
2025,15605981,Martin,560,France,Female,38,5,124598.77,1,1,0,57034.67,0
2025,15606810,Romero,850,Spain,Male,37,0,128183.09,1,1,0,194652.89,0
2025,15600950,Meyer,827,Germany,Male,36,9,113187.98,2,1,0,129255.37,0
2025,15600703,Becker,675,France,Male,46,10,64741.38,1,1,1,143272.89,0
2025,15603407,Petit,575,France,Male,32,8,121359.72,1,1,0,196836.34,0
2025,15602420,Munoz,727,France,Male,51,2,0.0,2,1,1,62962.2,0
2025,15600856,Diaz,764,France,Female,38,8,0.0,1,1,0,42937.15,0
2025,15609298,Schwarz,595,France,Male,39,4,0.0,2,1,1,174560.46,0
2025,15600201,Petit,837,France,Female,51,5,0.0,2,1,0,143686.09,0
2025,15602825,Obinna,709,France,Female,52,7,118014.71,1,1,1,62817.66,0
2025,15608609,Onio,744,Spain,Female,39,7,82112.89,2,1,0,68804.76,0
2025,15604099,He,574,Spain,Female,49,8,0.0,2,0,0,23945.21,0
2025,15607986,Laurent,735,Germany,Male,43,3,125602.84,1,1,0,171265.86,1
2025,15604821,Moreau,665,France,Female,41,5,73071.81,1,1,0,133677.49,0
2025,15605566,Ruiz,631,France,Male,57,6,0.0,1,0,0,42080.34,1
2025,15606327,Martin,612,Spain,Female,24,9,159856.08,2,1,1,32363.52,0
2025,15607452,Lefebvre,799,Germany,Male,30,1,133909.0,1,0,0,151541.27,0
2025,15603204,Garcia,571,Germany,Male,31,1,122129.71,2,1,0,157447.25,0
2025,15603064,Mitchell,689,Spain,Female,41,9,0.0,1,1,0,38832.85,1
2025,15603651,Moreau,594,France,Female,39,3,0.0,2,1,0,142933.19,0
2025,15607494,Dominguez,703,Germany,Male,39,4,97711.12,1,1,1,144379.14,0
2025,15608744,Meyer,652,Germany,Female,31,9,100560.18,1,1,1,62365.91,0
2025,15605633,Richter,640,Germany,Male,46,3,144175.89,2,0,1,128322.45,1
2025,15604755,Robert,764,France,Male,37,8,0.0,1,1,1,138177.28,0
2025,15609461,Koch,735,Germany,Female,48,0,116848.94,2,1,0,69303.81,1
2025,15607971,Dominguez,729,Germany,Male,53,8,164334.32,2,1,1,30281.84,1
2025,15607402,Martin,561,Spain,Male,55,1,74409.4,2,1,1,52562.1,0
2025,15608974,Romero,625,France,Female,37,5,179140.01,1,0,1,42732.45,1
2025,15601818,Diaz,696,France,Male,18,9,0.0,1,1,0,162894.39,0
2025,15602119,Bernard,492,France,Female,61,6,0.0,1,1,0,64277.4,1
2025,15607376,Navarro,707,Spain,Male,26,1,57920.72,1,1,1,178195.74,0
2025,15608441,Gomez,674,Germany,Male,34,9,136044.71,1,1,1,140121.69,0
2025,15600867,Obinna,646,Germany,Female,47,3,54122.62,2,1,1,125339.03,1
2025,15603526,Ruiz,602,France,Female,47,1,113399.6,2,1,0,183981.74,0
2025,15606522,Schröder,745,Spain,Male,41,10,131956.28,1,1,0,53064.3,0
2025,15602716,Moreau,646,France,Female,29,0,0.0,1,0,1,18436.19,0
2025,15606165,Jimenez,816,Spain,Male,44,4,0.0,1,0,0,128301.52,0
2025,15603273,Klein,607,Germany,Female,42,5,106658.5,2,1,1,66268.12,1
2025,15605298,Schulz,386,France,Male,50,9,0.0,1,0,0,115686.65,0
2025,15608915,Moreno,711,France,Female,47,7,0.0,1,0,0,134512.42,0
2025,15605284,Durand,564,Germany,Male,49,0,119110.07,2,1,1,151926.8,1
2025,15604613,Richard,696,France,Female,29,4,0.0,2,1,0,133464.12,0
2025,15607525,Schulz,573,France,Male,49,5,0.0,2,1,1,130128.99,0
2025,15605019,Hill,693,France,Female,37,6,85659.04,2,1,0,58865.04,1
2025,15605300,Ruiz,751,France,Female,18,7,115757.48,1,1,0,199130.6,0
2025,15601362,Garcia,669,France,Male,43,0,134607.03,1,1,0,81261.16,0
2025,15602908,Martin,579,France,Female,52,4,0.0,2,1,0,93895.95,0
2025,15605445,Schulz,712,France,Female,42,2,135555.59,1,1,1,31187.55,0
2025,15605387,Richard,575,Germany,Male,26,4,115334.55,1,1,1,190565.49,0
2025,15608174,Schulz,697,France,Female,47,7,0.0,1,1,0,103469.69,1
2025,15607151,Dominguez,693,France,Male,38,4,126356.09,2,1,0,198076.09,0
2025,15600895,Ruiz,522,Germany,Female,26,8,129071.47,1,1,0,177761.8,0
2025,15600696,Schmidt,735,Spain,Female,33,3,114822.28,2,1,1,144619.38,0
2025,15605227,Hoffmann,649,France,Female,53,2,50798.97,2,1,0,35117.52,0
2025,15608685,Leroy,648,Germany,Male,44,7,124671.51,1,0,1,148034.16,1
2025,15604398,Schwarz,441,France,Male,19,0,0.0,1,1,1,12356.77,0
2025,15606654,Wolf,589,Germany,Male,37,1,142784.95,2,1,0,20971.87,0
2025,15605747,Martinez,741,Germany,Female,40,2,152540.97,1,1,0,86643.38,0
2025,15607730,Weber,461,Germany,Male,39,5,144848.09,2,1,1,127142.31,0
2025,15607771,Diaz,630,Germany,Male,41,3,53382.32,1,0,0,150280.72,1
2025,15600301,Garcia,730,France,Female,50,6,0.0,2,1,1,177569.95,0
2025,15604453,Meyer,660,Spain,Male,41,7,0.0,1,0,0,24036.43,0
2025,15603426,Becker,740,Spain,Male,19,7,0.0,3,1,1,31755.66,0
2025,15605666,Durand,836,Spain,Male,36,0,0.0,1,1,0,61439.56,0
2025,15608372,Durand,600,France,Male,32,8,0.0,1,0,0,177437.64,0
2025,15609063,Romero,850,France,Female,39,1,147600.09,1,0,0,176779.21,0
2025,15607754,Diaz,600,Spain,Female,44,2,0.0,2,0,1,150199.35,0
2025,15604769,Garcia,716,France,Male,34,4,130578.57,1,1,1,142829.34,0
2025,15603925,Schröder,594,France,Female,32,10,108152.12,1,1,0,158328.94,0
2025,15607505,Diaz,463,France,Male,44,9,120692.77,2,0,0,146756.22,0
2025,15608454,Smith,631,Spain,Female,37,6,27526.12,1,0,0,85157.39,0
2025,15608382,Hargrave,670,Germany,Male,37,4,129586.79,1,1,0,26116.17,0
2025,15603088,Becker,742,Spain,Male,32,0,154281.83,2,0,0,62593.07,0
2025,15608906,Muller,532,France,Male,22,6,136213.81,1,1,1,141178.54,0
2025,15603466,Richard,599,Spain,Female,34,6,0.0,2,1,0,150475.08,0
2025,15605859,Hernandez,659,Germany,Female,26,6,148202.63,1,1,0,23542.71,0
2025,15601262,Durand,572,Spain,Female,23,5,0.0,2,1,1,182452.15,0
2025,15605395,Richter,702,France,Male,43,1,64073.04,1,0,1,85552.63,0
2025,15602069,Munoz,536,Spain,Female,37,4,114540.86,2,0,0,101721.63,0
2025,15609815,Schröder,637,Germany,Male,33,2,110605.79,2,0,1,108831.12,0
2025,15602480,Durand,689,Spain,Male,51,4,0.0,2,0,1,178542.17,0
2025,15609013,Gutierrez,689,France,Female,30,1,125153.3,2,1,1,196088.8,0
2025,15608716,Dominguez,631,France,Female,43,8,134283.03,1,1,0,165203.39,0
2025,15607343,Koch,637,France,Male,42,10,124316.26,1,0,1,93474.71,0
2025,15605513,Boni,652,Germany,Female,48,0,69149.31,2,1,0,12219.01,1
2025,15603351,Durand,752,France,Male,53,8,0.0,1,1,0,95588.34,0
2025,15606513,Schäfer,622,Spain,Female,25,4,57548.33,3,1,1,188128.82,0
2025,15606518,Braun,769,Spain,Male,30,10,0.0,2,1,1,36885.58,0
2025,15607542,Navarro,601,Spain,Female,22,0,165391.52,1,1,1,175750.99,0
2025,15608257,Gomez,690,France,Female,64,0,0.0,2,1,1,166250.91,0
2025,15600566,Smith,571,Germany,Female,34,7,158093.58,1,1,1,31719.2,0
2025,15607729,Hargrave,773,Spain,Female,35,8,100347.35,1,1,1,74624.63,0
2025,15608203,Leroy,763,France,Male,40,5,80901.79,2,1,1,162507.79,0
2025,15602386,Martinez,611,France,Male,26,3,0.0,1,1,1,106093.71,0
2025,15606534,Richard,747,France,Male,47,6,0.0,2,1,0,106841.05,0
2025,15603591,Ruiz,584,Spain,Male,33,5,116888.3,1,0,0,49227.21,0
2025,15601717,Gomez,663,France,Male,33,10,155095.63,1,0,1,95848.38,0
2025,15608658,Martin,535,Spain,Male,35,1,0.0,2,1,1,115023.9,0
2025,15603781,Alonso,847,Germany,Male,49,2,74028.38,1,1,1,137532.48,1
2025,15605957,Torres,746,Spain,Female,47,6,51366.19,1,0,0,132241.93,0
2025,15600220,Wolf,498,Spain,Female,28,0,0.0,2,1,1,131549.76,0
2025,15609997,Munoz,691,France,Female,27,0,70466.63,1,1,0,184256.12,0
2025,15606288,Wolf,679,France,Male,38,4,0.0,2,1,1,21529.54,0
2025,15605584,Obinna,635,Spain,Male,54,3,0.0,1,1,1,184297.23,0
2025,15601473,Thomas,564,France,Female,46,3,0.0,2,1,1,150866.58,0
2025,15608473,Koch,691,France,Male,50,1,118924.64,1,1,1,180619.72,0
2025,15604851,Schulz,850,Spain,Female,33,4,108150.16,2,0,1,11056.93,0
2025,15601636,Schulz,607,France,Male,45,10,0.0,1,0,0,99230.41,1
2025,15608323,Chu,812,France,Male,18,7,97051.28,2,1,0,117839.47,0
2025,15608587,Munoz,665,Germany,Male,34,2,116978.33,1,1,0,140741.19,0
2025,15602990,Lefebvre,593,France,Male,34,8,0.0,2,1,0,133709.8,0
2025,15603218,Rodriguez,801,France,Female,49,0,124547.27,1,1,0,154682.14,0
2025,15607473,Leroy,694,Spain,Male,41,1,0.0,2,1,0,50816.24,0
2025,15607625,Chu,565,Spain,Male,38,6,0.0,1,1,0,129989.14,0
2025,15608562,Richard,716,Spain,Male,42,2,0.0,2,1,0,10880.57,0
2025,15603080,Laurent,656,France,Female,20,3,0.0,1,0,1,111940.03,0
2025,15602669,Wagner,465,France,Male,45,4,94711.46,1,0,0,56189.27,0
2025,15601985,Mitchell,651,Germany,Female,31,7,134183.03,1,1,1,42898.23,0
2025,15606405,Chu,667,France,Female,45,8,128866.31,1,0,0,163570.73,1
2025,15604717,Braun,835,Spain,Male,54,4,115118.25,2,1,0,29075.09,0
2025,15609322,Gutierrez,675,Spain,Male,26,2,0.0,2,0,0,69194.88,0
2025,15605184,Hargrave,456,France,Female,46,6,0.0,1,0,1,146344.63,0
2025,15605693,Moreno,610,France,Female,45,10,78851.75,1,1,1,75248.7,0
2025,15606020,Lefebvre,683,France,Female,25,0,116095.11,2,1,1,25318.77,0
2025,15602387,Becker,808,France,Female,54,8,0.0,2,1,0,114645.01,0
2025,15608190,Braun,568,France,Male,58,2,44494.55,2,1,1,95321.8,0
2025,15607183,Robert,696,France,Female,47,2,0.0,2,1,1,127277.43,0
2025,15601455,Michel,692,Germany,Male,36,8,86261.45,3,1,1,135011.18,0
2025,15609200,Rodriguez,593,Germany,Male,36,3,66187.56,1,1,0,106607.52,0
2025,15607892,Meyer,618,Spain,Male,32,9,0.0,2,0,1,36744.13,0
2025,15601645,Jimenez,619,Germany,Female,49,2,106459.0,2,1,1,46000.09,1
2025,15605695,Klein,493,France,Male,24,2,0.0,1,1,1,124028.78,0
2025,15608802,Koch,649,France,Male,41,3,127732.0,1,1,0,50255.49,0
2025,15607501,Boni,633,France,Female,43,9,146234.31,2,0,0,60318.13,0
2025,15607492,Garcia,699,Germany,Male,27,8,145886.54,4,1,0,130102.54,1
2025,15601115,Muller,664,France,Female,51,7,0.0,1,0,1,134694.46,0
2025,15604869,Simon,582,France,Male,26,10,0.0,1,1,0,21158.09,0
2025,15605333,Muller,809,France,Male,43,9,118279.51,1,1,1,154885.28,0
2025,15606746,Navarro,767,Germany,Female,23,4,144197.63,1,0,0,12480.02,0
2025,15606680,Moreau,697,France,Male,18,9,86560.14,2,1,1,33123.59,0
2025,15608793,Obinna,608,France,Female,37,4,0.0,2,1,1,36755.01,0
2025,15602742,Chu,725,Spain,Female,46,0,127513.43,2,0,1,117059.13,0
2025,15603606,Hoffmann,553,Spain,Female,39,1,0.0,2,1,1,107982.42,0
2025,15602699,Hoffmann,652,Germany,Male,58,4,129579.95,1,0,0,95494.58,1
2025,15608072,Boni,616,France,Female,43,6,43171.38,1,0,1,143722.79,1
2025,15607118,Martin,544,France,Female,41,0,90147.84,2,1,0,108006.12,0
2025,15609517,Fischer,787,Germany,Female,57,9,126780.48,2,1,0,175480.15,1
2025,15606894,Richard,649,France,Male,29,8,0.0,2,1,0,31504.32,0
2025,15602721,Martinez,655,Spain,Male,44,7,0.0,1,1,1,106885.75,0
2025,15609181,Weber,734,Spain,Female,50,9,134354.96,2,1,0,66263.86,0
2025,15607745,He,578,Germany,Female,52,5,165402.94,1,0,0,19471.0,1
2025,15602495,Sanchez,624,Spain,Male,34,3,71089.74,2,1,1,126149.17,0
2025,15607604,Munoz,593,Spain,Male,40,6,124595.91,1,1,1,24766.23,0
2025,15608861,Obinna,668,France,Male,29,1,0.0,2,1,0,108817.11,0
2025,15609151,Alonso,686,France,Male,52,9,0.0,2,1,1,123549.24,0
2025,15601601,Weber,705,France,Female,39,3,0.0,2,1,0,75115.53,1
2025,15605051,Bernard,755,Germany,Male,29,8,132325.47,2,0,0,64257.19,0
2025,15604864,Rodriguez,691,Germany,Female,44,10,115942.85,1,1,0,66489.43,1
2025,15609814,Smith,799,Germany,Female,51,7,188498.55,1,1,1,76940.89,1
2025,15608764,Robert,533,Spain,Female,38,1,102493.98,1,1,1,147219.7,0
2025,15607951,Chidiebere,677,Spain,Female,35,7,136333.76,1,1,0,25182.28,0
2025,15602020,Obinna,578,Germany,Male,28,4,108408.1,2,1,1,64916.29,0
2025,15602061,Thomas,675,France,Female,44,1,0.0,3,1,0,178256.85,1
2025,15602958,Hill,549,France,Female,67,3,0.0,2,1,1,64491.49,0
2025,15607807,Fischer,665,Germany,Female,49,8,122356.33,1,1,0,157035.73,1
2025,15606411,Martin,711,Spain,Female,37,1,0.0,1,1,0,26510.51,0
2025,15607944,Petit,818,France,Female,46,10,119140.74,2,1,1,195566.77,0
2025,15608044,He,596,Germany,Male,36,6,122398.48,2,1,1,166037.24,0
2025,15603449,Diaz,594,France,Male,28,7,0.0,2,1,1,36289.0,0
2025,15602260,Wolf,651,Spain,Male,18,1,86990.64,1,1,1,28758.8,0
2025,15603560,Petit,725,France,Male,57,0,0.0,1,1,0,166359.55,1
2025,15601369,Robert,459,France,Female,45,2,0.0,2,0,0,63621.7,0
2025,15600518,Torres,658,Spain,Male,45,10,0.0,2,1,1,26508.01,0
2025,15607360,Michel,548,France,Female,34,1,0.0,2,1,1,48385.24,0
2025,15604039,Richard,635,France,Male,33,4,0.0,2,1,0,27562.12,1
2025,15602198,Bernard,528,France,Female,39,0,0.0,1,1,1,120302.7,0
2025,15602466,Martin,604,Germany,Male,48,1,130543.07,1,1,0,154018.42,1
2025,15602202,Michel,523,Germany,Male,37,4,135523.19,1,1,1,67771.17,0
2025,15609582,Schmidt,692,France,Male,47,2,0.0,2,1,0,106795.62,0
2025,15608538,Muller,839,Spain,Female,29,5,95445.23,1,1,1,50407.35,0
2025,15607388,Leroy,548,Spain,Female,44,2,91328.09,1,0,0,85715.41,0
2025,15605614,Chidiebere,580,Germany,Male,38,6,152113.53,2,0,0,166798.08,0
2025,15609514,Schneider,762,Spain,Male,40,4,0.0,2,1,1,112070.39,0
2025,15604268,Perez,629,Germany,Female,33,3,133011.87,1,0,0,69780.56,0
2025,15604685,Hargrave,684,Germany,Male,54,5,111091.52,1,1,1,22197.83,1
2025,15608273,Wagner,558,Spain,Male,32,3,135316.33,3,0,1,85076.8,0
2025,15608865,Robert,388,Germany,Male,54,6,124621.2,1,1,0,87426.49,1
2025,15605937,Gomez,780,Germany,Female,46,2,94154.15,2,1,1,177258.98,1
2025,15608334,Krüger,753,France,Female,44,1,92653.44,2,1,0,43180.37,0
2025,15606382,Ruiz,530,France,Female,28,7,113633.55,2,0,0,21309.39,0
2025,15608620,Garcia,599,France,Female,50,10,122462.07,1,1,0,89196.89,1
2025,15603389,Thomas,643,France,Female,29,4,163872.16,1,1,1,41543.55,0
2025,15602390,Obinna,619,France,Male,36,4,0.0,1,0,1,89922.31,0
2025,15600101,Gutierrez,617,France,Male,51,0,123432.66,1,1,1,77591.13,0
2025,15609268,Gomez,670,France,Female,47,9,116457.15,1,1,1,93726.87,0
2025,15607518,Meyer,698,France,Female,59,7,123228.74,2,1,1,132956.44,0
2025,15602657,Sanchez,581,Spain,Male,48,5,0.0,2,0,0,71447.13,0
2025,15606426,Leroy,665,France,Male,26,8,37118.26,1,1,1,85967.42,0
2025,15604899,Klein,491,Germany,Female,40,3,155169.12,2,1,1,48491.18,0
2025,15604890,Torres,547,France,Male,34,8,167967.62,1,1,1,77510.52,0
2025,15600762,Petit,572,Spain,Male,22,7,0.0,2,1,0,131722.04,0
2025,15604540,Wolf,512,France,Male,33,0,116876.11,1,1,1,30145.59,1
2025,15602899,Moreau,574,France,Male,30,2,100247.64,1,1,1,177942.64,0
2025,15600734,Schäfer,651,Germany,Male,31,9,151516.03,1,1,1,55597.02,0
2025,15600215,Schröder,569,France,Female,18,2,0.0,2,1,0,181282.42,0
2025,15600846,Mitchell,573,Spain,Female,39,9,161749.87,1,1,0,54991.67,0
2025,15608200,Chu,698,France,Female,25,7,75284.88,2,0,1,28604.7,0
2025,15604197,Schäfer,686,France,Female,44,0,0.0,3,1,0,162161.91,1
2025,15604544,Dubois,844,Spain,Male,44,9,0.0,1,1,1,179047.02,0
2025,15609794,Smith,596,France,Male,54,0,0.0,2,0,0,190679.79,0
2025,15603676,Munoz,517,France,Female,24,5,0.0,2,0,1,186766.28,0
2025,15608126,Martin,681,France,Male,48,9,0.0,1,0,1,114114.59,0
2025,15609986,Hargrave,810,France,Male,22,3,0.0,1,1,1,189476.5,1
2025,15608505,Petit,603,Spain,Female,39,3,0.0,1,1,1,161956.62,0
2025,15601085,Martin,757,Spain,Male,38,10,160510.55,1,1,0,91930.44,0
2025,15600837,Smith,583,France,Female,31,1,0.0,1,1,1,91142.49,0
2025,15608385,Meyer,536,France,Male,43,1,76304.94,2,0,1,60528.58,0
2025,15606236,Martin,565,Spain,Female,35,10,117048.15,1,1,1,69448.68,0
2025,15602948,Becker,800,France,Male,42,9,131077.86,1,0,0,137461.52,0
2025,15603643,Wagner,742,Germany,Female,23,3,78256.44,2,1,0,181342.53,0
2025,15602525,Garcia,567,Germany,Male,35,2,120431.16,1,1,0,159607.06,0
2025,15607858,Mitchell,717,Germany,Female,37,10,73407.35,1,1,1,105126.72,0
2025,15600749,Rodriguez,830,France,Female,29,3,134845.19,1,0,1,98188.82,0
2025,15608462,Weber,737,Germany,Male,32,9,160914.87,2,0,1,125306.19,0
2025,15602954,Leroy,571,Spain,Male,27,2,0.0,2,0,1,40338.95,0
2025,15609095,Hargrave,658,France,Male,34,8,117199.42,2,1,1,63604.2,0
2025,15603191,Dominguez,649,Germany,Female,35,6,72778.22,1,1,1,188692.72,1
2025,15607168,Thomas,529,France,Male,39,9,0.0,1,0,0,109199.82,0
2025,15609567,Dupont,653,France,Male,43,10,0.0,2,1,1,118509.6,0
2025,15605192,Ruiz,691,France,Male,48,4,0.0,1,1,1,77342.38,0
2025,15609462,Hargrave,686,France,Male,27,10,0.0,2,1,0,107803.43,0
2025,15605830,Becker,600,France,Female,42,6,0.0,2,0,1,84475.67,0
2025,15603112,Braun,619,Spain,Female,23,1,167353.39,1,1,1,61033.6,0
2025,15601263,Garcia,632,Germany,Female,37,5,147365.11,1,1,0,148786.23,1
2025,15602195,Garcia,560,Spain,Male,46,0,101694.64,1,1,0,19269.41,0
2025,15608579,Neumann,571,France,Male,27,3,141373.66,1,0,1,36957.12,0
2025,15608108,Braun,474,France,Male,26,7,0.0,1,1,1,138138.47,0
2025,15605841,Hernandez,581,France,Female,29,9,0.0,2,0,0,112776.46,0
2025,15602018,Schröder,594,Germany,Female,33,8,151039.28,1,0,1,72892.46,0
2025,15609820,Dominguez,790,France,Male,49,5,100747.42,2,1,0,121269.16,0
2025,15609028,Schwarz,697,Spain,Male,46,10,106210.33,1,1,0,80935.8,1
2025,15608261,Boni,559,Germany,Female,51,8,124634.78,1,1,1,130330.13,1
2025,15609636,Neumann,711,France,Male,18,9,0.0,2,0,1,96584.85,0
2025,15600702,Navarro,557,France,Female,29,8,95337.23,2,0,0,165373.72,0
2025,15603113,Alvarez,559,Spain,Female,44,6,151846.43,2,1,0,12561.05,1
2025,15605412,Rodriguez,722,France,Female,45,10,146870.97,2,1,0,115054.39,0
2025,15604799,Moreau,535,Spain,Female,27,10,0.0,2,1,1,167244.31,0
2025,15609065,Fischer,764,France,Male,34,5,0.0,1,0,0,55052.6,0
2025,15601521,Alonso,646,Germany,Male,32,2,67654.97,2,1,1,184212.47,0
2025,15603537,Martinez,679,Spain,Female,38,2,112403.03,2,0,1,149008.75,0
2025,15603075,Becker,787,Germany,Male,26,4,112900.52,2,1,0,17993.94,0
2025,15609700,Thomas,632,Germany,Male,48,8,106704.44,2,0,0,31810.35,1
2025,15602914,Hernandez,684,France,Male,44,8,0.0,2,1,0,67514.72,0
2025,15608622,Alvarez,603,France,Female,34,4,189511.33,1,0,1,197137.41,0
2025,15604019,Gutierrez,687,France,Female,33,8,0.0,1,0,0,43692.8,1
2025,15603690,Richter,682,France,Male,60,6,0.0,2,0,0,125605.25,1
2025,15606418,Laurent,654,Germany,Male,38,9,109329.23,1,1,0,126727.99,1
2025,15602239,Alvarez,495,France,Female,50,8,177134.64,1,1,1,54436.76,1
2025,15608806,Michel,607,France,Male,39,9,151749.42,1,0,1,165274.62,0
2025,15600242,Schmidt,684,France,Male,47,3,41610.24,1,1,0,133819.21,0
2025,15602673,Hernandez,589,France,Female,39,5,0.0,1,1,0,97832.59,0
2025,15606336,Schäfer,769,Spain,Male,48,1,0.0,1,0,1,64972.19,0
2025,15607394,Hernandez,529,Spain,Male,26,0,0.0,1,1,1,198528.08,0
2025,15604879,Zimmermann,717,Germany,Female,28,9,103670.89,1,1,1,181606.93,0
2025,15605028,Dupont,551,France,Male,41,9,95258.77,1,1,0,178413.86,0
2025,15609293,Becker,768,Spain,Female,30,5,101751.7,2,0,1,103369.49,0
2025,15604957,Onio,499,Germany,Male,40,2,109329.05,1,1,1,54820.43,0
2025,15602790,Bauer,768,France,Male,37,5,101971.52,1,1,1,186394.57,0
2025,15600622,He,679,France,Male,50,10,0.0,2,0,1,149039.86,0
2025,15606870,Ruiz,580,Spain,Male,40,8,109265.75,1,1,1,179971.33,0
2025,15601901,Bauer,638,Spain,Male,43,2,122202.34,2,1,0,33894.84,0
2025,15603580,Martin,657,France,Male,35,7,0.0,2,1,1,121971.09,0
2025,15600800,Martin,481,France,Female,35,4,118265.43,1,1,0,59092.63,0
2025,15600439,Garcia,698,France,Female,18,8,158241.56,3,0,1,28743.09,0
2025,15602833,Laurent,532,Germany,Male,47,1,84625.18,1,0,1,174578.13,1
2025,15606106,Fischer,533,Germany,Female,41,5,158583.68,2,1,1,160581.55,1
2025,15609154,Sanchez,563,Germany,Female,51,5,141902.2,1,1,0,136011.99,1
2025,15600642,Lefebvre,676,Spain,Female,48,9,0.0,2,1,1,135304.53,0
2025,15605932,Navarro,814,France,Male,51,6,73137.67,1,0,0,46704.46,0
2025,15605646,Alvarez,665,France,Female,36,10,0.0,2,0,1,159725.46,0
2025,15608677,Onio,687,France,Male,45,10,0.0,2,1,1,187164.51,0
2025,15607324,Robert,652,France,Male,42,8,0.0,2,1,1,15963.25,0
2025,15606059,Wagner,599,France,Male,27,8,109643.05,1,1,1,187065.41,0
2025,15606189,Mitchell,630,Germany,Male,40,2,111273.5,2,1,0,185143.53,0
2025,15603144,Hill,615,Spain,Male,43,9,0.0,1,0,0,198651.8,0
2025,15602717,Torres,679,France,Female,46,3,0.0,2,1,1,73825.67,0
2025,15604428,Alonso,732,Spain,Female,56,2,0.0,2,1,0,151181.45,0
2025,15608390,Durand,417,Spain,Male,22,7,0.0,2,0,0,69481.56,0
2025,15603187,Michel,559,France,Male,47,6,0.0,2,1,1,25791.29,0
2025,15606958,Weber,731,France,Female,35,8,0.0,1,1,0,36484.66,0
2025,15606837,Simon,779,France,Female,46,0,126411.2,1,0,1,18359.63,1
2025,15604642,Richard,680,France,Male,45,10,80916.34,1,1,0,196228.62,1
2025,15601969,Gomez,812,Germany,Male,33,8,135388.15,2,0,0,18814.31,0
2025,15607636,Moreno,570,Germany,Male,31,9,98000.34,2,0,1,183184.73,0
2025,15608921,Gutierrez,549,Germany,Male,53,10,128933.4,1,0,1,61668.81,1
2025,15608054,Hoffmann,603,France,Male,54,7,110255.55,2,1,1,195740.47,0
2025,15600630,Krüger,683,France,Female,36,8,128396.09,1,0,0,117874.9,0
2025,15609506,Schneider,591,France,Male,41,7,66863.66,2,0,1,72472.04,0
2025,15606724,Wagner,746,France,Female,29,8,86197.56,1,1,1,198751.96,0
2025,15605838,Bauer,538,Spain,Female,34,9,0.0,1,1,1,126652.73,0
2025,15606723,Braun,614,Spain,Male,46,2,91983.39,1,1,1,48890.7,0
2025,15606162,Mitchell,698,France,Male,39,4,109914.94,2,1,0,138211.66,0
2025,15608084,Hill,561,Spain,Male,44,0,182982.18,2,1,0,138338.77,0
2025,15609867,Richter,789,France,Male,28,8,0.0,1,1,0,110599.0,0
2025,15608741,Jimenez,682,France,Female,39,3,0.0,2,1,1,98578.34,0
2025,15608575,Lefebvre,432,France,Male,39,6,0.0,2,1,0,190317.66,0
2025,15602576,Moreau,850,Spain,Male,33,2,107692.1,2,1,0,28904.25,0
2025,15606966,Munoz,685,France,Male,26,6,64532.71,1,0,1,46724.74,0
2025,15601469,Martinez,752,France,Male,57,7,0.0,1,1,0,179256.43,0
2025,15608422,Neumann,490,France,Male,39,8,94358.17,1,1,1,123739.37,0
2025,15605391,Leroy,565,Spain,Male,18,8,122535.92,1,1,0,32813.08,0
2025,15608490,Laurent,608,France,Female,52,6,0.0,1,1,0,71533.11,0
2025,15604448,Muller,653,Germany,Female,35,0,190727.65,3,1,0,112357.91,1
2025,15609764,Schulz,726,France,Male,28,7,79990.22,2,0,0,14040.47,0
2025,15605606,Martinez,759,Spain,Female,43,7,0.0,1,0,0,124089.16,1
2025,15609726,Fischer,648,France,Male,37,7,0.0,2,1,0,16863.05,0
2025,15600381,Moreau,625,Germany,Female,32,3,77956.92,2,1,1,54683.88,0
2025,15602220,Muller,578,France,Female,47,6,0.0,1,0,0,153746.32,1
2025,15603895,Schwarz,496,France,Male,33,10,67173.08,1,1,0,167722.95,0
2025,15604643,Schröder,592,Germany,Female,44,8,92663.28,1,1,1,199093.68,1
2025,15605671,Durand,557,Germany,Female,47,9,108490.93,1,1,1,167715.68,1
2025,15607111,Hill,714,Spain,Male,33,8,0.0,2,1,0,96169.28,0
2025,15601731,Hill,671,France,Male,54,3,0.0,2,1,1,18737.29,0
2025,15608732,Leroy,557,France,Female,25,10,74252.26,2,1,1,176069.11,0
2025,15600348,Richter,663,Spain,Male,30,4,135492.54,1,0,1,105538.34,0
2025,15607674,Gomez,752,France,Male,51,0,0.0,2,1,1,98443.45,0
2025,15609516,Meyer,753,Spain,Male,47,1,0.0,1,1,0,131512.48,0
2025,15607028,Dupont,532,Germany,Female,18,2,117870.32,3,1,0,184952.53,1
2025,15604635,Krüger,584,Germany,Male,49,5,116225.13,2,1,1,106275.46,1
2025,15608039,Munoz,811,Germany,Male,54,9,145772.86,2,1,1,184741.3,1
2025,15606425,Klein,530,France,Male,35,6,0.0,1,1,0,30271.73,0
2025,15605283,Bartlett,640,Germany,Female,33,1,69201.32,1,1,0,173945.93,1
2025,15603554,Schulz,595,France,Male,45,1,194510.23,1,1,0,152511.59,0
2025,15609970,Schwarz,606,Germany,Female,36,2,120163.22,3,1,0,52532.26,1
2025,15604094,Dominguez,794,Germany,Female,32,9,117576.31,1,1,0,197997.98,1
2025,15600677,Gomez,587,France,Female,54,10,0.0,1,0,0,152259.89,0
2025,15609836,Moreno,850,France,Female,41,4,0.0,1,1,1,127476.8,0
2025,15605757,Jimenez,650,Spain,Male,47,2,0.0,1,1,0,73124.27,1
2025,15600077,Mitchell,716,France,Female,45,9,0.0,1,1,0,135743.04,0
2025,15605216,Mitchell,824,France,Male,35,5,122801.2,1,1,0,160763.61,0
2025,15600459,Martin,689,France,Female,48,4,0.0,1,1,1,196827.3,0
2025,15609795,Garcia,676,France,Female,42,9,139144.68,1,1,1,81837.06,0
2025,15604527,Schulz,538,France,Female,32,6,0.0,1,1,0,110739.15,0
2025,15607427,Munoz,624,France,Male,23,7,56418.54,1,1,1,36265.56,0
2025,15603106,Laurent,721,Germany,Male,63,7,138784.05,1,1,1,52012.62,1
2025,15603320,Navarro,489,France,Male,23,4,116445.68,1,1,0,33547.25,0
2025,15600765,Hargrave,685,Germany,Male,34,8,132950.74,2,1,0,48937.01,1
2025,15609861,Hargrave,652,Germany,Female,42,8,77085.83,1,0,1,168394.59,1
2025,15606222,Schneider,585,France,Female,52,9,103762.58,2,1,0,94376.28,0
2025,15605323,Lopez,701,France,Male,20,2,0.0,2,0,0,16928.36,0
2025,15608729,Schwarz,358,France,Female,39,6,0.0,2,0,1,63673.78,0
2025,15609393,Navarro,560,France,Male,46,8,0.0,4,1,1,174475.26,1
2025,15600660,Petit,509,Germany,Female,26,3,88205.29,1,0,1,171250.66,0
2025,15606945,Martin,350,France,Male,43,4,66075.91,2,1,0,156848.78,1
2025,15606783,Schmidt,665,Spain,Male,40,7,99353.05,2,1,1,142036.58,0
2025,15605603,Gomez,660,France,Male,31,6,0.0,1,1,0,62954.02,0
2025,15602457,Hill,653,France,Male,43,10,0.0,2,0,0,156253.16,0
2025,15601850,Gomez,722,France,Female,46,3,166142.44,1,0,0,167026.61,0
2025,15605711,Becker,595,France,Male,32,0,0.0,1,0,1,135498.65,0
2025,15601992,Boni,552,Germany,Male,63,6,99620.13,2,1,0,88973.9,1
2025,15604628,Martin,769,Spain,Male,39,5,116232.53,2,1,1,50057.66,0
2025,15603760,Garcia,758,Germany,Female,29,4,77710.05,2,0,0,15943.48,0
2025,15603326,Sanchez,581,Germany,Male,38,3,116101.96,1,0,0,97958.11,0
2025,15603056,Diaz,606,France,Male,42,6,0.0,1,1,1,57785.79,0
2025,15609185,Jimenez,570,Spain,Male,21,7,118386.2,1,1,1,65479.49,0
2025,15603251,Becker,806,France,Female,44,8,0.0,1,1,0,105817.91,0
2025,15607327,Neumann,655,France,Female,54,3,0.0,1,1,1,141125.35,0
2025,15602189,Richard,649,Germany,Male,34,9,95295.55,2,0,0,59608.64,0
2025,15602903,Schäfer,590,Germany,Female,28,9,161290.68,2,1,0,33491.93,0
2025,15609441,Thomas,625,France,Male,39,6,109023.3,1,1,0,135100.93,0
2025,15608787,Bernard,706,France,Male,52,9,0.0,1,1,0,189663.3,0
2025,15604312,Gomez,626,Germany,Male,38,7,69072.57,2,1,0,136595.43,0
2025,15605077,He,711,Germany,Female,39,5,113594.34,1,0,0,179194.71,0
2025,15601572,Fischer,664,France,Male,32,1,138614.83,1,1,0,92265.13,1
2025,15609049,Hill,565,Spain,Male,33,3,85538.6,2,1,1,158961.24,0
2025,15601219,Muller,676,Spain,Male,44,3,0.0,1,1,1,35772.97,0
2025,15607794,Richard,656,France,Male,18,10,0.0,2,1,1,199278.72,0
2025,15600789,Klein,589,France,Female,52,1,172020.34,2,0,0,149055.68,0
2025,15600876,Chu,726,Spain,Male,31,9,107021.43,1,1,1,166961.7,0
2025,15601468,Martinez,709,France,Female,39,2,0.0,2,0,0,170954.98,0
2025,15606604,Bartlett,609,France,Male,39,5,0.0,2,0,1,145146.65,0
2025,15609966,Alonso,685,France,Female,46,6,155397.18,2,1,1,45780.68,0
2025,15605521,Hill,780,France,Male,39,9,86860.82,1,1,1,69018.65,0
2025,15605716,Sanchez,635,France,Male,51,1,81584.22,2,0,0,44228.95,0
2025,15606661,Durand,590,France,Female,39,8,0.0,2,1,1,197372.75,0
2025,15609648,Klein,686,Germany,Male,32,7,130278.42,1,1,1,73009.95,0
2025,15600140,Meyer,850,France,Male,37,7,131208.97,1,0,0,155438.45,1
2025,15602348,Gomez,514,France,Male,37,3,154378.17,1,1,0,115355.99,0
2025,15604388,Navarro,629,Spain,Male,39,10,125802.45,1,0,1,183080.95,0
2025,15602250,Alvarez,641,France,Female,57,0,131556.08,1,1,1,151179.26,0
2025,15605916,Smith,680,France,Female,39,10,127384.01,1,0,1,54375.07,0
2025,15608219,Becker,692,France,Male,49,2,121202.08,2,1,1,180996.32,0
2025,15600137,Richter,460,Germany,Male,40,1,119934.85,1,1,1,19900.32,0
2025,15600097,Dupont,604,Germany,Male,55,3,127502.08,1,1,0,179891.18,1
2025,15603369,Hargrave,675,Germany,Male,48,9,128985.28,1,1,1,185797.64,1
2025,15604519,Hill,599,Germany,Male,27,9,168940.92,1,1,1,156676.21,0
2025,15604359,Moreau,585,France,Female,49,4,0.0,2,0,1,12447.39,0
2025,15600054,Schmidt,529,Spain,Male,57,5,140882.09,1,1,0,51837.91,0
2025,15607980,Neumann,832,France,Female,41,4,0.0,1,1,1,16338.74,0
2025,15603996,Lopez,691,France,Female,20,0,0.0,2,1,0,182363.16,0
2025,15608750,Richter,602,Spain,Male,53,3,0.0,1,1,0,38278.89,0
2025,15603958,Gomez,715,France,Female,20,10,143053.75,1,0,0,66603.48,0
2025,15608057,Dupont,724,France,Male,56,9,0.0,1,1,0,83605.46,0
2025,15605462,Chidiebere,766,France,Female,35,9,0.0,2,1,0,61069.63,0
2025,15605224,Becker,636,Germany,Male,43,9,89215.29,1,1,0,79975.51,1
2025,15608936,Mitchell,492,France,Male,18,0,0.0,2,1,0,87226.45,0
2025,15600495,Romero,591,Spain,Female,54,2,0.0,2,0,0,85271.1,0
2025,15608092,Petit,575,France,Male,34,3,49315.52,2,1,0,192684.8,0
2025,15603735,Thomas,586,Spain,Female,46,6,0.0,2,1,0,177692.23,0
2025,15604142,Robert,663,France,Male,40,8,118711.09,2,1,0,25442.45,0
2025,15601791,Hill,602,Germany,Male,34,2,84575.2,1,0,1,147925.94,0
2025,15600074,Meyer,590,France,Female,50,3,63104.49,2,1,1,33482.63,0
2025,15601237,Schröder,737,Germany,Female,45,4,121430.47,1,0,0,173333.84,1
2025,15608747,Chu,691,France,Female,33,4,0.0,2,1,0,99408.12,0
2025,15600556,Smith,502,Spain,Female,30,0,0.0,1,1,1,64515.16,0
2025,15601895,Weber,583,France,Female,22,9,91588.75,2,0,1,126584.75,1
2025,15605166,Chidiebere,750,France,Male,35,9,0.0,1,0,1,169951.29,0
2025,15608055,Petit,683,Spain,Male,26,0,0.0,1,0,0,142264.31,0
2025,15607859,Thomas,558,Germany,Female,36,3,106074.26,1,1,1,63546.39,0
2025,15603378,Bernard,687,France,Male,36,1,0.0,2,1,0,188438.22,0
2025,15600052,Hill,604,Germany,Female,47,2,82788.83,1,1,1,114925.37,1
2025,15608104,Martin,513,France,Male,29,6,136484.95,2,0,0,138079.89,0
2025,15600397,Dupont,677,Spain,Male,30,6,140369.71,1,0,0,46893.21,0
2025,15605474,Smith,685,France,Male,28,6,0.0,2,0,0,148007.59,0
2025,15606701,Boni,752,Germany,Male,23,1,75106.93,2,1,1,194567.22,0
2025,15600608,Richard,715,Spain,Male,44,6,0.0,2,1,0,53711.95,1
2025,15606936,Gomez,734,France,Female,48,1,0.0,2,1,0,53221.92,0
2025,15609977,Ruiz,738,France,Female,37,8,47512.2,3,1,1,102768.29,1
2025,15600277,Richter,461,France,Female,54,8,0.0,1,1,0,164108.18,0
2025,15604292,Martinez,753,Spain,Male,50,7,0.0,1,1,1,195196.57,0
2025,15600481,Sanchez,673,France,Female,35,2,0.0,1,1,1,72393.23,0
2025,15605257,Gutierrez,434,Germany,Male,28,2,140378.2,1,1,1,196700.21,0
2025,15604441,Thomas,670,Spain,Male,35,10,0.0,2,1,1,187923.07,0
2025,15608860,Schröder,625,France,Female,49,6,0.0,1,0,1,137430.32,0
2025,15601507,Chidiebere,620,Spain,Male,49,4,141046.51,1,0,1,87534.68,0
2025,15608989,Hargrave,720,France,Male,42,1,0.0,1,1,1,72629.24,0
2025,15608724,Fischer,670,Spain,Male,44,6,0.0,2,1,0,94742.7,0
2025,15605900,Moreno,664,France,Male,44,4,0.0,1,1,1,67961.05,0
2025,15609549,Muller,594,Germany,Male,21,7,52315.89,1,0,0,103721.22,0
2025,15601386,Gutierrez,466,France,Female,43,2,0.0,1,1,0,19201.48,0
2025,15609331,Petit,626,Germany,Male,18,0,92195.54,2,1,1,173347.65,0
2025,15609018,Chu,408,Spain,Female,31,9,0.0,1,1,1,126297.24,0
2025,15606002,Torres,673,France,Female,43,8,0.0,1,1,1,43773.91,0
2025,15601378,Onio,682,France,Female,30,6,0.0,1,1,1,92336.08,0
2025,15603775,Thomas,710,Germany,Female,39,8,142381.34,1,0,1,82570.5,0
2025,15604018,Chu,658,France,Male,42,9,132811.38,1,1,0,13563.61,1
2025,15606058,Laurent,630,France,Female,33,8,144205.36,2,0,0,76600.4,0
2025,15605256,Robert,729,France,Male,32,10,106309.62,2,1,0,69920.88,0
2025,15609109,Obinna,741,Spain,Female,30,3,0.0,1,0,1,72924.64,0
2025,15609990,Michel,580,Germany,Female,48,5,109467.13,1,1,0,182974.77,1
2025,15608258,Torres,672,France,Male,18,1,137533.86,2,0,1,60219.77,0
2025,15606253,Hoffmann,488,Spain,Female,27,3,0.0,1,1,1,135432.68,0
2025,15602108,Hill,692,France,Female,43,8,109429.51,3,0,0,134146.26,1
2025,15602765,Lefebvre,521,Germany,Male,27,3,122823.04,2,1,1,43824.1,0
2025,15605610,Robert,643,Germany,Female,28,7,111211.17,1,1,0,97498.5,0
2025,15605362,Martin,431,France,Female,45,6,0.0,2,0,0,106251.42,0
2025,15604510,Schröder,632,Spain,Male,23,10,0.0,2,0,1,198928.63,0
2025,15604090,Laurent,811,France,Female,27,9,58347.13,1,1,0,187305.48,0
2025,15602013,Richter,688,France,Male,22,6,0.0,2,1,0,111296.09,0
2025,15606826,Garcia,611,France,Male,37,2,0.0,1,0,0,181256.58,0
2025,15604667,Sanchez,631,France,Female,48,9,0.0,1,1,1,178986.16,0
2025,15609731,Michel,476,France,Male,37,8,0.0,2,1,0,62895.81,0
2025,15601884,Wolf,759,France,Female,25,3,0.0,1,1,1,53238.16,0
2025,15602702,Diaz,603,Spain,Female,20,2,0.0,2,0,1,88412.57,0
2025,15601607,Alonso,608,Germany,Male,42,5,112605.82,1,1,1,161108.09,1
2025,15601248,Bartlett,668,France,Female,24,9,0.0,1,1,0,94933.87,0
2025,15602418,Perez,567,France,Male,29,2,0.0,2,0,0,106772.84,0
2025,15603420,Perez,666,Germany,Male,29,5,161867.3,1,0,0,160953.92,0
2025,15605898,Becker,553,Spain,Female,18,4,125168.54,1,1,0,191368.65,0
2025,15604744,Martin,527,Spain,Female,53,4,0.0,2,1,0,137464.86,0
2025,15604784,Zimmermann,614,Spain,Female,53,7,89547.08,1,0,0,193203.43,0
2025,15608110,Neumann,571,Spain,Female,39,10,134742.47,1,1,1,79378.85,0
2025,15609907,Laurent,808,Spain,Male,57,5,0.0,2,1,1,103143.74,0
2025,15608948,Ruiz,531,Spain,Female,40,8,0.0,1,1,0,158765.49,1
2025,15608207,Bartlett,674,France,Female,44,5,165615.16,1,1,1,193215.77,0
2025,15606072,Dominguez,636,France,Female,43,7,0.0,1,1,0,17144.27,1
2025,15601812,Hargrave,766,France,Female,45,10,0.0,1,0,1,82104.89,1
2025,15609156,Laurent,458,Germany,Male,49,7,102082.86,2,1,0,19474.29,1
2025,15604608,Chu,827,Germany,Female,52,7,142250.81,2,1,1,106792.81,1
2025,15600374,Thomas,502,Germany,Female,32,3,100642.31,2,1,1,144111.69,0
2025,15603390,Bernard,520,Spain,Female,47,5,0.0,1,1,0,144210.28,0
2025,15602563,Weber,607,France,Female,35,0,104952.38,1,1,1,62045.48,0
2025,15603036,Martin,721,Germany,Male,21,1,142069.93,2,1,1,156707.04,0
2025,15601664,Gutierrez,547,Germany,Male,35,8,133315.54,1,1,1,108936.05,0
2025,15602623,Garcia,616,Germany,Female,32,2,79554.79,2,1,1,10384.33,1
2025,15606879,Richter,591,Germany,Female,21,1,112248.33,1,1,1,16510.61,0
2025,15607418,Schmidt,582,Germany,Female,39,2,105232.69,2,1,1,113906.06,0
2025,15608878,Bernard,686,Germany,Female,39,7,70843.16,2,0,1,134756.47,0
2025,15605918,Schwarz,681,Spain,Female,52,0,127141.04,1,1,0,23853.79,0
2025,15606576,Richard,623,Germany,Male,28,7,136041.99,2,0,1,22761.43,0
2025,15600807,Chu,594,Germany,Male,20,8,113752.15,1,1,1,103057.11,0
2025,15608924,Gutierrez,508,Germany,Female,40,8,119917.99,2,1,1,178413.65,0
2025,15609769,Hargrave,467,Germany,Male,27,1,87333.06,1,0,1,69180.85,1
2025,15607231,Thomas,708,Germany,Female,27,6,134338.17,2,1,1,24671.31,0
2025,15604200,Richter,465,Spain,Female,37,9,0.0,2,0,0,74218.94,0
2025,15602946,Chu,762,Germany,Male,35,1,119431.14,2,1,1,132430.72,0
2025,15607732,Muller,442,Germany,Male,34,9,123832.57,1,1,0,93393.85,1
2025,15608226,Krüger,504,France,Male,36,10,0.0,2,1,1,150446.08,0
2025,15602943,Chidiebere,665,France,Male,70,4,0.0,1,1,0,135188.91,1
2025,15608703,Klein,850,France,Male,52,9,0.0,2,1,1,23401.18,0
2025,15609600,Chu,657,France,Female,41,9,107323.31,1,0,0,123145.66,0
2025,15603819,Martin,536,Germany,Male,39,9,92191.05,1,1,1,105707.03,0
2025,15603118,Meyer,578,Germany,Male,37,1,136393.48,1,1,0,35232.51,0
2025,15602318,Chu,632,France,Male,31,0,98636.43,2,1,1,163589.26,0
2025,15606353,Laurent,529,France,Male,43,10,0.0,2,1,0,87640.93,0
2025,15609482,Munoz,581,France,Male,52,2,0.0,1,1,0,171054.82,0
2025,15604522,Garcia,722,France,Male,24,1,60546.74,1,0,0,95476.26,0
2025,15607877,Smith,592,France,Female,43,0,138761.38,2,0,1,165642.37,0
2025,15609789,Schröder,535,France,Male,18,7,0.0,1,1,1,27460.33,0
2025,15601675,Moreno,730,France,Female,41,7,0.0,1,1,0,29719.79,0
2025,15607829,Klein,749,Germany,Male,18,0,118988.17,1,1,0,101581.45,1
2025,15608888,Koch,641,France,Male,32,6,0.0,1,1,1,124835.14,0
2025,15605698,Schneider,619,France,Female,45,1,0.0,2,1,0,112252.85,0
2025,15601987,Hernandez,635,France,Female,41,9,0.0,1,1,1,138667.24,0
2025,15609841,Richter,586,Spain,Male,37,4,88042.9,3,0,0,79845.67,1
2025,15607519,Leroy,685,Germany,Female,40,6,121830.12,1,1,1,26278.92,0
2025,15609819,Diaz,536,Germany,Male,36,3,181052.46,1,1,1,132845.48,0
2025,15609595,Lopez,549,France,Female,35,10,130272.84,2,1,0,103245.7,0
2025,15606074,Garcia,722,Germany,Male,39,3,126889.99,3,1,1,10044.4,1
2025,15601556,Rodriguez,554,Germany,Female,48,3,144508.51,1,0,0,32253.81,1
2025,15601735,Lefebvre,527,France,Male,32,5,0.0,1,0,0,39278.8,0
2025,15608675,Klein,638,Spain,Male,29,0,0.0,1,0,1,28599.25,0
2025,15602483,Meyer,649,Germany,Female,61,4,172171.91,2,0,0,159473.05,1
2025,15602727,Koch,746,Spain,Male,59,6,0.0,1,1,1,131325.35,0
2025,15607122,Onio,621,France,Male,35,3,0.0,2,0,0,110730.75,0
2025,15601711,Alvarez,531,Germany,Female,23,6,142387.41,2,0,0,147386.14,0
2025,15603927,Schneider,698,Spain,Female,59,5,0.0,2,1,0,166589.56,1
2025,15601777,Dubois,785,Spain,Female,45,8,0.0,1,1,1,172031.73,1
2025,15604578,Hill,811,Germany,Male,30,10,117792.82,2,1,1,127122.24,0
2025,15605500,Zimmermann,542,Germany,Male,35,10,112065.96,2,1,0,176696.16,0
2025,15608515,Durand,670,France,Male,32,5,0.0,1,1,1,81741.52,0
2025,15608347,Schmidt,580,France,Male,21,10,0.0,2,1,1,38901.36,0
2025,15606239,Schulz,692,Spain,Male,38,9,172415.89,1,1,1,30634.68,0
2025,15607906,Chu,648,France,Male,20,1,105234.51,1,0,0,51634.76,0
2025,15601541,Chidiebere,832,Spain,Female,47,3,67858.62,1,1,1,33607.22,0
2025,15600596,Laurent,540,Spain,Female,39,1,0.0,2,0,1,172709.44,0
2025,15607156,Munoz,690,France,Male,39,1,0.0,2,1,1,160272.45,0
2025,15600323,Koch,721,Germany,Male,25,7,102967.33,2,1,1,125232.97,0
2025,15604939,Neumann,633,Germany,Male,41,8,98369.08,2,1,0,44724.21,1
2025,15604955,Laurent,734,Germany,Female,36,3,73914.12,1,0,1,14118.55,0
2025,15605518,Garcia,492,France,Male,23,2,170397.56,4,1,0,168459.29,0
2025,15603089,Onio,698,France,Male,35,7,0.0,2,1,1,184028.01,0
2025,15602199,Klein,677,France,Female,33,10,0.0,2,1,0,168407.07,0
2025,15608827,Torres,701,France,Male,48,6,119589.94,2,1,1,71801.74,0
2025,15601560,Martin,610,Spain,Male,49,7,78661.09,2,1,1,172033.18,0
2025,15606794,Neumann,585,Germany,Female,24,3,123214.29,1,1,0,128978.65,0
2025,15605935,Chidiebere,815,France,Female,40,10,0.0,2,0,0,176431.7,0
2025,15604387,Smith,379,France,Female,33,3,119543.2,2,1,1,106229.75,0
2025,15609503,Schwarz,796,France,Male,38,10,0.0,1,0,1,103220.01,0
2025,15603039,Robert,650,France,Female,42,8,60264.24,1,0,1,138274.05,0
2025,15609645,Schmidt,683,Spain,Male,45,3,0.0,1,1,0,85097.98,0
2025,15603684,Moreno,753,Germany,Female,30,1,98197.65,1,1,0,132106.67,0
2025,15607899,Wagner,611,France,Female,42,7,106645.96,1,0,0,111204.96,0
2025,15605297,Schneider,661,France,Male,47,7,0.0,2,1,1,52713.49,0
2025,15607865,Neumann,651,Germany,Male,37,0,162140.51,1,0,0,87033.49,0
2025,15601665,Weber,621,France,Male,20,2,0.0,1,1,1,38081.23,0
2025,15609622,Wagner,498,Germany,Female,47,5,150763.77,1,1,0,144826.94,1
2025,15609098,Michel,598,Spain,Female,36,6,149734.78,2,1,1,46927.94,0
2025,15603181,Braun,640,Germany,Male,20,4,124692.29,2,1,0,190744.46,0
2025,15601098,Chidiebere,699,Spain,Female,44,8,138849.46,2,1,1,113318.23,0
2025,15604341,Hargrave,768,France,Female,39,9,0.0,1,0,0,189044.44,0
2025,15604565,Meyer,680,France,Male,23,5,0.0,1,1,1,102741.2,1
2025,15608035,Munoz,655,France,Male,40,4,97669.96,1,1,1,151510.15,1
2025,15603380,Rodriguez,638,France,Male,26,8,0.0,2,0,0,106776.34,0
2025,15604607,Robert,675,Germany,Female,41,10,121715.79,2,1,1,195343.4,1
2025,15607635,Gutierrez,516,France,Female,52,6,0.0,4,1,1,127406.33,0
2025,15603793,Martinez,647,Germany,Male,49,4,153270.07,2,1,0,94644.56,1
2025,15606600,Hargrave,689,France,Female,31,3,159482.2,1,1,1,175628.32,0
2025,15601182,Onio,679,France,Male,54,10,0.0,2,0,0,186064.14,0
2025,15605796,Petit,659,Spain,Female,47,7,151834.06,1,1,1,104031.6,0
2025,15607024,Bauer,756,Spain,Female,41,9,83285.93,2,1,1,52688.47,0
2025,15608546,Richter,798,France,Male,32,5,0.0,2,0,1,154570.33,0
2025,15601846,Braun,644,Spain,Male,49,4,0.0,1,1,1,115282.13,0
2025,15606957,Romero,722,Germany,Female,50,0,111726.59,1,0,0,115685.77,1
2025,15601974,Zimmermann,665,France,Male,47,6,0.0,2,1,0,150549.14,0
2025,15603879,Gutierrez,682,France,Male,28,4,0.0,2,0,0,136461.15,0
2025,15604406,Moreau,707,France,Female,37,7,103742.18,2,0,1,47747.65,0
2025,15609050,Gomez,664,Germany,Male,46,1,145412.92,2,0,0,169745.3,1
2025,15601506,Martinez,799,Spain,Male,36,4,86558.01,2,0,1,170596.03,0
2025,15603083,Krüger,541,France,Female,26,8,156970.97,1,0,0,43331.23,0
2025,15602456,Muller,553,Spain,Male,53,10,0.0,2,1,1,194633.86,0
2025,15601222,Leroy,819,Germany,Male,31,2,99315.5,2,1,1,139388.88,0
2025,15603344,Munoz,578,Spain,Male,44,4,0.0,1,1,0,89945.52,0
2025,15603410,Neumann,633,France,Female,42,9,107784.13,2,1,1,172663.9,0
2025,15605704,Becker,593,Germany,Male,35,7,129301.22,2,1,1,192927.47,0
2025,15602611,Bernard,621,Germany,Male,27,4,153442.61,2,1,1,169762.71,0
2025,15604296,Wolf,713,France,Female,30,10,0.0,2,1,1,135934.05,0
2025,15606437,Richard,685,Germany,Female,41,0,146473.59,1,1,1,197742.07,1
2025,15609071,Braun,782,Germany,Female,40,0,89422.9,2,0,0,77443.32,0
2025,15605499,Garcia,656,France,Male,38,5,58083.03,1,1,1,179438.21,0
2025,15605270,Jimenez,767,France,Female,48,5,0.0,2,1,0,195139.31,0
2025,15602821,Martinez,668,Germany,Male,28,3,103696.79,1,1,0,74984.92,0
2025,15600384,Lefebvre,509,Spain,Male,32,0,118946.94,1,1,0,52641.38,0
2025,15604060,Becker,716,Germany,Male,41,9,147288.82,1,1,1,39940.73,1
2025,15604553,He,624,France,Male,46,1,120281.08,1,0,1,62379.58,0
2025,15603499,Muller,595,Spain,Female,42,1,0.0,2,0,1,23985.25,0
2025,15605560,Braun,540,France,Female,34,4,0.0,2,0,0,128657.79,0
2025,15605128,Martinez,618,Germany,Male,33,4,119323.45,1,1,0,101860.67,0
2025,15607901,Romero,669,France,Male,31,7,163559.9,1,0,0,14491.16,1
2025,15607467,Navarro,648,Germany,Male,58,0,101187.58,2,0,0,180272.77,1
2025,15608733,Klein,722,France,Male,57,1,0.0,1,1,0,150192.75,0
2025,15609458,Dubois,848,France,Male,43,0,0.0,1,0,0,110788.71,0
2025,15608517,Obinna,547,Spain,Male,45,4,97876.77,2,1,1,136334.48,0
2025,15604560,Chidiebere,450,Spain,Male,24,4,86458.47,1,1,1,159440.23,0
2025,15600499,Meyer,558,France,Male,42,4,81659.89,2,0,1,190953.48,1
2025,15608448,Onio,672,France,Female,33,4,143539.61,1,1,1,143059.34,0
2025,15602461,Boni,766,Spain,Male,48,0,0.0,2,1,0,161979.06,0
2025,15603387,Garcia,789,Spain,Male,40,0,119116.91,2,1,0,98032.47,0
2025,15601810,Weber,577,France,Male,31,3,0.0,2,1,0,181862.68,0
2025,15604270,Laurent,665,France,Female,27,4,0.0,1,1,0,136070.33,0
2025,15607546,Braun,479,France,Male,47,6,0.0,2,0,0,120963.41,0
2025,15601173,Hernandez,801,Spain,Male,44,8,0.0,2,0,0,10472.18,0
2025,15609100,Fischer,683,France,Female,36,2,106228.67,2,0,0,50345.49,1
2025,15602472,Dominguez,683,Germany,Female,50,8,174371.92,2,1,1,111990.76,1
2025,15609217,Schwarz,639,Germany,Male,47,1,127065.91,2,0,0,135088.83,1
2025,15608474,Hernandez,829,France,Male,31,1,0.0,3,1,0,40935.24,1
2025,15607910,Navarro,652,Germany,Male,35,1,148010.79,1,0,0,174953.62,0
2025,15608133,Alonso,599,Germany,Male,41,6,109463.29,2,1,0,161088.25,1
2025,15606328,Hernandez,617,France,Female,57,10,156806.36,1,1,1,112204.51,0
2025,15604898,Braun,640,Germany,Male,39,0,110045.36,1,0,1,165369.57,0
2025,15604730,Muller,671,France,Male,43,7,0.0,1,1,0,149332.86,0
2025,15602612,Jimenez,739,France,Male,47,2,0.0,1,1,1,181996.74,1
2025,15609101,Lefebvre,598,Spain,Female,32,6,164415.8,3,0,1,58650.95,1
2025,15608908,Neumann,586,Germany,Female,65,10,97019.87,1,1,0,96503.87,1
2025,15607507,Klein,711,France,Female,24,5,181279.97,1,1,0,124740.5,0
2025,15609241,Munoz,690,Germany,Male,20,3,105329.59,1,1,0,141423.61,0
2025,15601918,Garcia,644,France,Male,41,1,105374.62,1,1,1,15942.3,0
2025,15609073,Schulz,474,France,Female,42,10,148207.73,1,1,1,190543.02,0
2025,15604127,Wagner,702,France,Male,45,7,75158.21,1,1,0,189742.85,0
2025,15601147,Perez,595,Germany,Male,53,8,151893.75,1,1,0,113293.49,1
2025,15600462,Navarro,550,France,Female,48,3,0.0,2,1,1,15455.85,0
2025,15606357,Gutierrez,631,Spain,Female,44,8,86037.75,2,1,1,120603.48,0
2025,15608755,Perez,770,France,Male,27,9,0.0,1,1,1,46745.06,0
2025,15606179,Robert,646,Germany,Female,35,4,159794.26,1,1,0,63915.06,0
2025,15601779,Richard,723,Germany,Male,29,1,84121.91,1,0,1,45620.97,0
2025,15604421,Durand,673,Spain,Female,23,1,88763.35,1,1,0,125598.22,0
2025,15601919,Weber,649,France,Male,59,10,129714.52,2,0,1,170577.58,0
2025,15609420,Garcia,448,Germany,Female,39,10,130331.81,2,0,1,65112.58,0
2025,15609822,Durand,694,Germany,Female,58,0,142810.35,2,1,0,139282.64,1
2025,15600362,Gomez,513,Spain,Male,52,4,0.0,1,1,1,58280.02,0
2025,15606066,Moreno,612,Spain,Male,38,3,137803.54,4,1,1,179732.08,0
2025,15602004,Becker,587,France,Female,37,10,117532.08,1,1,0,116686.01,0
2025,15608141,Moreau,607,Spain,Male,31,7,143357.66,2,1,1,179125.34,0
2025,15607810,Dominguez,557,Spain,Female,41,0,97461.13,1,0,1,153338.9,0
2025,15609015,Laurent,613,France,Female,39,6,0.0,1,1,0,157782.51,1
2025,15605505,Alonso,630,France,Female,20,5,0.0,1,0,1,92636.78,0
2025,15604897,He,770,Germany,Female,38,0,100145.83,1,0,1,24450.3,1
2025,15609995,Durand,656,France,Male,21,1,119215.66,1,0,0,176858.69,0
2025,15600275,Wolf,781,Germany,Male,36,10,118145.31,1,1,0,35181.19,0
2025,15604865,Braun,580,Germany,Male,18,6,71855.84,1,0,0,91208.54,0
2025,15600826,Moreno,615,Germany,Male,42,4,109218.89,1,1,0,66271.65,1
2025,15600551,Diaz,704,France,Female,48,7,49527.47,1,1,0,56149.9,0
2025,15601688,Lopez,850,Spain,Male,33,4,146779.49,1,0,0,40586.0,1
2025,15601971,Schulz,794,France,Female,38,6,181474.91,1,1,0,10085.66,0
2025,15609666,Onio,719,Spain,Male,37,1,0.0,2,1,1,49170.44,0
2025,15607283,Muller,696,France,Female,27,9,77269.85,2,1,1,196069.25,0
2025,15609637,Alonso,695,Spain,Male,46,8,152376.94,1,1,1,179410.85,0
2025,15609895,Michel,728,Germany,Male,36,2,138071.23,1,0,0,108987.44,0
2025,15605037,Dubois,590,France,Male,36,10,0.0,3,0,0,199143.33,0
2025,15603434,Weber,641,France,Female,41,0,0.0,1,1,0,99404.53,1
2025,15605408,Hargrave,596,France,Female,47,6,0.0,2,1,0,127666.45,0
2025,15606631,Munoz,527,France,Male,44,4,96293.46,2,1,0,79636.39,0
2025,15600263,Diaz,602,Germany,Female,39,9,107760.27,2,1,1,37914.41,0
2025,15600924,Bartlett,608,France,Male,32,4,0.0,1,1,0,100732.86,0
2025,15606270,Dupont,500,Germany,Male,28,6,135983.77,2,1,0,126127.15,0
2025,15605939,Lefebvre,688,Spain,Male,22,6,0.0,1,1,1,162734.75,0
2025,15607169,Martin,643,France,Male,53,8,93260.97,2,1,0,69022.36,0
2025,15601544,He,491,Spain,Male,26,4,124350.3,2,0,1,48615.85,0
2025,15602258,Dupont,722,France,Male,44,8,186426.61,1,0,1,105918.3,0
2025,15601270,Meyer,723,Germany,Female,36,9,88072.26,1,1,1,173134.18,1
2025,15602835,Diaz,663,Spain,Male,53,0,78392.05,1,0,1,195108.67,0
2025,15603773,Hernandez,700,France,Female,31,8,52094.9,2,0,1,87068.02,0
2025,15607683,Schmidt,595,France,Female,26,10,0.0,1,1,0,185877.6,0
2025,15601881,Klein,850,France,Female,63,2,119844.76,2,1,0,56660.88,0
2025,15609130,Neumann,614,Spain,Female,34,7,0.0,2,1,0,177238.72,0
2025,15603107,Rodriguez,815,France,Male,39,3,134322.93,2,0,0,123492.38,0
2025,15604357,Navarro,670,Germany,Female,43,9,126884.32,1,1,0,76394.97,1
2025,15603474,Schneider,827,France,Male,45,10,0.0,1,1,1,162510.35,0
2025,15609163,Gomez,504,Spain,Male,32,3,143955.93,1,0,1,71673.23,0
2025,15605890,Koch,587,Germany,Female,53,0,103813.4,1,0,0,12309.05,1
2025,15608513,Moreau,535,France,Female,28,5,0.0,2,0,1,116717.71,0
2025,15609188,Wolf,705,Germany,Male,43,5,96559.66,1,1,0,122902.15,1
2025,15607804,Obinna,670,Germany,Male,50,1,161413.09,1,0,1,91534.05,1
2025,15600186,Munoz,756,Spain,Male,31,2,78428.31,1,1,0,139838.62,0
2025,15606194,Hernandez,732,France,Male,44,2,0.0,1,1,0,120376.1,0
2025,15600028,Bernard,608,Germany,Male,37,9,109185.01,1,1,0,197824.57,1
2025,15606838,Martin,700,France,Female,38,1,0.0,2,1,0,83900.28,0
2025,15609999,Neumann,604,France,Female,39,0,0.0,2,1,1,40053.81,0
2025,15608560,Bernard,567,France,Female,31,8,0.0,1,1,0,112975.74,0
2025,15601043,Alonso,749,Germany,Female,43,2,98486.75,1,0,0,80435.33,1
2025,15608904,Diaz,453,Spain,Male,45,10,0.0,2,1,1,195013.8,0
2025,15608058,Koch,496,Germany,Female,48,5,149186.34,1,1,0,187602.74,1
2025,15604401,Laurent,444,France,Male,33,1,0.0,2,1,1,103161.45,0
2025,15601462,Alonso,695,Spain,Male,57,6,73870.34,2,1,1,43666.08,0
2025,15600971,Alvarez,850,Spain,Male,21,1,0.0,2,1,1,101843.75,0
2025,15602848,Hoffmann,655,France,Female,36,0,114553.99,2,1,1,53245.05,0
2025,15607047,Romero,661,Spain,Male,18,1,0.0,2,1,0,183172.14,0
2025,15605353,Schulz,723,France,Male,53,3,0.0,1,1,1,79638.8,0
2025,15601089,Schneider,530,France,Female,40,7,0.0,1,1,1,152219.27,0
2025,15604417,Wagner,790,France,Male,47,10,0.0,2,1,0,17156.97,0
2025,15607164,Schröder,561,Germany,Male,42,4,106359.39,2,1,0,38657.8,1
2025,15609788,Schmidt,513,France,Male,48,9,0.0,1,1,1,197814.48,0
2025,15605592,Bernard,599,France,Male,31,0,95488.61,1,1,1,185789.72,0
2025,15600657,Laurent,791,France,Male,51,1,0.0,1,0,1,114120.21,0
2025,15603077,Leroy,733,Germany,Female,46,10,102779.02,1,1,0,49864.71,1
2025,15603092,Schulz,712,Spain,Male,32,9,0.0,2,0,1,119006.48,0
2025,15609936,Gomez,588,Germany,Female,37,8,58927.96,1,0,1,58797.51,1
2025,15607513,Munoz,709,Germany,Male,52,7,131745.58,2,1,1,119944.78,1
2025,15609866,Hill,650,Spain,Female,42,6,143166.74,2,1,1,141412.59,0
2025,15608736,Schäfer,476,France,Male,43,3,0.0,2,1,0,121480.81,0
2025,15603133,Weber,592,Germany,Female,27,5,152143.12,3,0,1,163122.48,1
2025,15607301,Martin,736,Germany,Female,47,8,153204.25,2,1,1,198369.14,1
2025,15603067,Bartlett,619,France,Male,31,6,0.0,2,1,0,31824.11,0
2025,15609525,Muller,603,France,Female,18,1,0.0,2,0,1,29108.01,0
2025,15607841,Simon,758,Spain,Male,32,6,140061.87,4,1,0,138075.65,1
2025,15609619,Bartlett,558,Germany,Female,44,2,84636.91,2,1,1,175958.19,1
2025,15605255,Moreau,749,Germany,Female,29,2,98763.02,2,1,1,16161.6,0
2025,15606273,Martinez,539,Spain,Male,33,3,0.0,1,1,0,31908.42,0
2025,15601109,Thomas,575,France,Male,23,1,81162.51,2,0,1,108214.7,0
2025,15608581,Hoffmann,778,Spain,Female,30,10,0.0,1,0,0,161351.0,0
2025,15601474,Dubois,656,France,Male,40,7,0.0,2,0,0,140771.66,0
2025,15608674,Fischer,715,France,Male,36,6,0.0,1,1,0,11827.1,0
2025,15602351,Braun,469,Spain,Female,23,9,0.0,2,1,1,71008.37,0
2025,15600259,Weber,688,Germany,Female,50,5,92125.8,1,0,1,51360.22,1
2025,15603867,Navarro,539,France,Female,31,1,0.0,1,1,1,52229.75,0
2025,15600565,Smith,850,France,Male,37,9,0.0,2,0,1,177851.05,0
2025,15608335,Meyer,572,Spain,Male,49,10,173249.8,1,0,0,150351.44,1
2025,15600493,Garcia,689,Germany,Male,56,1,109375.7,1,1,0,47747.63,1
2025,15604433,Richter,584,Germany,Female,21,5,167622.41,1,0,0,193885.5,0
2025,15600522,Braun,535,Germany,Male,55,5,93609.26,1,1,0,151559.65,1
2025,15605737,Braun,619,Germany,Male,18,2,135865.93,2,1,0,121793.64,0
2025,15602822,Martinez,575,Germany,Female,42,5,104680.71,2,1,0,87496.49,1
2025,15609824,Torres,700,France,Male,39,10,90119.13,1,1,1,111143.89,0
2025,15608077,Hoffmann,671,France,Male,41,8,0.0,2,1,1,79111.97,0
2025,15600598,Schäfer,847,France,Male,48,3,0.0,1,1,0,147645.29,0
2025,15604737,Zimmermann,738,France,Male,56,10,0.0,2,0,0,71976.9,0
2025,15601785,Thomas,580,Spain,Male,26,8,133007.55,2,0,1,41013.87,0
2025,15606109,Diaz,648,Germany,Male,31,9,164379.69,2,0,1,61619.47,0
2025,15600024,Richter,754,Spain,Female,25,8,124755.93,2,0,0,72955.89,0
2025,15606688,Hill,768,Germany,Male,36,5,136627.88,2,1,1,134975.37,0
2025,15602084,Garcia,530,Spain,Male,33,6,85064.05,2,1,1,75142.04,0
2025,15603243,Mitchell,642,France,Female,40,7,0.0,1,1,0,50053.83,0
2025,15600178,Schulz,653,France,Male,35,1,136462.61,2,1,1,148537.5,0
2025,15609948,Gutierrez,585,France,Female,40,7,141487.84,1,0,1,86796.3,0
2025,15602524,Lopez,757,Germany,Female,45,8,115687.66,1,1,0,64047.7,1
2025,15606610,Bernard,627,France,Male,49,6,129686.8,1,1,1,82814.17,0
2025,15609315,Dupont,735,France,Male,35,10,0.0,2,1,1,186585.06,0
2025,15603787,Lopez,800,Spain,Male,48,9,0.0,2,0,1,68223.47,0
2025,15604577,Thomas,655,France,Male,51,8,153947.73,1,1,1,31249.03,0
2025,15609097,Schäfer,471,France,Female,33,6,117915.49,2,1,1,43609.32,0
2025,15604619,Schmidt,638,Germany,Male,23,5,85614.17,1,0,0,52513.43,0
2025,15603742,Martin,552,France,Male,66,4,132697.03,2,0,1,39133.71,0
2025,15603403,Meyer,605,France,Male,40,1,109365.62,2,0,1,149968.49,0
2025,15604204,Meyer,672,Spain,Female,27,10,0.0,1,0,0,29951.99,0
2025,15601080,Lopez,565,Germany,Female,50,3,139103.92,2,1,0,123181.22,1
2025,15603714,Bartlett,643,France,Male,42,8,0.0,1,0,0,109822.47,0
2025,15600455,Lefebvre,601,France,Female,38,2,0.0,1,1,0,104095.93,0
2025,15609413,Hargrave,702,France,Female,67,4,0.0,1,1,1,183749.19,0
2025,15603649,Navarro,667,France,Male,40,5,0.0,2,1,0,190973.69,0
2025,15604180,Moreau,654,Germany,Male,33,9,92399.21,2,1,1,114250.59,0
2025,15607363,Gutierrez,850,France,Male,31,5,85750.48,1,0,1,121650.61,0
2025,15608220,Gutierrez,611,Spain,Female,41,2,41239.8,1,1,1,88075.42,1
2025,15604004,Moreau,813,France,Female,33,4,124383.16,1,1,1,165578.33,0
2025,15604777,Muller,506,Germany,Female,41,7,100063.4,1,0,1,158599.91,1
2025,15605872,Onio,732,Germany,Female,35,5,134875.46,2,1,1,190357.66,0
2025,15601682,Thomas,695,France,Female,34,10,131282.71,1,0,0,59633.11,1
2025,15605572,Simon,748,Germany,Male,37,9,150266.93,1,1,1,30726.91,0
2025,15600952,Michel,591,Spain,Male,45,8,0.0,1,1,0,49633.75,1
2025,15603619,Laurent,698,France,Male,33,0,122431.7,1,1,0,123219.17,0
2025,15609398,Wagner,652,France,Male,33,4,91459.34,2,1,1,18699.75,0
2025,15606999,Braun,533,France,Male,54,4,0.0,2,1,1,174906.42,0
2025,15602687,Boni,510,France,Male,21,5,151197.73,1,0,1,23905.56,0
2025,15601347,Ruiz,707,France,Male,35,5,0.0,1,1,1,121905.84,0
2025,15601227,Martinez,573,Spain,Male,58,3,116826.07,1,1,0,124362.95,0
2025,15608130,Moreno,626,France,Female,44,6,117985.9,2,1,1,70744.37,0
2025,15604691,Martinez,786,France,Female,27,6,10000.0,1,1,0,81016.21,0
2025,15601656,Chidiebere,676,France,Female,39,2,106763.12,1,0,1,184862.25,0
2025,15608148,Braun,842,France,Male,28,1,0.0,1,0,0,100740.76,0
2025,15607396,Hoffmann,677,France,Female,33,0,142684.62,2,0,0,37608.29,0
2025,15604486,Garcia,601,France,Male,35,10,25527.47,1,1,0,187355.47,1
2025,15606789,Martin,735,Germany,Male,50,7,174714.42,2,1,0,69778.57,1
2025,15600505,Braun,709,France,Male,29,9,0.0,2,0,1,43350.71,0
2025,15608995,Schulz,749,Germany,Female,54,10,143158.11,1,1,1,27539.04,1
2025,15604621,Torres,784,France,Male,38,1,0.0,2,1,1,41481.92,0
2025,15607514,Simon,609,France,Male,36,4,116775.31,1,1,1,190299.18,0
2025,15600639,Hoffmann,738,Spain,Male,49,1,0.0,1,0,0,48599.46,1
2025,15602963,Robert,597,France,Female,18,0,70307.96,1,1,1,14624.16,0
2025,15605765,Alvarez,639,France,Female,39,2,0.0,2,0,1,181748.75,0
2025,15604326,Meyer,700,France,Female,44,2,0.0,2,1,1,32863.08,0
2025,15607741,Jimenez,742,Germany,Male,31,2,119034.14,2,1,1,165413.66,0
2025,15607965,Bauer,782,Spain,Male,57,2,125318.51,2,0,0,15964.61,0
2025,15600670,Navarro,630,France,Female,45,4,60035.56,1,0,1,51571.06,0
2025,15606450,Schäfer,786,Spain,Male,34,9,0.0,1,0,0,79614.23,0
2025,15607152,Durand,469,Germany,Female,39,0,127341.45,1,1,1,179818.35,0
2025,15604880,Gomez,635,Germany,Male,20,2,114024.05,1,0,1,174811.02,0
2025,15606182,Chidiebere,564,France,Male,24,1,0.0,1,1,1,166580.19,0
2025,15609494,Garcia,703,Germany,Female,50,5,118242.61,1,0,1,149241.03,1
2025,15602027,Alonso,540,Germany,Male,29,9,75283.78,2,0,1,114907.37,1
2025,15606241,Leroy,752,France,Female,32,0,139834.79,1,1,1,106218.41,0
2025,15601789,Chu,567,Germany,Male,19,1,157321.1,1,1,0,68991.48,0
2025,15606763,Muller,480,France,Male,43,0,0.0,2,0,0,13306.93,0
2025,15605440,Lopez,762,France,Male,33,9,88742.95,1,0,1,56439.21,0
2025,15606569,Durand,727,France,Male,41,5,147458.66,2,1,1,132167.65,0
2025,15604403,Martin,574,France,Female,20,5,10000.0,1,1,0,158649.09,1
2025,15606204,Mitchell,683,Germany,Male,50,1,140945.78,1,1,0,145710.51,1
2025,15603857,Wolf,637,France,Male,55,2,0.0,1,0,0,59046.1,1
2025,15607477,Wagner,850,France,Male,19,6,44305.38,1,1,1,100640.23,0
2025,15609947,Durand,681,Spain,Male,22,5,116136.53,1,1,0,199405.16,0
2025,15605750,Alvarez,691,France,Male,29,2,0.0,1,1,1,112008.26,0
2025,15603406,Garcia,652,France,Female,42,7,0.0,2,1,1,63660.93,0
2025,15608357,Fischer,595,Spain,Male,29,9,138370.95,1,0,0,101193.9,1
2025,15604962,Wagner,628,Spain,Male,30,7,118560.46,2,0,0,84469.81,0
2025,15606125,He,583,France,Female,31,2,0.0,2,1,0,112783.52,0
2025,15609006,Michel,594,Germany,Male,21,10,108229.92,2,0,0,15499.98,0
2025,15601254,Hernandez,644,France,Male,42,8,0.0,2,0,1,112191.29,0
2025,15603917,Becker,531,Germany,Female,34,3,92101.44,2,1,1,46859.71,0
2025,15601094,Hoffmann,742,Germany,Male,29,8,123469.93,2,1,0,11663.7,0
2025,15601795,Leroy,578,Germany,Female,41,3,122002.61,2,0,1,44737.69,1
2025,15601809,Lefebvre,597,France,Male,38,10,169733.2,1,1,0,139415.16,0
2025,15605035,Hargrave,714,France,Male,35,3,0.0,2,1,0,152256.62,0
2025,15603010,Bartlett,673,Spain,Female,44,7,117581.69,2,1,0,89728.47,0
2025,15608760,Muller,696,Spain,Female,18,10,85252.4,2,1,1,79309.26,0
2025,15609386,Richard,697,Germany,Male,34,6,113184.99,2,1,1,158562.24,0
2025,15608801,Boni,678,Spain,Female,32,9,140464.98,1,1,0,107160.68,0
2025,15607762,Lefebvre,704,Spain,Female,25,1,0.0,1,1,0,129277.92,0
2025,15600961,Richard,462,France,Male,54,10,0.0,1,0,1,53286.11,0
2025,15607930,Dominguez,769,France,Male,18,4,45770.55,1,1,1,33663.46,0
2025,15609967,Alonso,630,France,Male,42,4,0.0,1,1,1,32900.04,0
2025,15606306,Romero,541,France,Female,28,7,0.0,1,1,1,134041.94,0
2025,15609428,Fischer,532,Spain,Male,51,4,0.0,1,0,1,24320.99,0
2025,15609081,Martin,594,Spain,Male,37,2,0.0,2,1,1,112968.06,0
2025,15607332,Meyer,601,France,Male,43,6,0.0,2,1,0,69951.83,1
2025,15607562,Dubois,670,France,Female,26,8,0.0,1,1,1,85031.76,0
2025,15604116,Boni,543,France,Female,41,1,0.0,1,0,1,170978.47,0
2025,15605620,Neumann,682,France,Female,42,2,0.0,1,0,0,92264.3,0
2025,15607760,Neumann,643,France,Male,31,4,15780.27,2,1,1,178126.58,0
2025,15608170,Schneider,627,France,Male,35,7,62586.84,1,1,1,45805.3,0
2025,15608314,Chidiebere,821,France,Male,30,2,0.0,2,1,0,198765.01,0
2025,15603812,Diaz,639,Spain,Male,24,10,132729.97,2,1,0,113064.55,0
2025,15600968,Braun,778,France,Male,39,10,118817.12,1,1,0,13366.37,1
2025,15605470,Garcia,717,Spain,Male,24,0,0.0,2,1,0,146336.05,0
2025,15609378,Navarro,644,France,Female,37,10,0.0,2,1,1,152638.7,0
2025,15601935,Gutierrez,500,Spain,Male,32,8,0.0,1,1,0,124075.63,0
2025,15605675,Fischer,615,Spain,Male,29,0,0.0,2,0,0,62698.37,0
2025,15602945,Dupont,662,Spain,Female,19,5,0.0,1,1,1,194013.33,0
2025,15605354,Lefebvre,717,Spain,Female,31,7,0.0,1,1,1,109216.67,0
2025,15608193,Zimmermann,783,Spain,Female,22,9,0.0,2,0,0,102995.42,0
2025,15600093,Martinez,527,Germany,Male,42,3,121397.51,1,1,0,190726.73,1
2025,15604693,Romero,652,France,Female,35,4,0.0,1,1,1,120692.21,0
2025,15605921,Simon,526,Spain,Female,32,8,93484.91,2,1,0,26957.85,0
2025,15609190,Mitchell,761,France,Male,42,5,0.0,1,0,0,170919.53,0
2025,15608602,Moreau,545,Spain,Male,36,1,84071.62,2,0,1,22431.61,0
2025,15602700,Robert,585,Spain,Male,43,9,141754.16,2,1,0,167662.26,0
2025,15602187,Schröder,664,Germany,Male,54,1,97222.55,1,0,1,47547.04,1
2025,15606174,Bernard,678,France,Male,43,7,142799.59,2,1,1,145243.91,0
2025,15603659,Smith,547,Spain,Female,23,6,0.0,2,1,0,129971.98,0
2025,15608297,Simon,654,Germany,Female,39,8,150054.62,2,0,1,73686.58,0
2025,15603142,Martin,827,Spain,Male,49,10,173681.65,2,1,0,191216.08,0
2025,15602136,Bauer,628,Germany,Female,36,7,163785.82,2,0,0,35635.68,0
2025,15600055,Bauer,746,France,Male,27,0,83915.09,2,0,0,165049.83,0
2025,15602032,Hill,584,France,Male,33,1,113259.69,1,0,1,40391.73,0
2025,15607666,Perez,565,France,Male,42,9,79376.6,3,1,0,63501.33,1
2025,15602650,Martinez,801,Spain,Male,33,5,0.0,1,1,0,42292.65,0
2025,15607848,Garcia,580,France,Male,29,9,62203.38,1,0,0,52157.75,0
2025,15601151,Lefebvre,645,France,Male,18,10,90467.16,4,1,0,155592.3,0
2025,15601513,Lopez,450,France,Female,61,6,0.0,2,1,1,40252.35,0
2025,15600781,Dupont,671,Spain,Female,27,1,97631.83,1,1,0,93211.41,1
2025,15608553,Boni,848,Spain,Female,62,9,0.0,2,1,1,24627.12,0
2025,15603283,Wagner,561,France,Female,42,0,68938.72,1,1,1,39645.43,0
2025,15608804,Bernard,617,France,Female,44,2,0.0,2,1,0,158484.2,0
2025,15608063,Martin,564,France,Male,46,6,148475.26,1,0,1,49041.95,0
2025,15604221,Meyer,547,France,Male,33,2,140117.04,1,0,1,157196.31,0
2025,15603503,Petit,683,Germany,Female,29,5,67391.12,2,1,1,178300.11,0
2025,15606774,Bartlett,713,France,Female,28,6,0.0,2,1,0,155481.7,0
2025,15603321,Romero,548,Germany,Female,31,7,144672.54,2,1,0,67519.75,0
2025,15607348,Klein,618,France,Male,46,6,92126.24,1,0,1,148811.02,0
2025,15605232,Boni,691,France,Female,43,5,118056.67,2,1,1,24144.84,0
2025,15607013,Alvarez,608,France,Female,57,9,101164.38,2,1,1,22984.72,0
2025,15605004,Onio,577,Spain,Female,40,5,0.0,2,1,0,134259.44,0
2025,15601437,Jimenez,612,France,Female,38,3,90746.71,2,0,0,192485.82,0
2025,15608754,Mitchell,714,France,Male,42,4,0.0,2,1,1,128524.47,0
2025,15606203,Chidiebere,517,France,Male,25,10,0.0,2,1,1,17234.96,0
2025,15605524,Diaz,549,France,Male,28,5,0.0,1,1,1,181241.5,0
2025,15604651,Smith,631,France,Male,50,10,0.0,1,1,1,44474.91,0
2025,15602416,Krüger,645,Germany,Male,32,5,125660.31,1,1,1,87849.12,0
2025,15606477,Perez,652,France,Male,24,6,0.0,2,1,1,78646.88,0
2025,15602761,Chidiebere,654,France,Female,20,2,62770.75,2,1,0,52489.81,0
2025,15606034,Romero,657,France,Female,27,6,0.0,1,1,1,169846.56,0
2025,15600115,Schäfer,762,France,Female,35,4,0.0,2,1,1,45275.76,0
2025,15601525,Obinna,628,France,Female,35,2,157485.91,1,1,1,47178.12,0
2025,15605886,Boni,527,Spain,Male,39,6,82423.76,2,1,0,144812.04,0
2025,15602107,Onio,472,France,Female,29,1,23761.62,1,1,0,15480.6,0
2025,15609847,Schneider,687,France,Female,43,3,0.0,2,0,1,114814.26,0
2025,15603759,Dubois,760,Spain,Female,35,9,0.0,1,1,1,70606.11,0
2025,15605989,Schröder,640,France,Male,19,5,116345.86,2,0,0,36436.01,0
2025,15608059,Jimenez,647,Germany,Female,24,8,111541.68,2,1,1,73501.58,0
2025,15602708,Koch,586,France,Female,45,3,0.0,1,0,0,198918.87,0
2025,15600922,Onio,447,France,Male,54,4,121679.29,2,0,0,195457.48,0
2025,15609286,Diaz,850,Spain,Female,35,1,189402.27,1,0,1,149630.2,0
2025,15601579,Diaz,605,Germany,Female,52,6,90246.42,2,1,1,181058.9,1
2025,15602235,Onio,738,Spain,Male,35,9,128342.66,1,1,1,31980.05,0
2025,15603834,Hernandez,717,Spain,Male,31,5,0.0,1,0,1,194015.55,0
2025,15608106,Schneider,642,France,Male,56,9,0.0,1,0,1,81499.44,0
2025,15609278,Gutierrez,700,Germany,Female,42,7,112751.19,2,1,0,26899.81,1
2025,15608759,Becker,723,Spain,Male,38,0,102068.11,2,0,0,49382.1,0
2025,15607688,Dubois,682,France,Male,27,4,114157.18,2,1,1,103719.39,0
2025,15607284,Richard,796,France,Female,41,7,0.0,2,1,0,109748.47,0
2025,15604046,Krüger,829,Germany,Female,34,9,157920.61,2,1,1,110969.2,0
2025,15608899,Thomas,786,France,Male,41,5,0.0,2,1,1,191957.29,0
2025,15604450,Klein,597,Germany,Female,43,6,168019.31,2,1,1,184265.08,1
2025,15605253,Neumann,707,Germany,Female,36,10,152979.79,2,1,0,109173.54,0
2025,15603722,He,540,France,Male,31,8,0.0,1,1,0,16099.2,0
2025,15602331,Laurent,524,Spain,Female,35,8,151894.52,1,1,0,124939.87,0
2025,15602744,Thomas,696,France,Male,43,4,51980.19,1,0,0,66289.84,0
2025,15607605,Lefebvre,593,France,Female,50,3,160711.19,1,0,1,10727.04,0
2025,15600879,Onio,587,France,Male,45,5,0.0,1,0,1,59054.27,0
2025,15604937,Rodriguez,792,France,Male,24,8,115368.37,2,1,1,43037.29,0
2025,15604652,Schäfer,537,France,Male,41,9,119733.56,1,1,0,19469.64,1
2025,15609222,Neumann,676,Spain,Male,52,10,0.0,2,0,0,97242.37,0
2025,15600075,Ruiz,759,France,Female,51,5,95548.12,2,0,1,75599.06,0
2025,15600306,Obinna,607,Germany,Female,44,10,93073.47,1,1,0,180716.74,1
2025,15607182,Mitchell,642,Germany,Female,38,0,111702.0,2,0,0,154766.04,0
2025,15602371,Schäfer,567,Germany,Female,44,2,140350.59,2,1,0,50012.49,1
2025,15607586,Thomas,624,Spain,Female,39,2,168461.48,2,1,1,194524.47,0
2025,15607145,Romero,751,Germany,Male,51,3,120021.49,2,1,0,46317.4,1
2025,15606135,Rodriguez,605,Spain,Female,34,6,139318.94,2,1,1,157704.69,0
2025,15607672,Garcia,761,Spain,Male,23,4,109425.04,2,1,1,192744.71,0
2025,15601526,Thomas,644,Spain,Male,23,3,0.0,2,0,0,84345.79,0
2025,15604058,Wolf,791,France,Female,51,5,142318.68,1,0,1,18435.29,0
2025,15606454,Laurent,644,France,Female,39,10,130798.88,2,1,0,130594.68,1
2025,15603252,Chu,603,France,Female,56,10,0.0,1,1,1,146718.8,0
2025,15606850,Meyer,710,France,Male,52,6,0.0,1,1,0,193082.9,1
2025,15600297,Zimmermann,714,Spain,Female,37,7,0.0,1,1,0,154371.5,0
2025,15607533,Garcia,646,Spain,Male,50,7,0.0,2,1,1,131853.86,0
2025,15607650,Bartlett,578,Germany,Male,36,5,71649.11,2,1,1,26950.1,0
2025,15601440,Navarro,673,Germany,Male,18,8,106364.28,2,1,0,166752.17,0
2025,15606861,Romero,551,Spain,Male,39,4,70344.36,1,0,1,12891.45,0
2025,15607227,Schröder,599,France,Male,34,3,0.0,1,1,0,15502.12,1
2025,15603423,Boni,776,Germany,Female,38,7,134544.73,1,1,0,34893.06,0
2025,15601434,Boni,535,Germany,Male,40,0,78932.61,2,1,0,39856.43,0
2025,15607548,Becker,546,France,Male,39,9,169489.75,3,0,1,32119.25,0
2025,15607481,Richard,639,Spain,Male,39,7,0.0,1,1,0,111631.44,0
2025,15600305,He,684,Spain,Female,25,4,0.0,2,0,0,47457.22,0
2025,15608913,Hill,762,France,Male,43,6,104183.61,1,1,0,15290.95,0
2025,15609180,Weber,622,Spain,Female,43,5,130867.91,1,0,1,49348.41,0
2025,15605923,Wolf,668,France,Female,38,0,85890.59,1,1,1,110302.49,0
2025,15606051,Dupont,774,Germany,Female,48,0,96855.8,1,1,1,41197.83,1
2025,15604383,Zimmermann,614,Spain,Male,43,2,88872.87,1,1,1,173593.08,0
2025,15608880,Martin,743,Germany,Male,59,1,163394.15,2,1,1,13612.61,1
2025,15608585,Schröder,611,Germany,Male,43,3,147424.46,2,1,0,108175.51,1
2025,15605343,Bernard,676,France,Female,54,7,0.0,1,1,1,126300.56,0
2025,15600732,Hernandez,478,France,Male,50,10,0.0,1,1,0,96323.34,0
2025,15606297,Richter,786,France,Female,28,3,0.0,2,0,0,37234.25,1
2025,15607437,Koch,550,Spain,Female,37,2,143404.15,1,0,0,88099.21,0
2025,15600484,Wolf,580,Germany,Male,50,8,111766.55,1,1,1,153456.1,1
2025,15605291,Gutierrez,770,France,Female,47,4,0.0,1,0,0,14433.75,1
2025,15602338,Zimmermann,724,France,Male,47,2,0.0,2,1,0,28695.56,0
2025,15602631,Wolf,650,France,Female,47,6,131238.04,2,1,1,132007.83,0
2025,15608198,Becker,642,Spain,Male,31,10,0.0,1,1,0,117997.69,1
2025,15606192,Koch,727,France,Male,42,4,0.0,1,1,0,158491.3,0
2025,15609029,Boni,616,France,Male,37,9,0.0,2,1,1,68783.04,0
2025,15605329,Gomez,712,Germany,Male,45,10,104651.98,3,1,0,77478.33,1
2025,15603911,Moreau,850,France,Male,28,1,0.0,2,1,0,72287.67,0
2025,15603896,Durand,611,France,Male,26,2,139798.36,2,1,0,175602.22,0
2025,15609168,Chidiebere,778,France,Female,23,10,0.0,2,1,1,20902.19,0
2025,15607214,Rodriguez,664,France,Male,31,5,103650.97,2,0,1,190530.81,0
2025,15607659,Jimenez,514,Spain,Female,43,0,50982.85,1,0,0,61089.9,0
2025,15605348,Fischer,542,France,Male,27,7,131852.1,1,1,1,138517.11,0
2025,15603333,Munoz,558,Germany,Female,27,2,218734.25,1,1,0,158767.63,0
2025,15608350,Romero,488,Germany,Female,47,0,109024.33,1,1,1,17809.0,1
2025,15609484,Braun,654,Spain,Male,37,6,0.0,1,0,1,79314.75,1
2025,15604508,Hernandez,406,Spain,Female,42,3,111873.59,1,1,1,73923.76,0
2025,15609062,Smith,679,France,Male,46,0,128986.96,1,1,1,126434.32,0
2025,15601126,Bartlett,707,Germany,Male,25,5,89526.34,1,1,1,186492.03,0
2025,15606314,Smith,745,France,Female,44,6,144143.36,3,1,1,134845.29,0
2025,15605580,Rodriguez,595,Germany,Female,29,1,112682.37,1,1,0,33109.71,1
2025,15609399,Neumann,543,France,Male,33,3,84526.26,1,1,0,87784.67,0
2025,15603869,Koch,665,France,Female,38,1,0.0,2,1,1,178821.46,0
2025,15608855,Hernandez,553,France,Male,39,5,0.0,2,1,0,122757.16,0
2025,15609828,Koch,701,Spain,Male,53,0,0.0,1,1,1,130852.82,0
2025,15603385,He,577,Spain,Male,51,8,136450.5,2,1,1,168907.84,0
2025,15600820,Koch,660,Germany,Female,40,2,130619.18,2,1,0,113871.57,1
2025,15608268,Boni,526,Spain,Male,22,9,0.0,2,0,1,181083.92,0
2025,15601907,Dubois,739,France,Male,41,9,79250.54,2,1,0,187199.45,0
2025,15605226,Boni,617,Germany,Female,44,1,111817.93,4,1,1,121318.8,1
2025,15601848,Ruiz,499,Germany,Female,26,6,102386.03,2,1,0,33227.87,0
2025,15604350,Diaz,689,Germany,Male,38,4,79688.86,2,1,1,78247.72,0
2025,15607415,Onio,748,Spain,Male,26,9,104243.81,1,1,0,148689.97,0
2025,15605487,Munoz,582,Spain,Male,38,3,0.0,2,1,0,15147.46,0
2025,15600415,Bauer,671,Germany,Male,19,8,119444.53,3,1,0,106208.68,0
2025,15601986,Schmidt,615,Germany,Male,50,3,108777.9,2,1,0,191655.4,1
2025,15601960,Schwarz,763,Germany,Male,51,1,75186.87,1,1,1,94094.84,1
2025,15608381,Romero,633,France,Male,52,5,0.0,1,1,0,114215.81,0
2025,15606069,Bernard,717,Spain,Female,24,0,0.0,2,1,1,63253.69,0
2025,15605043,Moreno,532,France,Male,32,2,0.0,1,1,1,37503.03,0
2025,15600894,Sanchez,646,Spain,Female,50,10,0.0,1,1,1,11475.77,0
2025,15608840,He,691,France,Male,28,7,131016.12,1,0,0,75698.82,0
2025,15602225,Robert,550,France,Female,34,4,0.0,2,1,1,67215.33,0
2025,15605703,Lopez,675,France,Male,23,4,0.0,2,1,0,84062.77,0
2025,15604604,Chidiebere,489,France,Male,50,6,104256.47,1,1,1,112402.48,0
2025,15607643,Schwarz,691,Spain,Male,32,7,95497.82,2,1,0,16164.86,0
2025,15602221,Navarro,732,France,Male,36,8,0.0,1,1,1,86963.95,0
2025,15604412,Moreno,685,France,Male,43,0,114153.97,1,1,1,78494.84,0
2025,15606782,Krüger,671,Germany,Female,31,9,69277.37,1,0,0,110587.53,0
2025,15601655,Petit,634,Spain,Female,44,6,93735.43,1,0,0,186484.54,0
2025,15601752,Richter,789,Spain,Male,33,1,77570.98,1,1,1,126494.21,0
2025,15603924,Ruiz,475,France,Male,65,4,0.0,2,0,0,43669.2,0
2025,15606122,Chu,688,Germany,Female,40,9,88214.5,1,0,0,148865.18,1
2025,15602100,Ruiz,788,France,Female,20,3,111928.47,1,0,0,14672.61,0
2025,15605373,Hill,740,France,Female,66,4,114934.3,1,1,0,47954.7,0
2025,15603623,Krüger,679,Spain,Female,45,8,0.0,1,1,1,120016.76,1
2025,15609114,Fischer,758,France,Male,31,5,0.0,2,0,0,185682.79,0
2025,15602837,Alonso,640,France,Male,48,9,121412.91,1,1,1,66196.94,0
2025,15600647,Obinna,702,Germany,Male,38,9,122515.36,1,0,1,73378.85,0
2025,15608399,Durand,615,Germany,Female,21,10,106970.31,2,1,1,189473.11,0
2025,15607825,Fischer,702,Spain,Female,36,10,0.0,2,1,1,24744.0,0
2025,15602356,Alonso,570,France,Female,18,5,0.0,2,1,0,87771.99,0
2025,15609810,Chu,762,France,Male,38,5,0.0,1,1,0,164590.25,0
2025,15602379,Becker,666,Spain,Male,62,7,119543.07,1,1,0,149127.3,1
2025,15601199,Schmidt,595,France,Female,30,2,128247.0,2,1,1,25580.43,0
2025,15606591,Jimenez,749,France,Male,24,6,0.0,1,1,0,102921.11,0
2025,15606332,Schäfer,671,Germany,Male,58,8,78064.11,1,1,0,49841.77,1
2025,15607820,Moreau,364,Spain,Female,42,7,0.0,2,1,1,47201.71,0
2025,15608566,Robert,612,Germany,Male,32,1,134228.15,1,0,0,79873.78,1
2025,15606704,Weber,561,France,Female,28,1,0.0,1,1,0,197720.21,0
2025,15608612,Jimenez,723,Germany,Male,43,7,122979.6,1,1,1,170271.35,1
2025,15607338,Michel,771,Germany,Male,35,8,126291.67,1,1,0,171524.55,0
2025,15603110,Chidiebere,702,France,Female,42,6,0.0,1,1,0,182710.01,0
2025,15604449,Fischer,564,France,Male,27,2,183959.05,1,0,0,173626.7,0
2025,15605542,Simon,706,France,Male,38,3,100699.41,2,0,1,72870.47,0
2025,15604697,Hill,537,Spain,Female,44,4,102430.46,2,1,0,172439.94,0
2025,15609725,Laurent,821,France,Female,56,1,0.0,2,1,1,101836.26,0
2025,15602357,Petit,604,Germany,Male,36,1,90664.84,2,1,0,92627.72,1
2025,15608939,Schulz,781,France,Male,32,7,0.0,2,1,1,108988.42,0
2025,15605911,Moreau,673,France,Female,54,1,0.0,1,1,1,60255.38,0
2025,15606515,Rodriguez,613,Germany,Male,43,1,120442.32,1,0,1,169203.41,1
2025,15607655,Durand,647,France,Male,34,8,0.0,2,1,1,111358.75,0
2025,15607648,Thomas,547,Germany,Male,63,4,102748.9,2,0,0,185378.18,1
2025,15604591,Smith,696,France,Male,38,5,0.0,1,0,1,168613.06,0
2025,15602857,Becker,543,Germany,Male,35,7,119953.41,1,0,0,33020.99,0
2025,15603930,Moreau,548,Germany,Male,28,4,161371.65,1,1,1,80706.19,0
2025,15602597,Munoz,670,France,Female,59,0,81556.41,1,1,1,82189.31,0
2025,15604005,Schäfer,584,France,Male,37,3,0.0,1,1,1,147626.25,0
2025,15605775,Schäfer,665,France,Female,36,6,0.0,1,1,1,10999.71,0
2025,15609054,Wagner,660,France,Female,42,3,67469.05,1,1,1,192758.65,1
2025,15607970,Alonso,700,France,Male,34,4,0.0,2,1,1,101558.12,0
2025,15605774,Torres,504,France,Male,25,5,0.0,1,0,0,153344.04,0
2025,15602367,He,625,Germany,Male,29,1,116441.96,2,1,0,37274.44,0
2025,15606317,Richter,757,France,Female,49,10,131895.51,2,0,1,67179.35,0
2025,15602438,Garcia,643,France,Male,49,6,140828.54,1,0,1,64074.97,1
2025,15607712,Petit,600,France,Female,42,0,0.0,3,1,0,180128.12,1
2025,15601842,Hill,651,France,Male,18,3,0.0,3,1,1,13042.85,0
2025,15602445,Moreno,528,France,Female,45,3,120046.1,1,0,1,146663.79,0
2025,15604571,Schmidt,675,France,Male,45,10,116921.86,2,1,1,153758.15,0
2025,15602285,Dupont,777,Spain,Male,49,6,0.0,2,1,0,183805.2,0
2025,15602019,Schwarz,507,Germany,Male,46,2,81712.96,1,0,1,137650.8,1
2025,15608259,Petit,750,Germany,Female,44,8,89308.58,1,1,1,67570.5,1
2025,15601575,Richter,758,France,Female,36,5,0.0,2,1,0,119707.17,0
2025,15603966,Becker,667,France,Female,44,3,160859.34,3,1,0,60845.74,1
2025,15604997,Perez,850,Spain,Female,53,8,113686.72,2,1,0,147257.48,0
2025,15608925,Leroy,637,France,Male,31,9,0.0,2,0,1,49296.48,0
2025,15605679,Chu,672,Spain,Male,40,1,119909.75,2,0,1,157493.56,0
2025,15606583,Ruiz,658,France,Male,47,0,0.0,1,1,1,107277.57,0
2025,15605269,Schäfer,510,France,Female,41,2,0.0,1,1,1,43437.81,1
2025,15608000,Fischer,615,Spain,Male,50,9,0.0,2,0,1,133421.81,0
2025,15605905,Moreau,678,France,Male,18,0,70265.09,1,1,0,179726.44,0
2025,15607107,Garcia,662,France,Male,42,8,0.0,1,1,0,84809.2,0
2025,15606324,Schröder,469,France,Male,60,5,0.0,1,1,0,71239.93,0
2025,15605536,Lefebvre,793,Germany,Female,50,3,147042.77,1,1,0,186890.03,1
2025,15608608,Torres,659,Germany,Female,64,1,106251.51,1,0,1,125387.94,1
2025,15608690,Hargrave,666,France,Male,28,6,0.0,2,1,0,144781.46,0
2025,15608225,Durand,692,Spain,Male,44,3,120063.97,1,1,0,170491.06,0
2025,15604367,Leroy,617,France,Male,36,6,102643.64,2,1,1,87947.53,0
2025,15607472,Schmidt,622,France,Male,42,7,118653.74,3,1,0,195643.27,0
2025,15603765,Fischer,737,France,Male,44,4,0.0,1,1,1,160268.82,0
2025,15601418,Ruiz,502,Spain,Male,43,1,0.0,2,1,1,63978.64,0
2025,15607837,Robert,643,France,Male,41,1,0.0,2,1,1,76218.32,0
2025,15602570,Moreau,776,France,Female,40,9,97895.38,1,1,0,126706.12,0
2025,15603086,Wolf,848,France,Male,30,9,0.0,2,1,1,159026.22,0
2025,15609898,Martin,594,France,Female,35,7,88541.75,1,1,0,52749.11,0
2025,15608497,Schneider,529,France,Female,28,10,0.0,1,0,0,78537.55,1
2025,15605424,Mitchell,785,Germany,Male,44,8,101990.6,2,1,0,190867.57,1
2025,15609608,Alonso,532,Spain,Male,24,1,0.0,1,0,0,15825.64,0
2025,15604594,Schröder,628,France,Male,32,0,0.0,2,1,0,91494.37,0
2025,15608395,Becker,687,Germany,Female,47,10,96372.27,2,1,0,156613.58,1
2025,15604249,Garcia,769,France,Female,33,10,0.0,1,1,0,92458.25,1
2025,15601131,Rodriguez,625,Spain,Female,38,10,0.0,1,1,1,82876.67,0
2025,15605781,Becker,790,France,Female,41,5,135550.74,1,1,0,47649.78,1
2025,15608325,Wagner,704,Germany,Male,19,2,139150.38,1,1,1,85314.68,0
2025,15605958,He,833,France,Male,46,1,116770.62,2,1,1,171285.72,0
2025,15606027,Munoz,758,France,Male,53,6,0.0,1,1,1,74735.31,0
2025,15606949,Muller,655,Spain,Male,27,2,136388.22,1,1,0,27265.22,0
2025,15607150,Moreno,687,France,Female,49,9,0.0,1,0,0,92824.41,0
2025,15603863,Zimmermann,640,Germany,Male,56,10,137255.99,1,0,1,175999.19,1
2025,15607540,Muller,668,France,Female,29,2,0.0,1,0,0,124691.61,0
2025,15605009,Krüger,719,Spain,Male,50,8,0.0,2,0,0,86784.3,1
2025,15606348,Martinez,592,France,Male,20,8,74806.69,1,1,1,38806.21,0
2025,15604110,Diaz,556,France,Male,47,5,56288.72,1,1,0,53336.15,0
2025,15603361,Munoz,626,France,Female,36,3,0.0,1,1,0,144521.2,0
2025,15601670,Smith,653,Spain,Male,41,4,75787.69,1,1,1,198591.06,0
2025,15605656,Dupont,802,France,Female,26,9,87161.36,1,0,0,178717.53,0
2025,15603382,Dominguez,765,Spain,Female,59,4,0.0,2,1,0,169390.63,0
2025,15601240,Krüger,687,France,Male,41,6,204795.01,2,1,0,95185.11,0
2025,15603430,Navarro,768,Germany,Male,43,10,80408.47,1,0,0,180938.95,1
2025,15602569,Sanchez,696,Spain,Female,52,4,112945.93,2,0,0,153311.6,0
2025,15608678,Navarro,676,France,Male,18,0,173798.44,2,1,0,97483.59,0
2025,15600155,Moreau,622,France,Male,32,7,45500.55,2,1,1,49519.55,0
2025,15601562,Krüger,462,France,Female,31,1,0.0,1,1,1,65986.08,0
2025,15600900,Sanchez,650,Germany,Female,18,3,122878.47,1,1,0,26446.4,0
2025,15605738,Hoffmann,753,France,Female,43,2,147436.43,1,1,1,25397.34,0
2025,15607767,Garcia,662,France,Female,64,8,0.0,2,0,1,79534.82,0
2025,15604690,Mitchell,691,France,Female,41,10,166838.5,2,1,1,94650.64,1
2025,15609553,Martin,697,Spain,Male,44,4,0.0,1,0,0,198720.76,0
2025,15601984,Martinez,760,Spain,Female,51,8,0.0,1,0,1,21110.87,0
2025,15609306,Perez,546,France,Female,33,5,99652.19,1,0,0,139151.01,0
2025,15608504,Simon,812,Germany,Female,35,9,132642.77,1,0,0,59530.69,0
2025,15608968,Schulz,850,France,Male,55,5,123174.74,1,1,0,99219.76,0
2025,15609559,Romero,581,Germany,Female,45,3,159275.24,1,1,0,76564.52,1
2025,15606890,Diaz,776,France,Female,40,8,0.0,2,1,0,95477.16,0
2025,15606345,Martin,676,Germany,Female,31,4,138842.8,1,1,1,182942.51,1
2025,15605076,Petit,560,France,Male,31,0,0.0,2,0,1,157493.16,0
2025,15609538,Meyer,676,Germany,Female,50,3,152687.39,1,1,0,43022.29,1
2025,15605152,Schulz,606,Spain,Male,36,5,0.0,2,1,0,99400.94,0
2025,15604294,Bauer,649,France,Male,45,1,0.0,2,0,0,85179.05,0
2025,15601396,Martin,608,France,Female,37,10,0.0,1,0,1,105311.69,0
2025,15603935,Leroy,530,Spain,Female,43,4,94761.15,1,1,0,90482.48,0
2025,15604780,Martin,656,Spain,Female,18,3,0.0,1,1,0,57891.79,0
2025,15609359,Bernard,756,France,Female,36,9,145206.33,2,1,0,126963.58,0
2025,15605909,Dupont,578,France,Male,39,6,0.0,2,0,0,72965.69,0
2025,15608687,Schmidt,565,Spain,Female,32,1,0.0,1,1,1,37723.96,0
2025,15604731,Bauer,572,France,Female,36,9,46026.2,2,1,1,34953.75,0
2025,15604738,Martin,416,Spain,Female,41,9,0.0,1,1,0,110588.22,0
2025,15606358,Alvarez,598,France,Male,43,1,0.0,1,1,0,46886.68,0
2025,15607963,Klein,669,France,Male,18,5,0.0,2,1,0,86650.1,0
2025,15606413,He,615,Germany,Male,35,5,61769.77,2,0,0,196480.29,0
2025,15605370,Mitchell,805,Spain,Male,38,6,147993.21,1,0,1,196538.23,0
2025,15607922,Zimmermann,610,France,Female,30,3,108821.71,2,1,1,129878.1,0
2025,15602175,Moreau,507,France,Male,31,4,0.0,2,1,0,28273.91,0
2025,15603887,Neumann,593,Spain,Female,41,0,0.0,2,1,0,156865.02,0
2025,15609857,Martin,595,Germany,Male,46,0,78507.64,2,1,0,149482.12,1
2025,15600218,Wagner,732,France,Female,41,2,125868.06,1,0,0,118191.18,0
2025,15605154,Munoz,641,France,Male,29,8,11585.45,1,1,0,174972.53,0
2025,15605636,Garcia,689,France,Female,30,8,0.0,2,1,0,19136.26,0
2025,15609556,Schröder,495,France,Female,37,2,86128.12,1,0,0,96361.43,0
2025,15605941,Klein,656,Germany,Female,47,1,156991.55,1,1,0,176176.66,1
2025,15607362,Lefebvre,599,Spain,Male,35,10,89131.88,1,1,0,63397.5,0
2025,15606527,Schneider,824,France,Female,41,6,81069.12,2,1,1,84448.2,0
2025,15602520,Mitchell,661,Spain,Female,22,9,0.0,3,1,0,44502.86,1
2025,15609082,Robert,708,France,Male,46,1,0.0,1,1,1,32250.86,0
2025,15603412,Bartlett,773,France,Female,28,5,218445.98,1,1,0,139351.94,0
2025,15608027,Bernard,704,Germany,Male,45,9,42243.61,1,1,0,98939.49,1
2025,15608676,Wolf,565,Spain,Male,40,8,145773.73,1,0,0,72447.38,0
2025,15605519,Munoz,563,Spain,Female,66,1,0.0,1,0,1,83503.44,0
2025,15602713,Wolf,577,France,Male,32,0,0.0,2,1,1,123386.46,0
2025,15603017,Schröder,707,France,Male,24,10,0.0,1,1,1,97425.93,0
2025,15600136,Laurent,561,France,Female,40,7,0.0,2,0,1,194985.44,0
2025,15606682,Michel,591,Germany,Female,30,1,77376.97,1,1,1,16545.32,1
2025,15603890,Richter,548,France,Female,47,8,86773.74,1,1,1,54177.88,1
2025,15602455,Becker,595,Germany,Male,26,1,89529.94,1,1,0,120834.17,0
2025,15604611,Dubois,542,France,Female,59,6,91744.34,1,0,0,183301.54,0
2025,15605805,Romero,579,Spain,Male,60,3,0.0,1,1,1,116211.13,0
2025,15608211,Diaz,626,France,Male,21,4,0.0,2,1,0,32906.59,0
2025,15604360,Hargrave,597,Spain,Male,23,0,0.0,2,1,1,14288.73,0
2025,15604175,Smith,588,France,Female,45,8,0.0,2,1,0,79397.63,0
2025,15608712,Rodriguez,778,France,Female,24,2,0.0,1,1,1,114546.11,1
2025,15608401,Robert,809,France,Male,32,5,98856.92,2,0,1,51626.97,0
2025,15602755,Dupont,686,France,Female,46,8,0.0,2,1,1,164359.32,0
2025,15604863,Wolf,850,France,Female,29,8,0.0,1,1,1,96541.18,0
2025,15602451,Michel,572,Spain,Male,26,7,98688.92,1,1,1,78696.92,0
2025,15606902,Gutierrez,601,Spain,Male,55,6,141027.33,3,0,0,127591.64,1
2025,15606056,Bartlett,627,Germany,Female,46,5,99169.1,1,1,1,141898.64,1
2025,15609620,Perez,593,France,Female,26,5,0.0,2,1,0,132902.03,0
2025,15603219,Koch,731,France,Male,36,6,102613.78,1,1,1,28992.87,0
2025,15601331,Krüger,825,France,Male,36,3,93507.35,1,1,1,77459.55,0
2025,15602609,Diaz,631,France,Female,27,5,0.0,1,0,0,58957.67,0
2025,15605022,Perez,773,France,Male,44,3,114205.31,3,1,1,12158.26,0
2025,15607629,Schmidt,669,Spain,Male,41,4,0.0,2,1,0,130668.68,0
2025,15602686,Hargrave,467,France,Male,45,2,0.0,1,1,1,74913.48,0
2025,15601145,Moreau,566,France,Female,59,0,0.0,1,1,0,118392.26,0
2025,15604223,Weber,670,France,Male,46,9,0.0,1,1,1,14106.83,0
2025,15609057,Bartlett,609,France,Female,28,10,147174.42,1,0,1,143503.16,1
2025,15604966,He,766,France,Male,39,8,0.0,1,1,1,60517.27,0
2025,15601220,Bauer,618,Germany,Female,46,10,133858.76,2,1,0,21279.37,1
2025,15608773,Dupont,514,Germany,Female,30,2,127587.66,1,1,1,84423.99,0
2025,15604254,Simon,544,Spain,Female,30,3,0.0,1,1,1,144344.59,0
2025,15603880,Onio,529,France,Male,39,4,95267.51,1,1,1,185770.78,0
2025,15606586,Boni,719,France,Female,26,2,25351.8,2,1,1,124262.79,0
2025,15602728,Schmidt,686,Germany,Male,43,9,118591.52,4,1,1,160014.56,1
2025,15605845,Sanchez,805,France,Female,57,4,0.0,1,1,1,73956.34,0
2025,15609712,Weber,629,France,Male,38,1,0.0,1,1,0,20084.97,0
2025,15600318,Lopez,628,Spain,Male,49,5,0.0,1,1,1,74429.59,0
2025,15600371,Bartlett,820,Spain,Female,41,4,0.0,1,1,0,124649.0,0
2025,15600329,Richard,713,Spain,Female,31,7,144610.78,1,0,1,63968.04,1
2025,15608483,Martin,536,France,Male,29,8,0.0,2,1,1,174465.24,0
2025,15603288,Zimmermann,558,France,Male,39,7,0.0,2,0,1,41210.38,0
2025,15604170,Hill,644,Spain,Male,50,1,136186.11,2,1,1,55680.29,0
2025,15604935,Neumann,790,Germany,Male,42,9,152982.44,1,0,0,149365.88,1
2025,15601630,Schröder,719,France,Female,33,3,0.0,1,1,1,198384.39,0
2025,15601181,Sanchez,615,Germany,Male,31,9,105975.46,2,1,0,183331.38,1
2025,15606184,Martin,850,Germany,Female,40,5,133715.33,1,1,1,124553.48,0
2025,15602995,Weber,573,Germany,Female,28,3,150889.35,1,1,0,30943.58,0
2025,15607691,Richter,758,France,Male,43,2,0.0,2,1,1,116684.97,0
2025,15609320,Simon,742,Germany,Male,44,7,86651.69,1,0,0,175585.77,1
2025,15602777,Rodriguez,730,France,Male,36,3,0.0,2,1,1,95367.14,0
2025,15608083,Chu,676,France,Female,23,1,140659.07,2,0,0,12815.14,0
2025,15608909,Gutierrez,583,Spain,Female,57,2,0.0,2,1,1,127240.26,0
2025,15603057,Bartlett,645,France,Male,51,0,0.0,2,1,0,87602.61,0
2025,15603226,Muller,611,France,Male,25,10,83222.5,1,1,1,67452.57,0
2025,15600792,Schulz,850,France,Male,34,1,142484.5,2,1,1,85410.87,0
2025,15607987,Richard,623,France,Female,32,0,0.0,2,0,0,147289.63,0
2025,15601054,Obinna,739,France,Female,40,0,0.0,1,1,1,142872.38,0
2025,15600973,Sanchez,626,Spain,Male,38,3,0.0,2,1,0,185467.44,0
2025,15605005,Schäfer,708,France,Male,43,9,115883.6,2,0,1,152039.43,0
2025,15609162,Bauer,716,Spain,Male,42,7,0.0,1,1,0,165164.69,0
2025,15608704,Braun,665,Spain,Male,36,9,0.0,1,1,0,169360.05,0
2025,15606760,Simon,791,France,Male,42,6,119712.91,1,0,1,30729.62,0
2025,15602291,Onio,597,France,Female,34,7,0.0,2,1,0,49616.12,0
2025,15604504,Bauer,476,Spain,Female,36,9,166748.81,1,1,0,67653.05,0
2025,15606261,Dominguez,628,France,Male,38,0,0.0,1,1,1,67261.26,0
2025,15603689,Richter,735,Germany,Female,30,8,119380.91,1,1,1,14754.22,0
2025,15604130,He,758,France,Male,39,4,0.0,1,1,0,30318.1,0
2025,15609586,Diaz,548,France,Female,28,4,0.0,2,0,1,96747.15,0
2025,15600602,Fischer,694,France,Male,35,4,0.0,2,1,0,96055.68,0
2025,15602364,Chu,841,Spain,Male,47,3,0.0,1,1,1,54542.75,0
2025,15604532,Lefebvre,517,Germany,Female,24,2,55123.53,3,1,0,159166.62,1
2025,15602969,Obinna,433,Spain,Female,42,3,72000.62,2,0,0,137795.0,0
2025,15601594,Robert,674,Germany,Male,54,4,177545.89,2,0,1,40591.17,1
2025,15604602,Muller,644,France,Male,19,8,62017.0,2,0,0,185471.24,0
2025,15604671,Wolf,544,Germany,Female,48,6,159940.73,2,1,1,185378.22,1
2025,15600419,Alonso,653,Germany,Female,24,5,98436.37,2,1,0,101089.2,0
2025,15603281,Chu,497,France,Male,44,8,0.0,2,1,1,145748.17,0
2025,15600370,Navarro,563,France,Female,45,8,0.0,2,0,1,166916.74,0
2025,15602997,Romero,620,Spain,Female,26,7,68030.4,1,1,1,119843.79,0
2025,15603303,Smith,685,France,Male,47,7,109409.82,2,1,1,44448.99,0
2025,15606257,Munoz,644,Germany,Male,18,9,100711.45,1,1,1,164992.01,0
2025,15602996,Torres,696,France,Female,21,8,67605.62,2,1,0,121891.22,0
2025,15605959,Simon,558,France,Female,52,2,97102.27,1,1,0,156135.77,1
2025,15602166,Hernandez,652,France,Male,30,5,132608.87,2,0,0,40730.5,0
2025,15607229,Martinez,497,France,Male,44,9,139250.32,1,1,1,92439.9,0
2025,15601097,Martin,539,France,Male,50,10,0.0,1,1,1,119124.71,0
2025,15603530,Onio,636,Spain,Female,24,7,0.0,2,0,0,59457.94,0
2025,15600880,Schwarz,688,Germany,Female,51,9,141585.16,2,1,0,106102.25,1
2025,15606940,Obinna,611,Spain,Male,24,7,0.0,1,1,1,24824.72,0
2025,15600066,Muller,678,France,Male,39,4,63771.89,2,1,1,144838.85,0
2025,15604396,Petit,519,France,Male,44,4,0.0,1,1,0,159286.11,0
2025,15609904,Schäfer,643,France,Male,48,9,112177.88,2,1,1,88510.87,0
2025,15603855,Schulz,675,France,Female,29,8,0.0,1,1,1,11970.55,0
2025,15605509,Durand,753,Germany,Male,43,5,121281.35,1,1,1,23550.93,1
2025,15605359,Petit,606,Germany,Female,49,10,107016.03,1,1,0,177818.69,1
2025,15606904,Schröder,662,France,Female,48,1,126093.39,2,1,1,143504.79,0
2025,15607228,Schulz,666,Spain,Female,46,1,85864.87,1,1,1,129251.5,0
2025,15604894,Martin,643,Spain,Male,19,5,0.0,1,1,0,184903.78,0
2025,15604054,Dominguez,611,France,Male,41,6,89602.52,1,1,0,51955.25,0
2025,15602304,Koch,621,France,Male,48,7,80914.56,1,1,1,90488.15,0
2025,15608181,Robert,648,France,Female,34,10,0.0,2,1,0,41688.07,0
2025,15600398,Hernandez,540,Spain,Female,37,3,127312.24,2,0,1,55527.4,0
2025,15602890,Richard,520,Germany,Female,29,1,97439.55,2,0,1,189408.67,0
2025,15604778,Jimenez,632,Spain,Male,42,9,0.0,1,1,1,119637.29,0
2025,15601762,Sanchez,725,Germany,Male,53,8,148906.05,3,1,0,154203.66,1
2025,15601972,Schröder,601,Germany,Male,40,10,94903.57,2,1,1,144883.72,0
2025,15607919,Fischer,774,France,Female,40,9,0.0,1,1,0,151822.74,0
2025,15603745,Torres,693,Germany,Male,39,6,133415.82,2,1,0,31478.23,0
2025,15604140,Martin,740,France,Male,45,10,0.0,1,1,0,43983.91,1
2025,15603221,Hargrave,669,France,Male,38,5,0.0,2,1,1,160031.5,0
2025,15607743,He,850,Spain,Male,55,5,51317.73,2,0,1,97173.64,0
2025,15600737,Richter,527,Spain,Male,26,5,0.0,1,0,1,120580.02,0
2025,15600189,Richard,499,France,Male,59,8,49907.82,1,1,0,70431.09,0
2025,15604074,Jimenez,663,Spain,Male,37,5,141738.92,1,1,0,170524.77,0
2025,15608510,Jimenez,673,Spain,Male,57,5,0.0,1,1,1,22464.93,0
2025,15607201,Dupont,785,Spain,Female,57,7,0.0,1,1,0,86009.31,1
2025,15604085,Koch,811,Spain,Male,18,5,112486.36,3,1,0,141757.56,1
2025,15609183,Hill,580,Spain,Female,43,4,0.0,1,1,1,171388.9,0
2025,15604216,Schulz,604,France,Female,37,0,128614.01,1,0,1,123601.43,0
2025,15608158,Perez,704,France,Male,33,6,41036.11,2,1,1,70857.46,0
2025,15604081,Wolf,723,Spain,Male,35,5,103061.63,2,1,0,30494.06,0
2025,15601305,Klein,797,France,Male,47,8,153198.81,1,1,0,62762.35,1
2025,15606251,Dubois,705,Germany,Female,42,10,133762.92,2,0,1,193632.55,1
2025,15601555,Klein,528,France,Female,48,9,0.0,2,0,1,27730.39,0
2025,15602561,Boni,649,Germany,Female,42,0,125386.91,2,1,1,17013.64,1
2025,15605907,Simon,521,France,Male,18,0,92487.47,1,1,0,20235.29,0
2025,15604732,Lefebvre,484,Spain,Male,31,0,0.0,1,1,1,136816.56,0
2025,15607649,Koch,726,Germany,Female,28,1,99194.09,1,1,1,57191.29,0
2025,15602682,Rodriguez,588,France,Male,69,8,128517.78,2,1,1,69070.12,0
2025,15606664,Zimmermann,637,France,Female,20,7,106306.26,1,0,1,105257.23,0
2025,15601308,He,432,France,Male,32,6,105516.43,1,0,1,63411.24,0
2025,15608466,Onio,579,Spain,Male,27,0,106866.72,2,1,1,156632.09,0
2025,15608246,Garcia,757,Spain,Male,30,7,0.0,2,1,1,112112.42,0
2025,15609746,Onio,518,Spain,Male,36,7,0.0,1,1,1,137650.57,0
2025,15602033,Petit,715,France,Female,44,1,103384.21,2,1,0,136048.33,0
2025,15603425,Lefebvre,689,Germany,Female,33,7,64664.25,2,0,1,101630.21,0
2025,15605041,Zimmermann,632,France,Female,36,5,132516.16,2,1,1,69052.6,0
2025,15607079,Rodriguez,665,Germany,Male,58,2,134045.18,2,0,0,161853.92,1
2025,15603146,Torres,685,France,Male,42,0,0.0,1,1,1,155910.77,0
2025,15609787,Ruiz,571,France,Female,35,2,0.0,2,0,0,73997.48,0
2025,15602377,Ruiz,645,France,Male,19,2,0.0,2,1,1,169353.42,0
2025,15600414,Navarro,634,France,Female,44,3,162719.34,1,1,1,160023.22,0
2025,15600793,Dupont,732,Germany,Male,51,4,97048.36,1,0,1,29196.77,1
2025,15601154,Martin,664,France,Male,21,7,132303.44,1,1,1,18307.02,0
2025,15602030,Richard,768,France,Female,30,10,0.0,2,0,0,31315.02,0
2025,15609177,Petit,494,Spain,Male,37,6,0.0,1,1,1,83312.5,0
2025,15602191,Mitchell,680,France,Female,47,2,0.0,1,1,0,64873.87,0
2025,15601003,Hill,640,Spain,Male,52,9,167850.85,2,1,1,12169.36,0
2025,15603821,Moreau,764,France,Female,23,2,0.0,1,1,0,147695.93,0
2025,15601980,Zimmermann,751,Spain,Male,39,4,88816.57,2,1,0,179224.84,0
2025,15602614,Martinez,478,Germany,Female,47,6,76178.33,2,1,1,13146.45,1
2025,15601739,Torres,657,Germany,Male,38,2,181916.86,2,1,0,95491.58,0
2025,15608863,Michel,584,France,Male,50,5,0.0,2,1,1,43188.38,0
2025,15602142,Smith,664,France,Male,45,9,0.0,1,1,1,74731.9,0
2025,15608769,Romero,625,Germany,Male,52,3,97264.39,2,1,1,33247.33,1
2025,15605658,Garcia,556,France,Female,30,0,177045.41,1,0,1,132601.43,0
2025,15605231,Bauer,709,France,Female,39,7,176631.41,1,0,0,56083.8,0
2025,15605121,Alvarez,583,Germany,Female,43,2,140460.65,2,1,1,145011.53,1
2025,15602353,Schneider,639,Spain,Male,27,10,41928.07,2,1,0,31998.78,0
2025,15609869,Petit,730,Germany,Male,30,5,120963.67,2,1,1,12774.68,0
2025,15603342,Dupont,515,Spain,Female,38,1,0.0,2,1,1,171436.68,0
2025,15607609,Dupont,518,France,Female,21,4,0.0,1,0,1,38811.88,0
2025,15609261,Hargrave,751,Germany,Male,40,2,93354.61,2,1,1,151881.23,0
2025,15606809,Braun,521,Spain,Female,43,4,0.0,1,1,0,18023.02,0
2025,15607202,Dupont,606,France,Male,49,9,0.0,1,1,1,158814.61,0
2025,15602589,Hoffmann,850,France,Male,46,2,118395.9,1,1,1,183243.95,1
2025,15600981,Wagner,687,Spain,Female,33,9,0.0,1,1,1,49861.92,0
2025,15601195,Moreau,746,Spain,Male,54,8,0.0,2,1,0,58954.35,0
2025,15608770,Koch,767,Spain,Female,34,5,145857.59,2,1,1,132931.47,0
2025,15604873,Schneider,766,France,Female,41,8,0.0,2,1,0,107656.74,0
2025,15609530,Gomez,815,France,Female,43,6,125924.41,1,1,0,117086.2,0
2025,15609996,Schmidt,747,Germany,Male,42,1,109941.97,2,1,1,100907.51,1
2025,15607912,Chu,589,France,Female,19,7,68497.99,1,1,0,121524.71,0
2025,15608961,Hoffmann,682,Germany,Male,46,1,135351.21,1,0,1,61931.88,1
2025,15604745,Garcia,717,Spain,Female,49,0,35391.53,1,0,1,193378.85,0
2025,15608159,Klein,542,Spain,Male,29,9,0.0,1,1,1,99964.93,0
2025,15600496,Meyer,558,Spain,Male,53,8,0.0,3,1,1,183000.97,1
2025,15608414,Bartlett,622,France,Female,48,6,0.0,1,1,0,155897.29,1
2025,15603453,Dupont,583,France,Male,22,7,0.0,1,1,1,13267.94,0
2025,15604336,Navarro,544,France,Male,36,1,61095.18,1,0,0,59228.12,0
2025,15608679,Moreau,407,France,Male,27,6,0.0,2,1,1,31340.52,0
2025,15609201,Rodriguez,735,France,Female,49,10,93501.57,1,1,0,13098.97,0
2025,15600464,Gomez,694,France,Female,30,10,150640.98,1,1,0,189897.3,0
2025,15600674,Gomez,768,Germany,Male,45,8,137012.52,1,1,1,119613.77,1
2025,15605531,Ruiz,695,France,Male,39,4,48122.21,1,1,1,149118.85,0
2025,15602804,Richter,740,Germany,Male,26,4,176547.38,2,1,1,178718.01,0
2025,15602526,Leroy,786,Spain,Male,53,6,0.0,1,0,1,169549.57,0
2025,15602762,Obinna,725,France,Male,23,7,0.0,1,1,0,173565.72,0
2025,15609510,Neumann,631,France,Female,36,10,0.0,2,0,0,140182.34,0
2025,15608597,Fischer,518,Spain,Female,47,5,0.0,2,0,1,40558.66,0
2025,15602050,Boni,636,Spain,Female,43,6,27544.68,1,1,0,74760.94,0
2025,15604496,Dubois,699,Germany,Female,38,3,106071.57,1,1,0,162402.48,1
2025,15603216,Schulz,703,France,Male,29,5,131185.74,2,1,0,36576.76,0
2025,15604105,Klein,665,France,Male,44,10,111159.26,1,1,1,87676.19,0
2025,15601292,Dominguez,675,France,Male,48,9,0.0,2,1,1,111223.27,0
2025,15604653,Smith,540,France,Female,52,9,0.0,1,0,1,110012.66,0
2025,15605669,Martin,724,France,Male,31,9,0.0,2,1,0,19189.54,0
2025,15603694,Bauer,712,France,Female,41,3,92196.05,2,1,1,187715.42,0
2025,15605286,Laurent,723,France,Female,48,7,0.0,2,1,1,57893.62,0
2025,15602653,Becker,618,France,Male,33,3,142280.63,2,0,0,165822.73,0
2025,15609742,Durand,456,Spain,Female,45,3,136875.28,1,1,1,151722.75,0
2025,15609165,Robert,693,France,Female,42,7,0.0,2,1,0,199809.64,1
2025,15602507,Munoz,597,Germany,Female,31,10,125174.49,1,1,1,85731.21,0
2025,15602034,Durand,498,Spain,Male,28,9,71378.78,2,1,1,130782.53,0
2025,15600907,Romero,825,Spain,Female,32,7,0.0,1,1,1,41697.45,0
2025,15609719,Munoz,624,Germany,Male,21,4,150017.38,1,1,0,40424.74,0
2025,15607088,Torres,624,France,Male,18,2,0.0,1,1,0,103397.41,0
2025,15602114,Schäfer,631,France,Male,34,4,0.0,2,1,1,58552.92,0
2025,15602981,Lefebvre,740,France,Female,18,3,87892.15,1,1,1,78319.47,0
2025,15602102,Perez,631,France,Male,37,9,79185.66,3,1,1,160571.75,0
2025,15605644,He,850,France,Male,39,8,0.0,1,1,1,30785.9,0
2025,15607632,Laurent,539,France,Male,32,0,103473.36,2,1,1,76021.0,0
2025,15607372,Meyer,467,France,Male,46,4,81507.29,2,1,1,38522.17,0
2025,15608592,He,742,Spain,Female,30,5,0.0,1,1,0,102559.72,0
2025,15605194,Robert,694,France,Female,34,5,119230.74,1,1,0,42437.0,0
2025,15602053,Alonso,671,Germany,Female,32,10,129902.31,1,1,1,89447.52,0
2025,15601208,Obinna,707,Germany,Male,44,8,131624.97,2,1,1,78120.75,1
2025,15606708,Lefebvre,758,France,Female,40,3,97173.71,2,1,1,17197.67,0
2025,15608748,He,746,France,Male,60,1,0.0,1,0,0,51849.65,0
2025,15607842,Ruiz,742,Germany,Male,32,7,122661.08,1,0,1,71246.38,0
2025,15608853,Obinna,501,Germany,Male,18,10,83757.39,1,1,0,76809.04,0
2025,15609626,Braun,652,Spain,Male,35,1,0.0,1,0,0,199265.73,0
2025,15601077,Jimenez,496,France,Female,30,1,0.0,2,0,0,132586.22,0
2025,15601412,Navarro,616,Germany,Male,43,3,132849.03,1,1,1,37456.11,1
2025,15602126,Rodriguez,745,Spain,Female,36,8,0.0,1,1,0,199320.02,0
2025,15609411,Onio,667,Spain,Male,55,10,0.0,1,1,1,164800.43,0
2025,15606044,Bernard,770,Spain,Female,28,6,96309.73,2,1,0,96178.57,0
2025,15609253,Jimenez,794,France,Male,32,3,0.0,1,1,1,31181.58,0
2025,15609346,Garcia,817,France,Male,36,5,0.0,2,1,1,43511.68,0
2025,15608094,Lefebvre,644,France,Female,51,9,65573.69,1,0,1,179939.32,0
2025,15609609,Fischer,741,Spain,Female,36,7,118303.36,1,1,1,97723.88,0
2025,15602275,Klein,673,France,Male,32,7,96941.91,1,1,1,41820.74,0
2025,15603292,Onio,850,Germany,Male,39,9,177754.34,1,0,1,193007.45,0
2025,15609480,Gutierrez,768,Germany,Female,43,2,47090.51,1,0,1,166737.94,1
2025,15609381,Chidiebere,663,France,Male,36,3,0.0,1,0,1,123710.25,0
2025,15605922,Obinna,485,Germany,Female,31,5,79447.15,2,0,0,94247.73,0
2025,15602852,Moreno,694,France,Female,53,8,0.0,1,1,1,142995.29,0
2025,15602580,Smith,466,Spain,Male,53,4,0.0,2,1,0,43380.89,0
2025,15604914,Lopez,710,France,Female,25,2,0.0,3,0,1,69833.51,1
2025,15604757,Braun,675,Spain,Female,23,2,0.0,1,0,1,68365.61,0
2025,15601063,Weber,442,France,Male,26,8,181837.46,2,0,0,148417.87,0
2025,15605692,Schwarz,815,Germany,Male,36,8,96925.11,1,1,0,62733.69,1
2025,15605236,Braun,544,France,Female,56,0,92077.05,2,1,0,165767.06,0
2025,15601438,Wolf,616,Germany,Male,45,0,148414.31,2,1,0,114529.51,1
2025,15607292,Wagner,603,France,Female,18,7,0.0,1,0,1,117609.09,0
2025,15602828,Garcia,679,France,Female,44,0,0.0,1,1,1,100781.69,0
2025,15607406,Leroy,739,Germany,Male,33,7,110486.74,2,1,1,90686.4,0
2025,15609225,Wolf,652,France,Male,29,10,138858.34,2,1,0,69440.15,0
2025,15609402,Ruiz,663,France,Female,23,1,0.0,2,1,0,122138.65,0
2025,15602009,Meyer,462,France,Male,57,0,0.0,1,0,1,70598.53,0
2025,15603279,Dominguez,611,Spain,Female,42,5,83940.55,1,1,1,50531.37,0
2025,15608047,Robert,722,France,Female,53,1,0.0,1,1,1,67863.99,0
2025,15604678,Alonso,685,France,Female,34,4,0.0,1,0,1,187733.14,0
2025,15603515,Martin,748,France,Male,56,1,73263.24,2,1,1,13254.18,0
2025,15607311,Braun,551,Spain,Female,55,5,0.0,1,1,0,174761.88,0
2025,15604264,Hargrave,645,Germany,Male,29,6,144906.77,2,0,1,81263.07,0
2025,15604288,Chidiebere,766,Spain,Male,49,1,75746.27,2,1,1,61916.35,0
2025,15601929,Wolf,590,France,Male,26,0,152449.0,1,1,1,118690.09,0
2025,15606340,Schäfer,532,Spain,Female,32,4,67836.55,1,1,0,193194.8,0
2025,15608176,Rodriguez,715,France,Female,54,3,139993.11,1,0,0,113833.54,1
2025,15603048,Schwarz,597,France,Male,42,9,135738.88,2,1,1,189345.47,0
2025,15600424,Muller,600,Germany,Female,43,6,148445.79,1,1,0,133541.93,1
2025,15609087,Rodriguez,590,France,Female,62,7,143389.54,2,1,0,51341.47,0
2025,15604089,Schäfer,508,France,Male,42,9,129748.08,4,1,1,173345.78,1
2025,15604566,Schulz,526,Germany,Male,45,0,111863.86,2,1,1,113645.06,1
2025,15605150,Bernard,684,France,Male,45,2,0.0,2,0,1,194757.83,0
2025,15606521,Chidiebere,733,France,Male,36,0,133779.98,1,1,0,174146.07,0
2025,15606012,Bartlett,636,France,Male,28,7,0.0,1,1,0,88059.08,0
2025,15602255,Ruiz,548,France,Female,38,8,0.0,1,1,1,49050.53,0
2025,15601259,Dominguez,597,France,Female,41,1,134544.66,2,1,0,22757.9,0
2025,15607273,Zimmermann,658,Germany,Female,40,8,18612.5,1,0,1,83887.56,1
2025,15606095,Romero,605,France,Female,44,2,0.0,1,1,1,187490.81,0
2025,15606077,Bartlett,509,France,Female,40,7,218466.09,2,0,0,72786.14,0
2025,15607371,Obinna,629,Spain,Female,37,6,0.0,2,1,0,79253.42,0
2025,15602513,Michel,623,France,Male,53,3,0.0,2,1,0,43816.37,0
2025,15600530,Moreau,712,France,Male,47,10,0.0,1,1,0,62963.16,0
2025,15606272,Wagner,696,France,Male,40,6,0.0,2,1,1,180006.61,0
2025,15605933,Dominguez,670,France,Female,44,9,0.0,1,1,1,93115.0,0
2025,15606001,Moreau,594,France,Female,39,3,141138.11,2,1,0,20281.37,0
2025,15603866,Martin,546,France,Male,43,4,0.0,2,1,0,86260.57,0
2025,15601101,Dupont,655,Germany,Female,38,10,111437.27,1,1,0,188089.68,1
2025,15609034,Bartlett,698,Germany,Female,55,9,153462.63,1,1,1,90685.39,1
2025,15600570,Ruiz,667,Spain,Male,44,8,0.0,2,1,1,89427.9,0
2025,15609670,Chidiebere,723,Germany,Male,29,2,106971.05,2,1,1,160471.16,0
2025,15602339,Schulz,566,Germany,Female,45,5,155656.56,2,1,1,155317.46,1
2025,15608800,Fischer,571,France,Female,41,10,124165.74,1,1,1,165885.48,0
2025,15609884,Bauer,601,France,Female,41,9,0.0,1,0,1,94431.68,0
2025,15605952,Schulz,604,Spain,Male,50,0,0.0,2,1,0,54152.67,1
2025,15606655,Dubois,625,Germany,Male,30,5,138052.25,2,1,1,196909.84,0
2025,15609196,Chidiebere,563,Germany,Female,32,9,111172.18,1,1,0,194092.83,1
2025,15600939,Wolf,378,Spain,Male,35,8,105584.1,2,0,1,152462.63,0
2025,15604498,Schmidt,505,Germany,Male,28,10,57864.93,1,0,0,23026.41,0
2025,15607126,Michel,646,Spain,Male,28,5,0.0,1,1,0,130308.99,0
2025,15605776,Mitchell,669,France,Female,32,2,142691.01,2,1,1,106000.46,0
2025,15608655,Dominguez,641,Spain,Female,18,6,145005.92,1,0,0,76515.65,0
2025,15607325,Perez,628,Germany,Male,30,4,130233.37,1,1,1,58712.57,0
2025,15605759,Perez,549,Germany,Female,21,2,90185.05,2,1,1,39666.09,0
2025,15607272,Rodriguez,696,France,Male,46,9,122918.17,1,0,1,182347.67,0
2025,15602730,Moreau,543,France,Male,36,9,93080.5,2,1,1,80470.73,0
2025,15606981,Sanchez,777,Spain,Female,57,9,88301.08,1,0,0,83691.54,0
2025,15609469,Krüger,755,France,Male,41,10,133196.68,2,1,0,114796.31,1
2025,15605021,Koch,728,Spain,Male,41,3,72351.94,1,1,0,158800.99,0
2025,15604843,Martin,569,France,Male,22,7,0.0,1,0,1,29634.57,0
2025,15605372,He,664,France,Female,52,8,112333.91,1,0,0,117988.48,0
2025,15601311,Durand,505,Germany,Female,18,1,94355.64,1,0,0,90774.44,0
2025,15609817,Bauer,671,France,Male,37,5,0.0,1,1,1,130271.05,0
2025,15605262,Schäfer,817,France,Female,49,10,56736.87,2,0,0,26961.44,0
2025,15604813,Moreno,611,France,Female,45,8,0.0,2,1,0,56506.51,0
2025,15602956,Lopez,721,France,Male,35,1,127295.7,2,1,0,182433.61,0
2025,15608664,Martin,612,Germany,Female,28,0,184653.08,2,0,1,31040.43,0
2025,15608983,Muller,752,Spain,Female,49,10,145353.79,1,1,1,70823.68,0
2025,15606955,Richard,597,France,Male,28,5,0.0,1,1,0,142920.0,0
2025,15601353,Laurent,670,France,Female,40,8,127626.13,1,1,0,149828.74,0
2025,15604369,Navarro,620,Germany,Female,46,8,107693.23,1,0,0,27305.09,1
2025,15609753,Bauer,750,France,Male,50,1,0.0,1,1,1,153960.28,0
2025,15608151,Klein,648,France,Male,30,1,0.0,2,0,1,137484.94,0
2025,15608129,Smith,602,Germany,Male,21,6,96576.97,2,1,0,34713.58,0
2025,15603060,Moreno,583,France,Female,30,4,85503.39,2,0,0,162751.59,0
2025,15605554,Richter,595,Germany,Male,37,10,84599.91,1,1,1,11598.9,0
2025,15606334,Schmidt,520,France,Male,44,9,0.0,2,1,0,149598.76,0
2025,15607204,Hoffmann,592,France,Female,46,1,124187.54,2,1,1,172319.36,0
2025,15606553,Richter,850,Germany,Male,28,5,97542.43,2,1,0,37990.69,0
2025,15607159,Alonso,677,France,Male,49,5,108504.53,2,0,0,146031.47,0
2025,15606029,Rodriguez,670,France,Male,41,8,0.0,1,1,1,88702.02,0
2025,15602039,Munoz,590,France,Female,40,0,81964.74,1,1,1,46679.05,0
2025,15604476,Richard,548,France,Female,70,3,0.0,2,1,0,115413.39,0
2025,15605438,Leroy,687,France,Male,34,8,0.0,1,1,1,185849.96,1
2025,15600783,Obinna,541,France,Male,49,1,117559.19,2,1,1,12326.48,0
2025,15605848,Diaz,641,France,Female,25,9,0.0,1,1,0,110603.11,0
2025,15604687,Richard,500,Germany,Female,31,3,126021.54,1,0,0,189365.2,0
2025,15603131,Bernard,715,France,Male,32,1,109627.19,2,0,1,161842.78,0
2025,15600599,Gomez,692,France,Male,33,8,0.0,2,1,1,92267.68,0
2025,15604150,Navarro,701,France,Female,30,4,0.0,2,1,1,103704.52,0
2025,15607756,Laurent,619,Germany,Male,37,10,125367.02,2,1,0,36574.32,0
2025,15606524,Lopez,598,France,Female,40,2,0.0,1,1,1,188101.96,0
2025,15605080,Schwarz,554,France,Male,25,5,83138.36,2,1,1,123045.17,0
2025,15605170,Garcia,723,France,Female,31,9,0.0,1,1,0,45018.24,0
2025,15600686,Hargrave,850,Germany,Male,47,8,120017.1,2,0,0,90746.58,1
2025,15603268,Moreau,547,France,Female,39,9,0.0,2,1,0,50649.47,0
2025,15600717,Hernandez,485,Spain,Female,49,4,0.0,2,1,1,23749.71,0
2025,15603302,Durand,692,France,Female,30,8,0.0,2,0,1,74596.58,0
2025,15604807,Ruiz,520,Spain,Female,36,1,0.0,2,1,1,122973.61,0
2025,15600605,Garcia,501,France,Male,51,6,0.0,2,1,0,197146.14,0
2025,15607498,Meyer,460,France,Male,24,2,131802.52,2,0,0,150628.47,0
2025,15601033,Hoffmann,741,France,Male,44,10,83360.37,1,1,0,108839.48,0
2025,15602209,Neumann,490,France,Male,33,2,0.0,2,1,0,141754.15,0
2025,15602986,Ruiz,727,France,Male,29,10,79307.05,2,1,0,195326.17,0
2025,15607840,Dominguez,655,Spain,Male,40,10,135365.19,1,1,1,131022.21,0
2025,15609477,Obinna,509,Spain,Male,23,10,0.0,2,1,1,102898.82,0
2025,15608984,Garcia,465,France,Male,39,1,125508.05,2,1,1,96561.52,0
2025,15609019,Durand,750,France,Male,60,5,108075.44,2,1,0,43400.6,0
2025,15608943,Torres,686,France,Female,39,7,92801.34,2,0,1,116813.84,0
2025,15600726,Krüger,637,France,Male,39,6,38704.64,1,0,0,148113.55,0
2025,15602185,Mitchell,713,Spain,Male,32,0,0.0,1,1,1,65220.16,0
2025,15605447,Hoffmann,745,Germany,Male,37,7,137539.98,2,0,1,97090.43,0
2025,15601698,Rodriguez,750,Germany,Female,51,8,119127.35,2,1,1,101996.32,1
2025,15603950,Richter,664,Spain,Male,28,1,0.0,1,0,0,79175.16,0
2025,15605649,Schneider,691,France,Female,47,2,178902.64,1,1,0,178057.49,0
2025,15601106,Wolf,583,Germany,Female,33,6,122854.11,1,1,1,103469.38,0
2025,15605850,Martinez,766,France,Male,47,1,124383.51,1,1,1,183580.99,0
2025,15600266,Martin,740,Spain,Male,22,1,0.0,2,1,1,107475.73,0
2025,15604155,Chidiebere,586,Spain,Female,30,8,0.0,1,1,0,34645.77,1
2025,15606116,Dubois,690,Spain,Male,32,6,0.0,1,0,1,129758.76,0
2025,15606338,Alonso,584,France,Female,35,6,108997.37,1,0,0,101736.32,0
2025,15600713,Smith,585,France,Male,35,1,112924.41,2,1,1,18524.75,0
2025,15607702,Chidiebere,760,France,Female,35,8,100043.36,2,1,0,139177.97,0
2025,15606397,Lefebvre,461,France,Female,42,3,0.0,1,0,0,187523.21,0
2025,15609375,Lefebvre,575,France,Male,38,9,103412.22,1,1,1,22794.71,0
2025,15608316,Bartlett,780,France,Female,36,1,0.0,2,0,0,175242.35,0
2025,15608593,Weber,815,Spain,Male,36,5,0.0,1,1,1,15039.43,0
2025,15601108,Obinna,671,France,Female,36,7,100256.65,2,1,1,172096.22,0
2025,15605908,Zimmermann,796,France,Female,30,6,0.0,2,1,0,179528.5,0
2025,15609299,Sanchez,680,Germany,Female,29,8,120371.54,2,1,1,32608.8,0
2025,15603068,Jimenez,468,France,Female,34,10,86326.31,2,1,1,64525.93,0
2025,15606825,Gomez,589,Germany,Male,30,10,176452.51,1,1,0,50514.59,1
2025,15603941,Meyer,620,Spain,Male,54,1,139781.82,1,1,0,190003.94,0
2025,15605780,Laurent,705,Germany,Male,39,4,186819.39,1,0,0,115198.28,0
2025,15600025,Hernandez,544,France,Female,52,8,122903.57,1,0,1,131352.25,0
2025,15607032,Gutierrez,650,Spain,Female,44,2,125397.72,1,0,0,19292.33,0
2025,15604772,Thomas,620,France,Female,38,3,168269.74,1,0,0,80907.71,0
2025,15602352,Mitchell,571,France,Male,30,10,138498.61,1,0,1,58348.91,1
2025,15603963,Navarro,740,France,Male,43,1,115682.1,1,1,0,184309.94,0
2025,15600269,Alvarez,622,Spain,Female,43,6,73397.18,2,1,1,83922.27,0
2025,15608189,Chu,673,France,Male,40,8,83835.77,1,1,1,97043.4,0
2025,15608684,Neumann,585,Spain,Female,48,4,0.0,2,0,0,15522.93,0
2025,15601029,Krüger,715,France,Female,31,3,117411.29,1,1,1,146908.95,0
2025,15607489,Gutierrez,580,Germany,Male,40,7,187992.92,2,1,1,119326.74,0
2025,15608709,Bauer,662,Spain,Female,30,3,0.0,1,0,1,23031.81,1
2025,15603906,Fischer,771,Spain,Male,53,9,92242.61,2,1,1,192928.44,0
2025,15600782,Schmidt,640,France,Male,22,10,0.0,2,1,1,107894.18,0
2025,15601996,Perez,652,France,Female,29,5,76729.41,2,0,1,178831.98,0
2025,15604934,Hernandez,628,France,Male,54,1,99382.44,1,1,1,22021.11,0
2025,15603893,Smith,692,Germany,Female,51,1,147561.01,1,1,1,37387.57,1
2025,15609187,Weber,585,Germany,Female,22,6,119296.01,2,1,0,68010.68,0
2025,15601821,Moreno,836,France,Male,47,6,109219.29,1,1,1,69406.74,0
2025,15606934,Smith,553,France,Male,30,5,57183.51,1,0,1,147327.67,0
2025,15602449,Leroy,622,France,Female,48,9,140573.0,1,1,0,175209.36,0
2025,15603533,Durand,484,Germany,Male,30,0,146882.38,1,1,0,158644.99,0
2025,15608613,Diaz,639,Germany,Male,42,5,126465.67,1,1,1,45029.71,1
2025,15600311,Moreau,665,Germany,Male,47,4,128180.55,1,1,1,140441.84,1
2025,15601298,Durand,680,France,Female,32,6,0.0,2,1,1,132060.25,0
2025,15600086,Hernandez,516,France,Female,42,4,122124.42,1,1,1,93643.84,0
2025,15607349,Zimmermann,476,Germany,Female,41,8,93880.83,1,1,0,180550.42,1
2025,15607685,Moreau,643,Spain,Female,21,9,145337.61,1,1,0,96718.94,1
2025,15602273,Bartlett,682,France,Female,26,1,0.0,1,1,0,127175.79,0
2025,15607740,Gutierrez,698,France,Female,30,9,0.0,1,1,1,158624.59,0
2025,15609526,Schäfer,622,Germany,Male,53,4,63800.44,1,0,0,100742.29,1
2025,15600627,Martin,566,France,Male,46,10,90055.78,2,1,0,170410.84,0
2025,15602254,Becker,593,Spain,Male,26,8,0.0,2,1,1,106786.64,0
2025,15602392,Petit,602,Spain,Male,39,0,115147.62,1,1,1,119378.53,0
2025,15605493,Laurent,596,Germany,Male,41,8,138382.27,2,0,1,153152.4,1
2025,15601623,Lopez,544,France,Male,58,0,44593.15,1,0,0,83554.32,1
2025,15605221,Schmidt,518,Spain,Female,39,3,0.0,2,1,0,23348.13,0
2025,15600461,Fischer,630,Germany,Male,43,8,105670.02,1,1,0,81042.19,1
2025,15603678,Bernard,779,Germany,Male,39,8,130348.54,1,1,1,162008.06,0
2025,15606142,Schwarz,665,France,Male,52,10,0.0,1,1,0,150744.33,0
2025,15601337,Hargrave,467,France,Female,26,1,41403.0,1,1,0,168762.16,0
2025,15606326,Durand,712,France,Female,49,8,95771.21,2,1,1,40911.75,0
2025,15603862,Obinna,707,Spain,Male,50,1,0.0,2,1,1,50217.98,0
2025,15609853,Jimenez,699,France,Male,44,8,100951.26,2,0,0,76742.96,0
2025,15608224,Bauer,477,Spain,Female,19,9,162697.32,2,1,1,100292.02,0
2025,15606495,Robert,671,Germany,Female,35,3,106383.15,1,0,1,137086.26,0
2025,15600872,Simon,671,Germany,Male,28,7,123329.61,2,1,0,150414.05,0
2025,15608869,Chu,724,Germany,Female,46,7,108307.67,2,1,0,195673.62,1
2025,15600436,Richard,567,France,Male,53,10,118715.79,2,1,1,182593.58,0
2025,15605727,Sanchez,707,Germany,Female,33,6,144700.7,2,1,1,68737.5,0
2025,15607391,Thomas,649,Spain,Female,29,6,0.0,1,1,1,24243.56,0
2025,15603637,Moreno,552,Spain,Male,35,7,0.0,2,1,1,99451.61,0
2025,15601502,Meyer,769,Germany,Male,34,10,126119.95,4,0,0,17575.19,0
2025,15607167,Torres,540,France,Male,49,7,0.0,1,1,0,187158.64,1
2025,15609505,Alonso,563,France,Male,70,8,131359.12,1,1,0,74373.36,1
2025,15608410,Gutierrez,657,France,Female,36,10,0.0,1,1,1,156505.84,0
2025,15607361,Ruiz,796,Spain,Male,24,0,0.0,2,1,1,53648.57,0
2025,15604469,Alvarez,572,France,Female,27,2,0.0,1,1,1,73245.84,0
2025,15602626,Ruiz,704,Spain,Male,42,2,65696.13,1,1,0,30477.79,0
2025,15601374,Alonso,718,France,Male,43,3,0.0,2,1,1,148948.6,0
2025,15604670,Schulz,576,Spain,Male,22,6,0.0,2,1,1,137120.77,0
2025,15602042,Smith,516,France,Male,25,7,54988.13,1,1,0,105795.62,0
2025,15608452,Simon,717,Germany,Male,18,0,126872.88,1,1,0,147009.91,0
2025,15609369,Durand,625,Spain,Male,23,9,0.0,1,1,0,141729.11,0
2025,15606081,Moreau,666,Spain,Female,39,6,84515.27,1,1,1,19247.38,0
2025,15607873,Romero,564,France,Female,28,4,158093.57,1,1,1,183974.05,0
2025,15600854,Schulz,669,France,Female,23,7,129156.45,1,1,1,187763.49,0
2025,15604096,Smith,675,France,Male,41,7,0.0,2,1,1,75845.04,0
2025,15609449,Braun,532,France,Female,37,10,142231.79,1,1,0,92828.19,1
2025,15603271,Durand,746,France,Female,39,9,0.0,1,1,0,56494.16,0
2025,15602655,Mitchell,715,France,Male,25,3,10000.0,2,0,0,33737.31,0
2025,15606859,Muller,638,Spain,Female,38,2,100725.24,2,1,1,152135.18,0
2025,15608239,Weber,792,France,Female,33,3,0.0,2,0,0,15327.13,0
2025,15606256,Munoz,604,France,Female,47,7,131995.59,2,1,0,175898.21,0
2025,15609655,Moreno,676,Spain,Male,41,3,174491.13,1,1,0,135381.2,0
2025,15609401,Wolf,663,Germany,Male,42,5,128783.15,1,0,1,75642.55,1
2025,15607218,Dupont,570,France,Female,42,7,0.0,2,1,1,141860.79,0
2025,15606026,Schmidt,638,France,Male,41,4,151132.15,2,1,1,193045.76,0
2025,15603178,Wagner,640,France,Female,35,5,103702.81,2,1,1,14155.47,0
2025,15607684,Simon,543,France,Male,28,2,101190.23,2,0,1,133527.82,0
2025,15605070,Boni,587,Germany,Female,31,4,174002.47,1,1,0,103808.2,0
2025,15603918,Koch,724,France,Female,41,2,118044.86,1,1,1,12387.09,0
2025,15603833,Onio,645,Germany,Male,39,6,118701.86,2,0,0,109842.39,0
2025,15607355,Schmidt,627,Germany,Male,41,9,160126.43,2,1,1,193767.89,1
2025,15604668,Munoz,541,France,Male,45,6,0.0,1,1,1,103630.17,0
2025,15607277,Romero,703,Spain,Male,29,6,161970.35,1,0,0,84754.08,0
2025,15603891,Gomez,659,France,Female,27,4,182566.84,2,1,0,47316.76,0
2025,15605968,Michel,686,Spain,Female,28,9,0.0,2,1,0,80027.32,0
2025,15606731,Martinez,760,France,Male,47,5,0.0,1,1,1,174232.79,0
2025,15609625,Schäfer,695,Germany,Male,52,2,98873.29,1,1,0,78721.09,1
2025,15607170,Bartlett,685,Germany,Male,24,6,84318.48,1,0,1,116322.78,0
2025,15602712,Hill,751,France,Female,42,7,0.0,1,1,0,111389.31,0
2025,15602962,Schäfer,583,Spain,Male,19,5,125011.26,1,1,0,18504.6,0
2025,15602658,Neumann,789,France,Male,44,4,105771.44,1,1,0,59529.74,0
2025,15602527,Martinez,675,France,Male,18,9,0.0,2,1,1,102900.24,0
2025,15606172,Hill,726,Spain,Female,47,1,0.0,1,1,1,173846.53,0
2025,15602147,Alvarez,617,Spain,Male,39,7,145035.26,2,1,1,156234.36,0
2025,15605517,Becker,631,France,Male,23,0,0.0,1,1,1,161134.96,0
2025,15600618,Becker,614,Spain,Female,62,4,0.0,2,0,0,52730.76,1
2025,15609856,Boni,712,Germany,Male,28,2,124808.5,1,0,1,57431.96,0
2025,15601657,Alvarez,629,Spain,Female,33,10,103083.01,2,1,1,179263.88,0
2025,15604846,Robert,682,Spain,Female,47,7,0.0,2,1,1,121935.07,0
2025,15601264,Meyer,777,Germany,Male,29,7,137836.47,2,1,0,173634.43,1
2025,15602538,Alvarez,620,France,Male,50,7,0.0,1,1,1,71350.93,0
2025,15602253,Smith,760,Spain,Female,48,4,52186.88,1,1,0,82714.25,0
2025,15603711,Perez,591,Germany,Male,37,10,139497.43,1,0,1,24648.55,0
2025,15603145,Wolf,765,Spain,Female,41,7,0.0,3,0,1,103461.58,0
2025,15607967,Gomez,470,France,Male,37,3,0.0,2,0,0,122331.56,0
2025,15605598,Schäfer,588,France,Female,43,0,105554.27,2,1,0,182403.14,0
2025,15603509,Dupont,607,France,Male,38,8,0.0,1,1,0,97119.8,1
2025,15602953,Petit,648,Spain,Female,26,7,0.0,1,0,0,35072.38,0
2025,15605060,Schmidt,612,Spain,Female,48,9,137599.05,2,0,0,33841.07,0
2025,15605940,Koch,631,Spain,Male,61,10,148246.23,2,1,1,32020.36,0
2025,15600298,Neumann,738,Germany,Male,52,9,108590.61,2,1,1,90831.07,1
2025,15608639,Boni,823,France,Male,51,5,0.0,4,1,1,149096.96,0
2025,15608331,Torres,688,Germany,Male,47,1,152860.7,1,1,1,187464.69,1
2025,15606937,Becker,644,Spain,Male,39,2,0.0,1,0,0,112596.86,0
2025,15601531,Obinna,720,Spain,Female,35,0,0.0,1,0,1,21492.02,0
2025,15602093,Alvarez,725,France,Female,37,1,132629.87,1,0,1,195430.87,0
2025,15605381,Zimmermann,466,France,Female,47,10,0.0,2,0,1,59169.61,0
2025,15606171,Hoffmann,789,France,Male,18,9,119479.75,2,1,1,155500.13,0
2025,15605072,Romero,653,France,Male,61,5,74704.15,1,1,0,41457.75,0
2025,15601388,Jimenez,510,Germany,Female,53,6,120244.04,1,1,0,199868.55,1
2025,15602112,Alvarez,695,Spain,Female,33,10,106593.28,2,0,1,93418.44,0
2025,15606421,He,558,Germany,Male,45,7,110533.92,2,1,1,105798.77,1
2025,15605082,Alonso,710,France,Female,39,4,0.0,1,1,1,119787.47,0
2025,15605731,Schäfer,850,France,Male,42,7,0.0,1,1,1,66623.79,0
2025,15602317,Hill,611,France,Female,21,8,69794.83,1,0,1,111152.8,0
2025,15601335,Dominguez,771,Spain,Female,25,4,185700.07,1,1,0,97655.9,0
2025,15605461,Gomez,748,France,Male,19,1,0.0,1,1,0,144469.24,1
2025,15602463,Mitchell,692,France,Female,38,7,95860.88,3,0,1,107093.33,0
2025,15604128,Alonso,692,France,Female,39,7,0.0,2,1,0,46382.98,0
2025,15604655,Martin,570,France,Female,49,10,49380.18,1,1,1,88834.56,0
2025,15606333,Bauer,560,Spain,Female,51,9,0.0,1,1,1,165603.48,0
2025,15601548,Garcia,605,France,Male,46,0,0.0,1,1,0,63525.48,0
2025,15605401,Ruiz,585,France,Male,42,7,150936.96,3,1,0,162370.05,1
2025,15601079,Dupont,580,France,Male,61,7,0.0,2,1,0,94455.1,0
2025,15605482,Navarro,652,France,Male,37,2,0.0,2,1,0,151609.58,0
2025,15600857,Torres,657,France,Male,55,2,155633.68,1,0,1,76892.61,0
2025,15605543,Krüger,802,Spain,Male,36,2,80799.7,2,1,1,64354.51,0
2025,15606697,Alonso,691,France,Female,38,0,149023.97,2,1,0,116369.71,0
2025,15606347,Thomas,573,France,Male,57,10,178343.9,1,1,0,187364.23,1
2025,15609061,Durand,590,Spain,Male,30,10,0.0,1,1,1,161538.92,0
2025,15606108,Hoffmann,690,Germany,Female,37,3,111007.95,2,0,1,152984.14,0
2025,15605962,Moreno,554,France,Female,37,2,0.0,1,1,0,19363.89,0
2025,15602600,Hernandez,542,France,Male,50,2,169932.73,1,0,1,16052.42,1
2025,15607199,Schulz,737,France,Male,45,8,0.0,1,1,1,87374.11,0
2025,15609159,Alvarez,665,Germany,Female,50,4,148451.4,1,1,0,188010.63,1
2025,15604059,Durand,488,France,Male,27,0,0.0,1,1,0,184357.84,0
2025,15600641,Smith,596,Spain,Male,44,3,105391.45,2,1,0,104586.66,0
2025,15602827,He,763,France,Male,35,8,79959.15,2,1,0,115375.13,0
2025,15608266,Alvarez,712,France,Male,38,4,0.0,1,0,0,66906.58,0
2025,15601381,Torres,780,Spain,Male,40,0,0.0,1,0,0,65599.97,0
2025,15605626,Braun,689,Germany,Female,43,7,139541.44,2,1,0,134846.09,1
2025,15601695,Schröder,633,Spain,Female,56,4,138167.38,3,1,1,199107.8,1
2025,15609192,Hoffmann,735,France,Female,45,10,0.0,1,1,0,166928.74,0
2025,15601013,Munoz,661,France,Female,44,10,137124.39,2,0,1,33597.44,0
2025,15609448,Garcia,563,Germany,Male,47,0,93239.37,2,1,1,60513.82,1
2025,15608214,Lefebvre,751,France,Female,46,4,106883.17,2,1,1,128607.7,0
2025,15607792,Diaz,816,Germany,Female,41,10,124692.11,2,1,0,46879.99,1
2025,15605267,Bernard,732,Germany,Female,53,10,138677.37,1,1,0,33769.58,1
2025,15603084,Dubois,609,France,Female,44,7,0.0,1,1,0,150630.7,0
2025,15607368,Moreno,641,Spain,Female,25,0,160037.35,1,0,1,149541.92,0
2025,15609348,Boni,624,France,Male,41,4,0.0,2,1,0,198144.15,0
2025,15607581,Smith,517,France,Female,29,8,0.0,1,1,0,21537.93,0
2025,15606299,Gomez,657,France,Female,45,8,0.0,1,1,0,58755.4,1
2025,15608307,Smith,493,France,Female,28,0,0.0,1,1,0,42174.51,1
2025,15608907,Neumann,546,France,Male,49,4,0.0,2,0,0,124727.68,0
2025,15601257,Hargrave,625,France,Male,40,9,99590.5,2,0,0,90552.51,0
2025,15604703,Petit,667,France,Female,18,6,52366.8,2,1,0,101314.51,0
2025,15606041,Schröder,599,France,Male,51,8,0.0,2,0,0,119124.32,0
2025,15600932,Simon,666,France,Female,37,1,0.0,1,1,1,171548.12,0
2025,15600616,Schröder,663,Spain,Female,29,4,118983.29,1,1,1,89206.22,0
2025,15607404,Smith,785,Germany,Male,38,5,95812.47,2,0,1,19231.97,0
2025,15607565,Martin,619,France,Male,41,4,127772.23,2,1,1,134525.14,0
2025,15609508,Smith,593,Germany,Male,52,10,128508.07,2,0,0,165305.83,1
2025,15601215,Fischer,709,France,Female,40,6,114248.57,1,0,1,74195.36,1
2025,15608312,Dominguez,690,Spain,Male,55,4,65512.49,1,0,0,125766.56,0
2025,15605766,Durand,597,Germany,Male,52,10,128990.44,1,1,1,179178.3,1
2025,15600920,Durand,850,France,Male,46,6,0.0,1,1,0,34814.46,0
2025,15604500,Schwarz,699,France,Male,34,3,0.0,3,0,1,156301.53,0
2025,15604961,Bernard,583,France,Male,23,3,84865.55,2,1,0,40410.66,0
2025,15609144,Braun,659,Germany,Male,37,4,153427.56,2,1,1,199762.89,1
2025,15607682,Schulz,651,Spain,Female,40,4,0.0,2,1,1,125859.01,0
2025,15601118,Bauer,605,France,Male,29,3,0.0,2,1,0,120588.99,0
2025,15607205,Fischer,704,France,Male,35,1,84967.42,2,1,1,66741.1,0
2025,15602473,Leroy,707,Germany,Female,33,7,172572.15,2,1,1,133431.4,0
2025,15605179,Bartlett,667,France,Female,34,6,0.0,1,1,0,98673.33,0
2025,15605295,Onio,548,Spain,Male,37,1,98716.72,1,0,1,186896.71,0
2025,15607354,Garcia,724,Germany,Male,49,4,153434.08,2,0,0,50427.62,1
2025,15607601,Hoffmann,667,Spain,Male,55,2,0.0,2,1,0,102064.52,0
2025,15608095,Navarro,440,France,Male,78,3,140478.26,1,1,1,109892.29,0
2025,15602902,Zimmermann,752,France,Female,35,4,0.0,2,0,0,139994.6,0
2025,15601234,Mitchell,727,France,Female,24,8,106389.09,2,0,1,83056.5,0
2025,15609854,Sanchez,698,France,Male,38,6,0.0,1,0,0,143014.79,0
2025,15602842,Schmidt,629,Spain,Female,30,2,81632.59,2,1,1,179246.07,0
2025,15603232,Schulz,577,France,Male,24,5,155161.54,2,1,1,173305.88,0
2025,15604193,Bartlett,526,Spain,Female,25,10,0.0,2,1,1,175920.42,0
2025,15602399,Schäfer,696,Germany,Male,31,10,129472.97,2,1,1,167416.01,0
2025,15609614,Bauer,546,France,Male,27,6,26228.13,1,1,0,24661.22,0
2025,15603871,Leroy,721,France,Female,35,10,36516.37,1,1,1,27797.46,0
2025,15602419,Bartlett,690,France,Female,30,10,134472.37,2,1,0,58713.05,0
2025,15605752,Wagner,646,Spain,Male,51,5,0.0,2,0,0,118307.47,0
2025,15605724,Gutierrez,641,Germany,Male,41,3,128903.86,1,1,0,146294.59,1
2025,15603176,Rodriguez,558,France,Female,34,2,0.0,2,1,1,32327.39,0
2025,15608355,Hill,620,France,Male,42,10,91776.24,3,1,1,49197.14,0
2025,15601868,Jimenez,771,Spain,Female,21,5,0.0,2,1,0,43577.81,0
2025,15608363,Moreno,697,France,Male,32,0,0.0,1,1,0,181889.42,0
2025,15601251,Leroy,592,Germany,Male,55,5,78915.72,1,1,0,76993.03,1
2025,15602754,Schäfer,725,France,Male,52,4,0.0,2,1,1,186590.31,0
2025,15605456,Schulz,699,Spain,Female,37,5,0.0,1,1,0,148050.54,0
2025,15609287,Navarro,668,Germany,Male,36,10,151449.45,2,0,0,111106.14,0
2025,15605562,Petit,586,France,Female,18,10,89426.32,1,1,1,14941.18,0
2025,15605083,Neumann,782,Spain,Male,48,7,0.0,1,1,0,100996.55,0
2025,15608950,Hargrave,634,France,Female,21,4,86207.65,1,1,0,126732.11,0
2025,15601288,Gomez,666,Spain,Male,53,3,0.0,2,0,1,169018.6,0
2025,15608584,Petit,713,Spain,Male,19,1,0.0,1,1,0,173284.04,0
2025,15606560,Alvarez,796,Spain,Male,37,6,0.0,3,1,1,135550.05,0
2025,15607138,Mitchell,727,France,Male,31,6,0.0,2,0,1,96935.22,0
2025,15609285,Gomez,666,Spain,Male,42,7,0.0,1,1,0,155251.37,0
2025,15601734,Petit,691,France,Female,26,4,57692.72,2,1,1,22789.05,0
2025,15607155,Weber,578,France,Male,53,7,0.0,1,1,0,189234.36,0
2025,15601443,Petit,669,France,Female,38,10,0.0,2,0,0,147083.27,0
2025,15605928,Bartlett,689,Spain,Male,44,6,0.0,1,0,0,197945.59,0
2025,15607538,Fischer,780,France,Female,49,5,97520.95,2,1,1,39467.44,0
2025,15602815,Smith,766,France,Female,31,6,138893.39,2,0,1,93860.98,0
2025,15605321,Richter,742,Spain,Male,27,6,0.0,2,0,0,115692.77,0
2025,15600341,Sanchez,646,France,Male,48,10,89761.29,1,0,0,74952.81,0
2025,15606636,Chidiebere,529,France,Female,55,6,85873.94,1,1,1,175355.85,0
2025,15601887,Koch,741,France,Male,48,3,159973.96,1,0,0,185748.77,0
2025,15604743,Dominguez,612,France,Male,44,8,63020.44,2,1,1,96270.75,0
2025,15606843,Moreno,714,France,Male,34,5,0.0,1,1,1,93088.11,0
2025,15606626,Thomas,774,France,Male,45,6,153110.76,2,0,1,14341.53,0
2025,15607033,Neumann,671,Spain,Female,41,2,0.0,1,1,1,127859.45,0
2025,15605129,Lefebvre,695,France,Male,39,4,92142.82,1,0,0,112683.89,0
2025,15601275,Schulz,650,Germany,Female,40,5,110826.94,2,1,0,160707.81,0
2025,15609334,Schulz,611,France,Female,37,9,90976.13,2,1,1,139933.79,0
2025,15600307,Rodriguez,710,France,Female,44,5,170590.6,3,1,0,101722.98,1
2025,15607147,Hernandez,673,Spain,Female,47,6,0.0,2,0,1,122833.32,0
2025,15600693,Garcia,703,France,Male,31,7,71422.49,2,0,0,169432.34,0
2025,15606505,Richard,783,Spain,Female,26,7,0.0,1,1,0,53370.71,0
2025,15601180,Petit,438,France,Female,50,10,0.0,2,1,0,29809.21,0
2025,15605802,Leroy,850,France,Female,50,0,107145.64,1,0,1,30915.2,0
2025,15608196,Schwarz,500,France,Female,18,5,0.0,1,1,0,21562.22,0
2025,15608944,Wagner,714,Spain,Male,35,5,0.0,2,1,1,187673.41,0
2025,15606229,Dubois,533,France,Male,35,9,0.0,2,0,0,124768.69,0
2025,15602116,Schröder,588,Germany,Male,27,8,66158.81,1,0,0,42445.82,0
2025,15602878,Martin,697,Spain,Male,32,7,0.0,2,1,0,121312.95,0
2025,15607055,Alonso,793,France,Female,34,6,0.0,1,0,1,190445.3,0
2025,15608149,Hernandez,631,France,Female,52,7,131886.24,1,1,1,35147.93,0
2025,15600126,Schäfer,646,Spain,Male,26,0,0.0,2,1,0,42918.96,0
2025,15601965,Moreno,554,France,Male,39,8,0.0,2,1,0,102558.19,0
2025,15605375,Gomez,727,France,Female,38,5,0.0,1,1,1,109706.38,0
2025,15604742,Petit,533,Spain,Female,40,5,129255.03,2,1,0,86722.19,0
2025,15604186,Bauer,836,Spain,Male,30,8,133234.69,2,1,1,28283.86,0
2025,15602248,Neumann,648,Germany,Female,31,8,110485.51,2,1,0,105215.99,0
2025,15603460,Munoz,728,France,Female,30,1,88926.15,1,1,1,57189.32,0
2025,15604938,Jimenez,705,France,Female,20,0,0.0,2,1,0,159399.98,0
2025,15603349,Bartlett,633,France,Female,46,8,0.0,3,1,1,99284.25,0
2025,15600125,Smith,693,Germany,Female,36,8,87914.53,2,0,1,163280.36,0
2025,15600897,Obinna,679,Spain,Female,24,0,0.0,1,0,1,179701.07,0
2025,15606475,Schwarz,660,France,Male,34,1,165528.91,2,0,0,26131.15,0
2025,15603612,Zimmermann,673,France,Female,31,2,0.0,1,1,0,95971.29,1
2025,15600744,Navarro,777,France,Male,41,0,0.0,3,1,1,33075.17,0
2025,15605053,Martinez,639,France,Male,20,10,113570.68,1,1,0,14167.76,0
2025,15608633,Obinna,777,France,Female,23,1,0.0,1,1,0,152413.92,0
2025,15607972,Richter,643,France,Male,33,5,0.0,1,1,0,182842.12,1
2025,15604640,Richter,736,Spain,Male,25,4,0.0,1,1,0,149729.43,0
2025,15601816,Bartlett,622,Spain,Female,20,10,0.0,1,1,0,29624.11,0
2025,15609524,Lefebvre,608,France,Male,47,6,128025.05,1,0,0,41009.89,0
2025,15605655,Schröder,617,Germany,Male,32,1,178240.16,2,1,1,150229.57,0
2025,15601864,Bauer,765,Germany,Male,45,4,114739.36,2,0,0,99084.57,1
2025,15608394,Garcia,735,Germany,Male,52,1,151173.98,1,1,1,108345.5,1
2025,15603531,Weber,752,Spain,Female,28,2,85547.45,2,1,1,115143.68,0
2025,15604475,Martinez,629,France,Female,30,3,0.0,1,1,0,41272.27,0
2025,15606785,Romero,791,France,Male,37,1,0.0,1,1,0,172763.84,0
2025,15609107,Thomas,721,Spain,Male,29,2,0.0,2,1,1,171774.99,0
2025,15607957,Alonso,575,Spain,Female,53,6,0.0,2,1,1,55474.9,0
2025,15606947,Durand,704,Spain,Female,43,10,0.0,1,1,1,157506.03,0
2025,15607259,Rodriguez,350,France,Male,27,7,107979.73,2,0,0,162028.94,0
2025,15604458,Bartlett,619,Spain,Male,36,7,0.0,1,1,1,129711.38,0
2025,15601336,Gutierrez,850,France,Female,38,0,0.0,2,1,0,173018.84,0
2025,15600815,Fischer,556,Spain,Male,38,7,0.0,2,0,1,141711.73,0
2025,15609717,Gutierrez,652,France,Female,52,6,0.0,1,1,0,100028.16,1
2025,15602549,Martin,610,France,Male,44,8,0.0,2,1,1,25833.92,0
2025,15600861,Richter,575,France,Male,30,9,65043.48,1,1,0,71964.86,0
2025,15601391,Moreno,812,France,Female,43,9,106764.91,2,0,0,112744.57,0
2025,15608996,Rodriguez,741,Germany,Female,36,1,135403.58,1,0,1,100894.01,0
2025,15605105,Martinez,514,France,Female,48,5,0.0,1,1,1,32723.05,0
2025,15606062,Garcia,636,Germany,Female,37,6,143613.53,2,0,0,145797.37,1
2025,15602578,Moreno,631,Germany,Male,31,4,127552.77,1,1,0,125169.4,1
2025,15605585,He,678,France,Female,37,5,0.0,1,1,0,156274.57,0
2025,15608874,Moreno,597,France,Male,35,6,0.0,1,1,1,96836.81,0
2025,15606878,Boni,783,France,Female,49,7,107725.53,2,0,0,115764.37,0
2025,15606163,Rodriguez,478,Germany,Male,18,5,121320.68,2,1,0,57874.13,0
2025,15603524,Meyer,540,France,Female,26,3,0.0,1,1,0,128675.81,0
2025,15608691,Martinez,711,Germany,Female,30,1,163995.46,2,0,0,166790.68,0
2025,15601503,Ruiz,713,France,Male,41,2,95727.15,2,1,0,173719.11,0
2025,15600502,Alonso,640,France,Male,26,1,87946.12,1,0,1,177493.45,0
2025,15602324,Zimmermann,672,Spain,Female,45,7,0.0,1,1,0,189830.83,0
2025,15601140,Martin,680,Spain,Male,38,3,113815.77,2,0,0,140622.25,0
2025,15606566,Mitchell,622,France,Male,34,9,0.0,1,1,1,131040.62,0
2025,15602347,Mitchell,583,Germany,Male,31,5,157091.64,1,1,1,87762.53,0
2025,15602972,Krüger,653,France,Male,49,5,0.0,2,0,1,132683.4,0
2025,15600100,Dubois,614,Germany,Female,61,5,123595.12,1,1,1,32964.26,1
2025,15605751,Bartlett,732,France,Male,24,2,0.0,1,1,0,56932.56,0
2025,15605567,Richard,514,France,Female,48,8,59267.67,1,1,0,110777.9,0
2025,15605062,Wolf,580,Spain,Male,37,2,0.0,1,1,0,56919.11,0
2025,15604477,Braun,553,Germany,Male,48,9,61114.59,2,1,0,105055.84,1
2025,15602955,Chu,649,France,Female,18,7,149597.64,1,1,1,42645.36,0
2025,15609103,Sanchez,714,France,Male,31,1,0.0,2,0,1,181997.27,0
2025,15604381,Neumann,505,France,Male,64,4,0.0,1,1,1,115989.46,0
2025,15600430,Hernandez,717,Germany,Male,31,8,136129.24,1,0,1,80838.91,0
2025,15607030,Wolf,850,France,Male,28,2,89127.45,1,0,0,40426.7,0
2025,15603705,Hargrave,609,Spain,Male,26,5,93041.47,2,0,1,30516.21,0
2025,15609583,Klein,795,France,Male,40,4,135790.84,1,0,0,48649.9,1
2025,15601882,Bernard,673,Germany,Female,37,2,97271.63,2,1,1,144154.6,0
2025,15606022,Richard,598,Spain,Male,34,5,128825.91,2,1,1,13152.48,0
2025,15605736,Smith,643,Spain,Male,27,6,0.0,1,0,0,61049.44,0
2025,15601773,Richard,631,Spain,Male,57,2,0.0,4,1,0,49239.2,1
2025,15603674,Chu,721,France,Male,19,10,0.0,1,0,0,149214.18,0
2025,15607900,Lefebvre,593,Germany,Male,30,7,144436.19,1,1,0,179567.53,0
2025,15602535,Lopez,570,Spain,Male,44,5,0.0,1,1,0,78997.29,0
2025,15603485,Romero,577,Spain,Male,24,1,0.0,2,1,0,193763.98,0
2025,15608313,Hill,563,France,Female,37,2,0.0,1,0,1,88121.91,0
2025,15609663,Thomas,448,Germany,Male,34,4,148047.49,2,1,0,136678.65,0
2025,15605761,Robert,762,France,Male,34,4,90788.68,1,1,1,110770.1,0
2025,15605119,Rodriguez,828,Spain,Male,38,0,0.0,1,1,0,110649.88,0
2025,15608971,Lefebvre,607,Germany,Male,44,9,103532.59,1,1,1,187752.25,1
2025,15600842,Jimenez,731,Germany,Female,60,0,105302.51,2,1,1,54792.93,1
2025,15606929,Bernard,742,Spain,Male,50,5,0.0,2,1,1,108662.46,0
2025,15605793,Zimmermann,610,France,Male,59,6,0.0,2,1,0,123960.23,0
2025,15609900,Gomez,559,France,Male,46,3,0.0,1,1,0,156486.04,0
2025,15602002,Martin,663,Germany,Male,34,6,113145.5,2,0,1,80491.46,0
2025,15605400,Zimmermann,681,France,Male,43,1,130418.59,2,1,0,81198.39,0
2025,15600982,Klein,513,Spain,Male,54,1,93826.94,1,0,1,67305.25,0
2025,15602131,Bernard,685,France,Male,43,5,139110.09,1,0,1,120711.4,0
2025,15606105,Ruiz,720,France,Male,43,0,122119.89,3,1,0,164067.88,1
2025,15601582,Hoffmann,525,France,Female,33,10,0.0,1,1,0,199218.91,0
2025,15607075,Jimenez,650,Spain,Female,43,9,125014.04,1,1,1,196479.12,0
2025,15609089,Dominguez,507,France,Male,42,6,0.0,2,1,1,54244.22,0
2025,15601398,Torres,787,Spain,Male,40,9,145449.32,1,1,1,37237.65,0
2025,15609139,Garcia,690,Spain,Male,23,10,138094.03,1,0,0,138598.35,1
2025,15601099,Neumann,624,Spain,Male,45,3,76803.01,1,1,0,178368.68,0
2025,15607770,Lopez,798,France,Female,46,3,74777.55,1,1,1,80578.1,0
2025,15602500,Sanchez,685,France,Female,39,8,0.0,2,1,0,71921.09,0
2025,15606132,Laurent,675,France,Male,57,2,93461.39,2,0,0,183252.1,0
2025,15604176,Diaz,850,France,Male,37,3,57413.67,1,1,0,154103.8,0
2025,15608766,Boni,739,Spain,Male,20,7,125173.09,1,1,1,110822.9,0
2025,15606992,Schwarz,742,Germany,Male,51,3,133306.19,2,1,0,12386.41,1
2025,15605120,Romero,563,Spain,Female,45,5,0.0,1,0,0,125535.9,0
2025,15601557,Martinez,620,Spain,Female,40,7,0.0,1,1,1,104926.07,0
2025,15606815,Thomas,602,Spain,Female,37,6,88578.29,2,1,0,98795.35,0
2025,15606532,Bartlett,726,France,Female,39,5,0.0,1,1,0,171731.9,0
2025,15607430,Schulz,674,Germany,Female,50,9,159766.33,2,0,0,21738.71,1
2025,15605553,Gutierrez,670,Germany,Male,43,0,146353.52,1,1,1,39171.48,1
2025,15606779,Rodriguez,575,France,Female,38,5,102497.15,1,1,1,115034.94,0
2025,15603743,Bernard,628,Spain,Male,51,10,0.0,1,1,0,185140.32,1
2025,15607398,Mitchell,634,Spain,Female,36,8,0.0,1,0,1,59225.11,0
2025,15607046,Mitchell,702,Spain,Male,44,6,87384.01,2,1,1,67363.08,0
2025,15603522,Zimmermann,481,France,Female,39,4,64026.54,1,0,0,118434.13,0
2025,15609370,Jimenez,618,Germany,Male,40,3,124626.1,1,0,0,13362.31,0
2025,15601624,Rodriguez,566,France,Male,36,2,0.0,2,0,0,98468.22,0
2025,15607048,Simon,570,Spain,Male,28,2,129137.27,2,0,1,44754.7,0
2025,15608282,Leroy,646,France,Female,43,3,53561.0,2,1,1,134606.1,0
2025,15609864,Gutierrez,598,Spain,Female,50,10,0.0,1,0,1,82766.96,0
2025,15604831,Hoffmann,690,Spain,Female,43,2,132931.12,2,1,1,184055.24,0
2025,15608692,Navarro,773,Spain,Male,31,5,0.0,1,1,1,86174.07,0
2025,15606240,Martin,642,France,Male,32,9,95781.73,2,1,0,45343.62,0
2025,15605327,Schäfer,474,Spain,Female,29,3,0.0,2,1,1,71444.87,0
2025,15604505,Krüger,756,France,Male,31,1,149729.68,2,1,0,199562.78,0
2025,15602067,Schröder,755,France,Male,42,4,0.0,1,0,1,185393.95,0
2025,15601076,Bernard,841,France,Male,35,2,114366.78,1,0,1,144244.98,0
2025,15602430,Martin,569,France,Female,47,4,171982.76,2,0,1,106408.59,0
2025,15605277,Lopez,616,Germany,Male,48,2,122081.21,1,1,1,24843.21,1
2025,15601323,Alvarez,718,France,Male,47,1,162277.71,3,1,0,123016.73,1
2025,15601204,Chidiebere,805,France,Female,35,9,0.0,1,1,1,95591.87,0
2025,15607267,Fischer,850,France,Male,46,5,0.0,2,1,1,192118.76,0
2025,15608032,Boni,790,France,Male,45,5,0.0,1,0,1,132527.4,0
2025,15601768,Durand,717,Germany,Male,44,3,101172.23,2,1,1,69945.18,1
2025,15606984,Weber,561,France,Female,30,3,82381.25,1,0,0,141604.53,0
2025,15606580,Michel,496,France,Male,40,5,144238.54,2,1,0,149880.03,0
2025,15607847,Petit,501,Germany,Female,42,2,100651.93,2,0,0,16138.36,1
2025,15600996,Chidiebere,492,Spain,Female,29,8,0.0,1,1,1,169579.45,0
2025,15600510,Martin,553,France,Male,27,8,0.0,2,1,1,134657.48,0
2025,15607504,Gomez,670,France,Male,33,7,0.0,2,0,0,25507.14,0
2025,15609351,Mitchell,680,France,Female,21,5,155531.08,1,1,1,88710.55,0
2025,15608543,Bartlett,587,Spain,Male,44,2,133444.18,2,1,0,195843.09,0
2025,15600710,Petit,735,France,Male,35,7,0.0,2,0,0,74136.97,0
2025,15603629,Alonso,629,Spain,Female,42,1,0.0,1,1,0,18513.26,0
2025,15608254,Fischer,692,France,Male,45,2,0.0,1,1,1,54627.7,0
2025,15607405,Dominguez,600,Spain,Male,58,8,93865.46,2,0,0,156703.19,1
2025,15601786,Schneider,688,France,Male,38,0,0.0,2,1,0,139420.9,1
2025,15608408,Chu,699,Spain,Male,20,3,0.0,2,1,1,168651.21,0
2025,15605931,Schröder,630,Germany,Female,49,6,110187.49,1,1,0,119638.0,1
2025,15607344,Schwarz,576,France,Male,34,6,0.0,2,1,0,187129.94,0
2025,15607802,Schmidt,446,France,Female,37,0,77947.87,1,0,1,102807.9,0
2025,15601041,Alonso,677,Spain,Female,31,6,0.0,2,1,1,126246.26,0
2025,15601862,Bauer,685,France,Male,42,7,0.0,2,1,1,104378.15,0
2025,15608619,Garcia,752,Spain,Female,24,7,64769.74,2,1,0,153492.99,0
2025,15606897,Ruiz,620,Germany,Male,33,5,131381.04,1,1,1,98286.58,0
2025,15602076,Meyer,593,France,Male,35,3,0.0,1,0,0,186775.3,0
2025,15600858,Hernandez,583,Germany,Male,35,8,142526.34,1,1,0,78704.69,0
2025,15604347,Meyer,630,France,Female,37,0,0.0,1,1,0,132452.89,0
2025,15602854,Mitchell,574,France,Female,28,10,164598.52,1,1,1,34956.9,0
2025,15600258,Moreno,721,Germany,Male,57,4,113046.71,2,1,0,178282.52,1
2025,15605304,Schmidt,417,France,Female,34,5,0.0,2,1,0,66347.57,0
2025,15603898,Thomas,827,France,Male,33,4,0.0,1,0,0,32243.84,0
2025,15605869,Wagner,595,Spain,Female,43,8,115761.72,2,1,1,136754.48,0
2025,15600243,Lefebvre,709,Spain,Male,41,8,113954.26,1,1,1,64729.0,0
2025,15602159,Weber,628,Germany,Male,34,2,92006.65,2,0,0,16331.13,0
2025,15600422,Romero,626,France,Male,49,9,109151.74,1,1,0,45518.79,0
2025,15601801,Thomas,645,Spain,Female,37,9,69448.09,1,0,1,11171.31,0
2025,15602858,Chidiebere,692,Spain,Female,26,0,0.0,1,1,1,60143.47,0
2025,15608940,Fischer,701,Spain,Male,43,1,0.0,1,0,0,96605.53,0
2025,15602129,Krüger,722,France,Female,50,10,196333.46,1,1,1,169680.91,0
2025,15602370,Garcia,666,France,Female,43,10,84077.96,2,0,0,76893.19,0
2025,15604542,Torres,774,Germany,Male,47,2,189137.42,1,0,0,54543.14,1
2025,15600046,Schwarz,661,France,Male,60,8,89487.45,2,1,0,165029.57,0
2025,15609491,Martin,729,France,Female,39,0,122705.39,2,0,0,132147.17,0
2025,15609756,Dubois,635,Germany,Male,56,4,128002.12,1,1,0,199609.9,1
2025,15603817,Neumann,738,France,Female,42,3,0.0,2,1,0,155361.02,0
2025,15603538,Moreno,560,Spain,Male,22,2,115582.73,2,1,0,191443.51,0
2025,15603394,Alonso,571,France,Male,25,3,0.0,1,0,1,86217.52,0
2025,15609380,Boni,788,Spain,Male,60,9,0.0,2,1,0,29405.07,0
2025,15603362,Zimmermann,581,France,Female,22,1,138397.08,1,1,1,17043.12,0
2025,15602063,Martin,739,Spain,Female,61,0,0.0,2,1,1,97088.71,0
2025,15603990,He,680,France,Male,35,9,70563.11,2,1,1,29889.42,0
2025,15609806,Muller,676,France,Male,30,10,141095.7,2,1,0,151022.62,0
2025,15609754,Klein,643,Spain,Female,56,0,0.0,1,1,1,184809.99,0
2025,15600349,Krüger,832,France,Female,33,1,110113.77,1,1,1,99993.89,0
2025,15609309,Alonso,850,Germany,Female,43,10,105026.96,2,0,1,70947.56,1
2025,15601501,Krüger,616,Germany,Male,31,8,110825.2,1,0,0,42718.18,0
2025,15607450,Schröder,718,Spain,Female,39,9,127745.02,2,1,1,171525.24,0
2025,15602001,Obinna,678,Spain,Male,44,10,111008.34,1,1,1,128566.26,0
2025,15603109,Mitchell,696,Germany,Female,47,8,124857.27,2,0,0,167736.53,1
2025,15604520,Schäfer,656,Spain,Male,33,5,88819.48,1,1,0,131677.32,0
2025,15606523,Leroy,661,Spain,Female,37,2,0.0,1,1,0,80899.38,0
2025,15600992,Sanchez,772,Spain,Male,38,1,79629.78,2,0,1,136412.71,0
2025,15605876,Schulz,596,France,Female,59,1,0.0,2,1,1,16605.14,0
2025,15606018,Thomas,705,Spain,Female,41,0,146931.53,2,0,1,96598.0,0
2025,15601627,Navarro,528,France,Female,48,8,83944.47,2,1,0,112659.15,0
2025,15605942,Hoffmann,530,France,Female,38,9,0.0,1,1,1,151287.01,0
2025,15603868,Dupont,670,France,Female,39,9,86504.68,1,1,1,18074.39,0
2025,15607285,Robert,714,Spain,Female,41,10,126578.94,2,0,0,110471.66,0
2025,15607264,Fischer,622,Germany,Female,33,4,99824.92,2,0,1,105110.7,0
2025,15603559,Bartlett,850,France,Male,44,4,0.0,1,0,0,101184.22,0
2025,15606070,Schwarz,720,France,Male,32,10,109540.76,3,1,0,54153.58,1
2025,15600536,Dubois,626,Germany,Male,42,1,109713.74,2,1,0,98691.01,1
2025,15604583,Moreau,745,Spain,Female,41,0,131481.6,1,0,1,13046.26,0
2025,15606686,Lefebvre,731,France,Female,43,8,125507.29,3,1,1,142425.51,1
2025,15608017,Rodriguez,535,Spain,Female,44,2,0.0,2,1,0,87223.47,0
2025,15601622,Hargrave,565,France,Female,33,3,0.0,1,1,1,182298.19,0
2025,15609442,Onio,621,Germany,Female,35,9,134302.12,1,1,0,117828.61,1
2025,15602531,Laurent,588,Spain,Male,31,6,0.0,2,0,1,133908.01,0
2025,15606866,Lopez,709,Spain,Female,34,3,131066.66,1,1,1,177233.63,0
2025,15608850,Schmidt,552,France,Female,38,9,133641.05,1,0,1,13935.66,0
2025,15606078,Hargrave,673,France,Male,36,10,64576.31,2,1,0,36966.43,0
2025,15607432,Dubois,744,Spain,Male,57,2,138159.24,2,1,1,171274.23,0
2025,15606367,Smith,607,France,Female,23,8,185260.05,2,1,0,147656.55,0
2025,15602222,Dubois,535,Spain,Male,72,7,150640.32,1,0,1,188154.98,0
2025,15608807,Schulz,724,France,Female,22,6,0.0,1,0,0,176325.13,0
2025,15609008,Garcia,608,Germany,Female,40,0,116597.81,1,1,0,61876.13,0
2025,15601592,Thomas,620,France,Male,44,0,145427.71,2,1,0,90855.38,0
2025,15601902,Hernandez,731,France,Male,24,10,0.0,2,1,1,150441.84,0
2025,15608071,Munoz,642,Germany,Male,52,7,116425.3,1,1,1,37755.19,1
2025,15604986,Becker,696,France,Male,20,2,113135.88,2,1,0,106628.23,1
2025,15600609,Laurent,657,France,Male,38,1,117386.92,2,0,0,71331.48,0
2025,15600742,Thomas,668,Germany,Female,50,8,73497.64,2,1,0,101371.15,1
2025,15602290,Dubois,663,France,Male,32,4,103026.82,1,1,1,71472.71,0
2025,15601911,Smith,498,Spain,Female,21,1,105530.97,2,0,0,156127.91,0
2025,15606689,Munoz,497,Germany,Male,46,4,135063.1,1,1,0,141108.14,1
2025,15604951,Alonso,506,France,Female,30,7,0.0,1,1,1,36753.96,0
2025,15607606,Leroy,628,Germany,Male,51,4,111410.25,1,1,0,84589.61,1
2025,15601035,Lopez,820,Germany,Female,32,2,138327.28,2,1,1,105632.97,0
2025,15603626,Michel,543,Spain,Male,37,4,0.0,1,1,1,44584.44,0
2025,15605374,Jimenez,600,Germany,Female,45,6,157220.03,1,1,0,179687.1,1
2025,15600410,Martin,482,France,Female,38,9,0.0,1,1,1,170797.96,0
2025,15607724,Martinez,714,France,Male,45,0,137351.79,2,1,1,162972.34,0
2025,15603830,Chidiebere,582,France,Male,48,3,0.0,1,1,0,37204.33,0
2025,15601775,Martinez,692,France,Female,50,6,117130.31,2,1,1,100627.37,0
2025,15606086,Schröder,668,France,Female,37,9,0.0,2,1,1,126929.44,0
2025,15606242,Schneider,641,Germany,Female,34,2,108811.9,1,1,1,71076.69,0
2025,15604295,Hoffmann,572,France,Male,39,1,102166.25,1,0,0,197312.04,0
2025,15606038,Navarro,658,Germany,Female,47,3,194540.02,1,1,1,29833.37,1
2025,15609124,Navarro,850,Germany,Female,39,3,116945.77,2,1,0,152608.5,0
2025,15602024,Moreau,693,Germany,Male,28,1,149741.25,2,0,1,54062.03,0
2025,15608791,Onio,544,France,Female,48,7,0.0,2,1,1,199589.35,0
2025,15604332,Rodriguez,714,Spain,Male,19,5,0.0,2,1,1,31166.49,0
2025,15600228,Klein,626,Spain,Female,57,4,95165.29,2,1,0,142126.06,1
2025,15606464,Ruiz,531,France,Female,36,5,0.0,1,1,1,161475.67,0
2025,15601479,Hargrave,455,Spain,Male,50,9,0.0,2,0,0,52007.84,0
2025,15605992,Lopez,717,Spain,Female,44,1,0.0,1,0,0,147410.08,0
2025,15606511,Munoz,661,Germany,Male,40,3,105356.03,2,1,0,33433.4,1
2025,15603696,Schröder,613,France,Female,43,8,0.0,1,0,0,71201.53,0
2025,15602306,Klein,822,France,Female,42,4,181059.04,1,1,1,195318.9,0
2025,15601233,Klein,496,France,Female,41,7,0.0,3,1,0,11842.1,0
2025,15607673,Muller,608,Germany,Male,52,1,74158.56,2,1,1,31418.93,1
2025,15601886,Chidiebere,850,Spain,Male,35,10,0.0,1,1,0,93362.1,1
2025,15605549,Durand,740,France,Male,38,6,0.0,1,1,1,57141.03,0
2025,15608930,Jimenez,631,Spain,Male,35,8,89913.25,1,0,0,149921.39,1
2025,15607894,Ruiz,650,Germany,Female,28,6,173159.24,2,0,0,36638.41,0
2025,15604210,Jimenez,639,Germany,Female,43,6,134743.91,1,1,1,174083.47,1
2025,15602695,Ruiz,589,Germany,Female,52,9,142571.91,2,1,1,73029.62,1
2025,15604465,Koch,740,France,Male,48,9,0.0,2,0,1,121299.35,0
2025,15608221,Boni,713,France,Male,45,2,75629.13,2,0,0,172760.4,0
2025,15608697,Gutierrez,640,France,Female,33,7,117792.74,2,1,0,65528.32,0
2025,15605994,Perez,605,France,Male,37,3,140079.83,1,1,1,170621.36,0
2025,15609384,Schmidt,748,Spain,Male,38,9,0.0,2,0,1,40539.41,0
2025,15602165,Braun,699,France,Male,32,7,136576.82,1,1,1,78119.84,0
2025,15603289,Chidiebere,689,France,Female,46,4,117964.48,1,0,0,33093.09,0
2025,15602877,Bauer,623,Spain,Female,57,4,0.0,2,0,0,127896.27,0
2025,15609079,Wagner,727,Spain,Male,40,7,0.0,1,1,0,148177.33,1
2025,15605352,Becker,674,France,Female,41,6,143708.57,3,0,0,92729.31,1
2025,15604835,Laurent,641,Spain,Male,29,8,53174.93,1,1,1,190859.59,0
2025,15601476,Hargrave,691,Germany,Female,36,9,131059.24,2,1,1,86193.86,0
2025,15602153,Dominguez,657,France,Male,41,8,0.0,1,1,0,158492.37,0
2025,15609935,Wagner,673,France,Female,59,3,0.0,2,0,0,167115.22,0
2025,15600546,Richter,689,Germany,Male,30,8,151865.37,2,0,0,18427.56,0
2025,15607222,Moreau,681,France,Male,31,6,131581.43,1,0,1,145783.07,0
2025,15605061,Schwarz,739,France,Male,37,4,135011.44,2,1,0,193688.86,0
2025,15600645,Garcia,762,Germany,Male,45,0,115412.73,2,1,1,61740.13,1
2025,15601591,Wagner,718,France,Female,41,9,0.0,1,0,1,152191.74,0
2025,15602240,Alonso,501,France,Female,35,7,0.0,2,1,0,142112.85,0
2025,15604106,Bauer,618,Germany,Female,34,9,93941.49,1,0,0,54157.11,0
2025,15603115,Richter,694,Spain,Female,50,10,0.0,1,1,1,119039.23,1
2025,15603588,Thomas,717,Spain,Male,39,3,0.0,1,0,0,36283.03,0
2025,15605772,Diaz,699,Germany,Female,37,10,113809.32,1,0,0,108947.33,0
2025,15609807,Schmidt,741,France,Male,28,6,0.0,1,1,0,10375.64,1
2025,15604689,Martin,496,Spain,Female,37,4,0.0,2,1,0,194325.69,0
2025,15608138,Perez,570,Spain,Female,18,9,142830.83,2,1,1,20003.76,0
2025,15600803,Mitchell,510,France,Male,28,7,123415.86,1,1,0,99594.97,0
2025,15600132,Hill,766,Germany,Female,45,6,125959.92,2,0,1,139272.88,1
2025,15604497,Simon,632,France,Male,18,3,115856.16,2,1,1,167769.33,0
2025,15609692,Wolf,741,France,Male,35,7,55952.45,1,0,1,135627.22,0
2025,15600359,Moreau,607,Spain,Male,29,8,0.0,1,1,1,38597.28,0
2025,15604837,Schäfer,693,Spain,Male,38,9,0.0,1,0,1,52944.01,1
2025,15604847,Garcia,431,Germany,Male,27,3,118358.2,2,1,0,50409.21,0
2025,15609960,Klein,551,Germany,Male,28,8,170138.24,2,1,1,150346.01,0
2025,15606248,Schmidt,655,Germany,Male,30,9,107132.38,2,1,0,57133.62,0
2025,15603886,Dupont,627,Germany,Female,35,5,89716.14,1,0,1,95963.04,0
2025,15601747,Hoffmann,565,Germany,Male,41,0,155269.52,1,1,1,120516.77,1
2025,15607916,Becker,699,Germany,Male,29,6,160949.58,1,1,0,124353.56,1
2025,15606302,Michel,467,Spain,Male,38,4,0.0,2,1,1,132395.08,0
2025,15603263,Martin,514,Germany,Female,43,7,127185.97,1,1,0,114853.33,1
2025,15604949,Lefebvre,447,Germany,Female,42,7,95307.42,1,1,0,50191.19,1
2025,15607484,Richard,697,Germany,Male,38,2,182468.02,2,1,0,174265.44,1
2025,15604097,Diaz,675,Spain,Male,26,7,166087.09,2,1,0,117686.87,0
2025,15606951,Garcia,740,France,Female,38,1,0.0,2,1,0,155855.3,0
2025,15604901,Krüger,686,France,Female,44,9,0.0,1,1,0,162654.15,0
2025,15605661,Thomas,494,Germany,Male,31,7,118263.05,1,1,1,26594.81,0
2025,15607237,Onio,590,Spain,Female,43,2,173878.94,1,1,1,175431.79,0
2025,15601210,Thomas,646,Germany,Male,39,0,174698.67,2,0,0,21318.51,0
2025,15602588,Alvarez,598,France,Male,18,0,149313.71,1,0,1,137339.82,0
2025,15608955,He,614,Spain,Male,49,2,104389.78,1,1,0,65435.72,1
2025,15604712,Chidiebere,576,France,Female,28,10,0.0,1,1,1,183808.58,0
2025,15607622,Mitchell,744,France,Male,28,1,107023.49,2,1,1,22817.55,0
2025,15600153,Schröder,779,France,Male,37,9,110464.35,2,1,1,84140.2,0
2025,15604183,Thomas,643,Germany,Male,47,4,106355.13,2,1,1,41325.94,1
2025,15607529,Perez,589,Spain,Male,46,0,0.0,1,0,0,150650.42,0
2025,15604161,Schmidt,603,France,Male,18,10,120349.58,1,1,1,168463.68,0
2025,15607555,Schäfer,667,Germany,Male,37,4,192643.9,1,1,1,74960.36,0
2025,15603804,Bernard,598,France,Male,56,4,0.0,2,1,1,185141.43,0
2025,15602344,Smith,692,Spain,Male,19,1,0.0,1,1,1,122829.52,0
2025,15608153,Moreau,674,Germany,Female,38,5,118583.63,2,1,1,36245.65,0
2025,15603945,Dubois,670,Germany,Male,45,5,86523.67,1,1,0,161491.33,1
2025,15609597,Richter,441,Spain,Male,22,1,0.0,1,1,1,60202.23,0
2025,15601293,Klein,555,France,Male,53,2,182163.82,1,0,1,119353.96,0
2025,15602868,Boni,537,Germany,Female,18,6,87115.06,2,1,0,56005.9,0
2025,15602785,Moreau,574,Spain,Male,55,1,0.0,1,0,1,55393.19,1
2025,15602950,Schneider,653,Spain,Female,52,9,103790.84,1,1,0,162956.47,0
2025,15606751,Onio,587,France,Male,44,2,156955.22,1,0,0,59972.24,0
2025,15609476,Romero,782,France,Male,46,6,121672.2,2,1,1,57023.2,0
2025,15604000,Michel,822,France,Female,43,5,0.0,2,1,0,104416.61,0
2025,15602385,Diaz,850,France,Female,45,10,0.0,1,1,1,26095.97,0
2025,15607056,Navarro,775,France,Male,33,4,117965.4,2,0,0,91919.17,0
2025,15606141,Schulz,582,Spain,Female,48,6,50464.26,1,0,1,161118.32,0
2025,15605873,Lopez,724,Spain,Male,27,1,0.0,1,0,0,116855.76,1
2025,15604806,He,684,Germany,Male,50,4,110723.74,1,1,0,168128.02,1
2025,15600919,Smith,469,France,Female,60,4,94354.44,2,0,0,17630.44,0
2025,15605314,Meyer,671,France,Male,36,4,142487.97,1,1,0,159188.15,1
2025,15600753,Lefebvre,765,Germany,Male,19,7,89949.72,1,0,0,143434.02,0
2025,15600474,Romero,667,Spain,Female,38,2,61950.37,1,1,1,192866.71,0
2025,15604906,Meyer,702,France,Male,30,9,0.0,2,0,1,172796.11,0
2025,15602725,Wolf,712,France,Male,26,8,99238.48,2,1,1,43858.39,0
2025,15607269,Simon,514,Spain,Male,40,10,0.0,2,0,1,45183.49,0
2025,15601646,Schröder,539,Germany,Male,31,3,128979.9,1,1,0,189910.55,0
2025,15609774,Michel,650,France,Male,31,4,0.0,2,1,0,171821.6,0
2025,15607110,Schulz,611,France,Female,39,5,100186.03,2,0,1,58784.4,0
2025,15601480,Ruiz,790,Germany,Female,26,5,83061.13,1,1,0,63379.37,0
2025,15609254,He,678,Spain,Male,48,6,0.0,3,1,0,89923.56,1
2025,15604708,Smith,521,Germany,Male,25,7,92414.61,1,1,0,19490.17,0
2025,15603846,Wagner,644,France,Female,45,0,0.0,1,1,1,112329.02,0
2025,15601121,Alvarez,577,Spain,Male,44,4,93764.56,1,0,1,16311.88,0
2025,15600588,Petit,768,Germany,Female,48,3,153697.51,1,1,0,47868.26,1
2025,15608864,Dupont,657,Spain,Male,34,4,121736.79,1,1,0,173158.71,1
2025,15607994,Becker,775,France,Female,37,0,0.0,1,1,0,98411.03,0
2025,15605188,Petit,660,Germany,Male,32,8,160703.0,1,1,0,125195.57,0
2025,15606226,Neumann,633,Germany,Male,29,7,69977.32,2,0,1,185073.33,0
2025,15608742,Martin,739,Germany,Female,34,10,115420.58,1,1,1,66443.99,0
2025,15605383,Alvarez,612,Spain,Male,39,1,97169.02,1,1,1,157747.81,0
2025,15601315,He,639,Spain,Female,27,4,137572.93,1,1,1,81582.08,0
2025,15606512,Schulz,486,Spain,Female,24,6,143175.23,2,1,1,157160.98,0
2025,15605546,Lopez,562,Germany,Male,37,6,62645.56,1,0,1,81107.79,0
2025,15609827,Torres,687,Germany,Male,41,4,170915.75,1,1,1,114268.93,1
2025,15607692,Alvarez,770,Spain,Male,35,1,0.0,2,1,1,122913.94,0
2025,15601225,Klein,617,France,Female,42,6,0.0,1,0,0,142067.89,0
2025,15602529,Dominguez,850,France,Female,37,2,80021.12,2,1,0,145352.7,0
2025,15606717,Jimenez,630,Germany,Male,34,5,87055.38,2,1,0,114463.78,0
2025,15602361,Wagner,645,France,Male,44,7,0.0,2,0,0,160654.24,0
2025,15600251,Chu,757,France,Female,49,4,121637.8,2,0,1,27617.76,0
2025,15607486,Moreno,581,Spain,Male,43,0,0.0,1,1,1,155789.72,0
2025,15608617,Sanchez,651,France,Female,40,10,0.0,2,1,1,187657.27,0
2025,15601633,Fischer,414,France,Male,32,0,154828.21,1,1,1,124133.98,0
2025,15607213,Weber,679,France,Female,19,0,0.0,1,1,1,198103.78,0
2025,15601644,Richter,775,France,Female,37,1,129254.0,2,1,0,159929.87,0
2025,15605439,Dominguez,723,France,Male,26,3,138403.1,2,1,0,157192.18,0
2025,15608229,Hargrave,522,Spain,Female,37,7,123560.01,2,0,1,151786.84,0
2025,15609242,Gutierrez,647,France,Female,18,6,78028.08,1,1,1,188175.23,0
2025,15600606,Romero,544,Germany,Female,42,4,67310.63,2,1,0,173559.37,1
2025,15608115,Alvarez,700,France,Male,48,3,0.0,2,1,0,112317.43,0
2025,15602492,Dubois,648,France,Female,42,5,118039.29,2,1,0,122146.1,0
2025,15606325,Hargrave,777,Spain,Female,54,1,105640.06,3,1,0,70061.68,0
2025,15606246,Hill,752,France,Male,48,7,115457.44,2,1,1,57107.58,0
2025,15609785,Hill,790,Spain,Male,34,6,0.0,1,0,1,164123.36,0
2025,15605213,Gomez,570,France,Male,42,5,133592.12,3,0,0,52272.94,0
2025,15600715,Klein,626,Spain,Male,34,6,143724.15,1,1,0,48460.02,0
2025,15606730,Dominguez,631,Germany,Female,38,10,124514.81,2,1,0,112400.03,0
2025,15603826,Simon,521,France,Male,49,2,0.0,2,1,0,115741.31,0
2025,15606274,Schneider,606,Germany,Male,40,10,185525.1,1,1,1,18432.79,0
2025,15603912,Alonso,659,France,Female,43,3,166552.31,2,1,1,113425.7,1
2025,15603090,Becker,531,Spain,Male,40,7,154789.75,1,0,0,174528.7,0
2025,15605272,Alonso,570,France,Male,46,4,0.0,1,1,1,167361.24,0
2025,15607460,Onio,775,France,Female,43,6,0.0,2,0,0,175681.63,0
2025,15606180,Muller,727,Spain,Female,35,4,161751.42,2,0,0,127374.83,0
2025,15608903,Boni,498,France,Female,40,5,134251.63,4,1,0,156432.42,1
2025,15609042,Diaz,714,Spain,Male,39,8,0.0,2,1,0,84705.68,1
2025,15605446,He,672,France,Female,22,8,0.0,1,1,0,121872.5,0
2025,15605654,Smith,741,Spain,Female,48,3,0.0,2,0,1,95658.1,0
2025,15607935,Laurent,791,Germany,Female,52,3,113092.96,2,1,0,191108.86,1
2025,15608824,Schneider,548,Spain,Female,27,0,0.0,1,1,1,133496.55,0
2025,15607316,Martin,778,France,Male,35,0,111492.46,1,1,0,174573.9,0
2025,15602434,Alonso,541,France,Female,39,0,0.0,2,1,1,59649.84,0
2025,15608022,Richard,807,France,Male,45,2,0.0,2,1,1,53726.27,0
2025,15604891,Hernandez,591,France,Male,30,8,0.0,1,1,1,99539.3,0
2025,15604634,Alonso,606,France,Male,37,6,143131.14,1,0,1,169264.07,0
2025,15600042,Gutierrez,702,Spain,Female,34,8,0.0,1,0,1,100921.78,0
2025,15604377,Hargrave,503,France,Male,48,4,101744.7,1,0,1,100947.43,0
2025,15608318,Dubois,567,Spain,Female,21,6,81320.97,1,0,1,61067.12,0
2025,15605568,Becker,573,Spain,Male,32,1,0.0,2,1,1,184270.06,0
2025,15606798,Munoz,662,Spain,Male,26,4,0.0,2,1,0,129493.15,0
2025,15609304,Krüger,593,Spain,Female,29,0,122583.55,1,0,1,199704.21,0
2025,15601143,Schwarz,679,France,Female,46,4,62362.24,1,1,1,80886.33,0
2025,15602236,Rodriguez,796,Germany,Male,33,2,149246.42,1,0,1,86402.85,0
2025,15608327,Mitchell,693,France,Female,33,7,0.0,2,1,0,12404.73,0
2025,15603122,Braun,740,Germany,Male,35,8,65788.59,2,1,1,30686.82,0
2025,15606284,Hoffmann,591,Spain,Female,53,6,120918.96,1,0,1,48691.42,0
2025,15602369,Lefebvre,513,Spain,Male,30,2,0.0,2,1,0,61990.98,0
2025,15609031,Durand,599,France,Female,46,6,97312.8,1,1,0,157593.38,0
2025,15607483,Martin,620,Spain,Male,21,8,0.0,1,1,1,129177.23,0
2025,15603993,Braun,617,France,Female,41,10,131116.21,2,1,0,37961.6,0
2025,15607736,Hoffmann,800,Spain,Male,18,1,0.0,1,1,0,136439.56,0
2025,15607905,Alvarez,514,France,Male,57,2,145610.31,1,0,0,148491.73,0
2025,15606807,Lopez,679,Spain,Male,39,4,123555.15,2,1,0,140993.82,0
2025,15604479,Zimmermann,573,Germany,Male,36,10,87399.16,2,0,0,57268.25,0
2025,15608337,Schröder,558,Spain,Female,38,3,0.0,2,1,0,42268.44,0
2025,15604781,Schröder,819,France,Male,47,3,0.0,2,1,1,32861.37,0
2025,15608165,Garcia,651,Spain,Female,48,9,0.0,1,1,1,102813.97,0
2025,15602522,Martinez,581,France,Male,39,4,87886.74,2,1,0,176350.15,0
2025,15601924,Martin,532,France,Female,34,0,0.0,1,0,1,47939.48,0
2025,15607560,Meyer,659,France,Male,33,9,117644.42,1,0,1,130035.74,0
2025,15601858,Zimmermann,581,Germany,Male,31,2,104252.82,2,1,0,199655.12,1
2025,15609848,Bauer,544,Germany,Female,43,8,115734.41,2,1,1,120496.43,1
2025,15601527,Braun,683,Spain,Male,55,2,0.0,1,1,0,123497.79,0
2025,15606684,Moreno,524,France,Female,43,2,0.0,2,1,0,194207.85,0
2025,15609048,Onio,727,Germany,Female,47,9,142455.6,1,0,1,56175.93,1
2025,15600224,Obinna,590,Germany,Female,48,1,167167.13,1,0,0,88766.73,1
2025,15609024,Koch,672,Germany,Male,18,10,124096.09,1,0,0,56968.15,0
2025,15605091,Diaz,611,Germany,Male,52,3,147913.12,2,1,1,197475.0,1
2025,15602594,Hernandez,524,Spain,Female,33,6,0.0,2,0,0,27658.52,0
2025,15603920,Schneider,548,France,Male,18,1,146136.19,2,0,1,172856.64,0
2025,15600472,Mitchell,645,France,Male,44,3,83099.86,4,1,0,30703.55,0
2025,15601989,Weber,723,Germany,Female,36,7,112946.66,1,1,0,45046.64,1
2025,15607941,Lopez,681,Spain,Male,27,5,0.0,2,1,1,60010.44,0
2025,15607178,Hernandez,516,France,Female,39,2,0.0,2,1,0,122516.1,1
2025,15604719,Fischer,629,France,Female,34,1,58223.95,1,0,0,77184.53,0
2025,15602146,Bernard,529,Spain,Male,36,10,0.0,2,1,0,197888.58,0
2025,15608998,Martinez,651,Germany,Male,26,10,120812.81,2,0,0,121224.16,0
2025,15604375,Dubois,652,Germany,Male,56,6,144886.51,2,1,0,116513.46,1
2025,15609652,Becker,712,Spain,Male,41,9,0.0,1,1,1,34003.63,0
2025,15600845,Alonso,451,France,Female,48,9,76170.62,3,0,1,95459.44,1
2025,15607242,Navarro,457,France,Male,20,10,0.0,2,1,1,146872.11,0
2025,15608167,Schäfer,694,France,Male,44,4,0.0,2,0,0,102247.05,0
2025,15605927,Richter,711,Germany,Female,39,5,115286.13,2,1,0,10155.42,1
2025,15608494,Perez,664,Spain,Female,43,9,0.0,2,0,0,12798.32,0
2025,15603073,Hernandez,825,France,Male,28,1,0.0,1,0,0,16984.93,0
2025,15600888,Obinna,718,France,Male,34,2,0.0,1,1,1,103810.93,0
2025,15606770,Martin,586,France,Male,28,5,109769.16,2,0,1,34300.38,0
2025,15607569,Richter,850,Spain,Female,32,0,85671.64,1,0,0,108970.02,0
2025,15608889,Michel,599,France,Male,25,8,0.0,1,1,1,112498.75,0
2025,15600018,Obinna,717,France,Male,27,3,173264.0,2,1,0,115676.22,0
2025,15608431,Diaz,827,Germany,Female,39,2,80974.04,1,0,0,120016.37,0
2025,15606622,Muller,548,Germany,Female,52,6,93035.7,1,0,1,91337.37,1
2025,15601899,Obinna,636,France,Female,27,9,0.0,1,1,1,176772.99,0
2025,15605296,Garcia,384,Spain,Female,42,5,0.0,2,0,0,91020.07,0
2025,15604135,Chu,575,France,Male,31,4,59527.37,2,0,0,108721.36,0
2025,15605153,Dupont,723,Germany,Male,39,7,133954.25,2,1,1,107931.03,1
2025,15601442,Klein,644,Germany,Male,45,7,104463.0,2,1,1,145404.1,1
2025,15607451,Fischer,677,France,Male,65,5,61234.35,2,1,1,150084.96,0
2025,15600601,Moreau,600,Spain,Female,45,4,0.0,1,0,1,177900.18,0
2025,15609012,Martinez,789,Spain,Male,37,7,0.0,2,1,1,57970.53,0
2025,15606561,Boni,713,France,Male,43,6,0.0,1,1,0,112697.83,0
2025,15604722,Zimmermann,724,France,Male,40,9,111112.61,1,1,0,31340.53,0
2025,15608117,Garcia,639,Spain,Male,46,10,118511.97,1,1,0,50696.39,0
2025,15606744,Torres,760,Germany,Male,18,1,101708.43,2,1,0,145923.93,0
2025,15605403,Richard,581,Germany,Male,37,1,108813.42,2,0,1,79623.76,0
2025,15602634,Robert,665,France,Female,30,10,129342.94,2,0,1,128530.05,0
2025,15601713,Klein,575,France,Female,35,2,136982.65,2,1,0,56800.85,0
2025,15605260,Hill,572,France,Female,24,3,0.0,1,1,0,85555.14,0
2025,15605460,Bernard,675,Spain,Male,50,8,110335.43,2,1,0,19533.91,0
2025,15606690,Smith,738,France,Female,43,9,93885.1,2,1,1,177380.18,0
2025,15605700,Richter,622,Germany,Male,51,0,106765.5,1,1,0,176439.88,1
2025,15607700,Martin,649,Germany,Male,36,9,142930.98,1,1,0,74876.12,0
2025,15601494,Ruiz,652,France,Male,24,1,202749.76,1,1,1,91812.13,0
2025,15609226,Alonso,625,France,Male,48,6,0.0,2,0,0,94719.81,0
2025,15607141,Schmidt,575,France,Male,45,10,0.0,2,1,0,194678.57,0
2025,15602973,Gomez,585,France,Male,29,1,0.0,1,0,0,105116.23,0
2025,15609973,Simon,729,France,Male,35,2,168388.63,1,1,0,132020.73,0
2025,15607245,Moreau,760,France,Female,40,5,0.0,2,1,0,169528.62,0
2025,15608502,Richter,650,Germany,Male,25,3,125753.43,1,0,1,153711.86,0
2025,15607708,Hargrave,657,Spain,Male,51,4,129215.13,1,1,0,132206.86,0
2025,15602870,Onio,476,Spain,Male,48,7,169810.4,2,1,0,133664.53,1
2025,15609379,Dupont,649,Spain,Male,34,10,87075.71,1,0,1,23140.45,0
2025,15604415,Weber,560,France,Female,42,5,0.0,2,1,0,46500.91,0
2025,15600339,Dubois,498,Germany,Male,45,7,105503.01,2,1,1,115500.84,1
2025,15609801,Hill,714,Spain,Male,33,0,0.0,1,1,1,40988.47,0
2025,15601496,Gutierrez,711,France,Male,40,4,50590.08,1,1,1,92519.84,0
2025,15600423,Zimmermann,721,France,Male,29,8,0.0,1,0,1,163424.99,0
2025,15604102,Krüger,696,Spain,Male,39,3,45901.7,2,1,1,110365.5,0
2025,15609323,Torres,573,France,Female,44,7,163296.51,1,1,0,102192.14,1
2025,15607078,Garcia,739,France,Female,47,0,0.0,1,0,1,32612.78,0
2025,15609618,Jimenez,595,France,Female,28,9,127222.5,2,0,0,22526.0,0
2025,15601317,Schwarz,694,Spain,Female,38,2,0.0,1,1,0,152307.78,0
2025,15607172,Weber,700,Germany,Male,41,7,158934.79,2,1,1,172365.39,1
2025,15608090,Durand,520,France,Male,26,7,0.0,2,1,1,75218.08,0
2025,15608847,Moreau,608,Spain,Female,53,7,138090.37,3,1,1,135297.85,0
2025,15608199,Laurent,582,France,Male,35,5,0.0,2,1,1,169743.41,1
2025,15604460,Rodriguez,564,France,Male,28,4,0.0,2,0,0,114475.64,0
2025,15606594,He,741,Spain,Male,41,3,0.0,1,1,1,196265.98,0
2025,15604982,Laurent,850,Spain,Female,40,8,0.0,1,1,1,17000.17,0
2025,15607679,Boni,621,France,Male,43,0,105983.0,2,1,1,147427.57,0
2025,15602037,Bartlett,586,France,Female,46,5,63806.59,2,1,1,51839.93,0
2025,15607195,Jimenez,644,France,Male,28,4,134228.95,3,1,0,198934.78,0
2025,15604728,Boni,696,Spain,Female,43,4,128964.13,1,1,0,169019.08,0
2025,15605039,Simon,843,France,Male,39,3,167270.39,2,0,1,160094.6,0
2025,15602718,Chidiebere,665,France,Male,24,8,143695.89,1,1,0,49691.41,0
2025,15600977,Schwarz,680,France,Male,43,1,122216.51,1,1,1,57729.62,0
2025,15609929,Bauer,663,France,Male,33,3,0.0,1,1,0,79310.09,0
2025,15602330,Smith,847,France,Female,44,9,78167.97,2,1,0,105185.56,0
2025,15604352,Bernard,626,Germany,Male,34,10,133210.02,2,0,0,148991.02,0
2025,15602441,Leroy,634,France,Female,46,4,102165.47,1,0,0,146626.75,1
2025,15603683,Richard,771,Germany,Male,29,7,118871.96,1,1,0,199414.96,0
2025,15608922,Garcia,673,Spain,Male,41,1,102875.86,2,1,1,187966.83,0
2025,15601880,Leroy,659,Germany,Male,38,9,130021.68,1,0,1,112453.46,1
2025,15609488,Durand,546,France,Female,51,9,0.0,1,1,0,15540.29,0
2025,15603241,Lefebvre,558,Germany,Female,29,2,75239.04,2,0,1,160087.41,0
2025,15604334,Gutierrez,676,France,Male,35,10,0.0,2,0,1,27597.14,0
2025,15603824,Martin,454,Germany,Male,19,2,149530.76,1,1,1,76282.29,0
2025,15601166,Ruiz,505,France,Female,24,10,0.0,1,1,1,33594.34,0
2025,15607438,Wagner,703,Germany,Female,44,8,178416.08,1,0,0,94371.85,1
2025,15604632,Bauer,678,France,Female,35,3,90695.43,1,0,0,140124.69,0
2025,15604720,Michel,560,Spain,Male,54,1,154031.39,1,0,1,165190.63,0
2025,15603792,Wolf,745,Spain,Female,24,5,0.0,2,1,1,69864.46,0
2025,15600534,Smith,671,France,Female,32,2,0.0,2,1,1,85130.8,0
2025,15604771,Ruiz,589,France,Male,27,4,0.0,2,1,1,49817.71,0
2025,15607699,Becker,562,France,Male,50,8,0.0,1,0,1,56990.56,0
2025,15609211,Schneider,587,France,Male,51,8,0.0,2,0,1,66070.89,0
2025,15606693,Martin,820,France,Female,57,1,115127.69,2,1,0,169267.9,0
2025,15600043,Smith,634,France,Male,31,10,0.0,2,1,1,187597.14,0
2025,15602564,Munoz,602,France,Male,45,6,105584.22,1,1,1,43972.9,0
2025,15601229,Schmidt,638,France,Male,41,6,126495.44,2,1,0,140299.31,0
2025,15609043,Obinna,701,France,Female,57,6,0.0,1,1,0,89733.19,0
2025,15602847,Klein,671,France,Female,46,0,0.0,1,1,0,111899.66,0
2025,15603929,Moreau,560,Spain,Female,22,5,0.0,1,1,0,199409.37,0
2025,15602573,Martin,669,France,Female,37,7,0.0,1,0,0,92817.04,0
2025,15601330,Bernard,746,France,Male,39,7,0.0,2,0,1,181497.89,0
2025,15604335,Becker,606,France,Male,35,1,0.0,1,1,1,46855.86,0
2025,15603457,Moreno,575,France,Male,41,10,0.0,2,1,0,135565.28,0
2025,15603404,Meyer,513,Spain,Male,39,4,143521.37,2,1,1,82013.69,0
2025,15601625,Gutierrez,620,France,Female,43,2,117977.84,2,1,0,12942.36,0
2025,15600986,Neumann,628,France,Male,47,10,10000.0,1,1,0,197789.11,0
2025,15605003,Martin,697,France,Male,59,3,0.0,1,1,0,134144.49,0
2025,15607025,Bauer,625,Germany,Male,47,5,108806.51,1,1,1,106971.28,1
2025,15604871,Garcia,439,Germany,Female,39,0,131136.49,2,1,1,64458.79,0
2025,15607253,Martinez,680,France,Male,40,1,0.0,2,0,0,90735.46,0
2025,15607381,Diaz,513,Germany,Male,50,1,138151.08,1,1,1,179823.44,1
2025,15609497,Bauer,638,France,Male,45,2,85325.35,2,0,1,75981.3,0
2025,15608561,Hernandez,579,France,Male,38,7,0.0,2,1,1,197802.29,0
2025,15603697,Muller,740,Spain,Female,35,7,0.0,1,0,1,163612.04,0
2025,15606818,Petit,840,Germany,Male,33,9,97005.67,1,0,1,88822.53,0
2025,15609143,Alonso,767,Germany,Female,61,1,128919.86,1,1,1,128276.51,1
2025,15601940,Smith,697,Germany,Male,46,3,52451.64,2,1,1,78956.03,1
2025,15604066,Koch,626,Germany,Male,47,2,144541.05,1,1,1,34571.26,1
2025,15601395,Diaz,641,France,Male,41,8,0.0,1,1,0,125800.69,1
2025,15609527,Torres,550,Spain,Female,50,4,58371.49,1,1,0,88703.58,0
2025,15609221,Neumann,507,France,Female,47,8,0.0,1,1,0,86307.91,1
2025,15602444,Koch,740,France,Male,39,0,0.0,2,1,1,103712.82,0
2025,15602485,Fischer,650,France,Male,35,5,0.0,2,0,0,191684.96,0
2025,15600878,Mitchell,579,Spain,Female,38,7,0.0,1,1,1,38407.83,0
2025,15601213,Schäfer,523,France,Male,29,7,117436.72,2,0,0,99250.98,0
2025,15608056,Klein,451,Germany,Female,40,2,123585.56,2,1,1,151149.52,0
2025,15606565,Robert,605,France,Male,53,10,0.0,2,0,1,83324.49,0
2025,15601070,Richard,428,Germany,Male,31,1,116545.06,2,1,0,78315.43,0
2025,15601869,Moreno,567,France,Female,41,9,0.0,1,1,0,164784.12,0
2025,15607827,Rodriguez,723,Germany,Female,38,8,121302.74,2,0,0,133150.12,0
2025,15604136,Jimenez,645,France,Male,42,2,0.0,2,1,0,189276.37,0
2025,15600841,Bauer,634,Germany,Male,33,5,86235.45,2,0,1,69469.52,0
2025,15603020,Boni,570,Spain,Male,58,5,0.0,1,1,1,74369.09,0
2025,15605582,Hill,738,Spain,Male,24,10,114250.32,2,0,0,19639.55,0
2025,15607216,Bartlett,759,Germany,Female,25,9,164658.53,1,1,1,18686.99,0
2025,15607843,Dominguez,812,France,Female,41,3,145228.59,2,0,0,70442.6,0
2025,15607690,Hargrave,582,Germany,Male,19,2,126690.68,2,1,0,98545.91,0
2025,15604658,Richter,711,France,Male,24,2,119222.44,1,1,0,32533.23,0
2025,15600200,Koch,529,France,Female,38,4,0.0,1,1,1,49450.88,0
2025,15601680,Garcia,537,France,Female,37,9,185531.4,1,0,0,134550.01,0
2025,15608042,Becker,664,Spain,Female,49,2,0.0,3,1,1,180074.47,0
2025,15609372,Muller,631,Germany,Male,41,10,113647.69,2,1,1,127981.03,1
2025,15604786,Durand,633,Spain,Male,49,1,96548.09,2,1,0,43257.18,1
2025,15609066,Schröder,745,France,Male,26,10,0.0,1,0,0,116008.21,0
2025,15600893,Martin,698,Germany,Female,42,5,147267.65,1,1,1,115933.48,1
2025,15600745,Rodriguez,850,France,Male,54,3,88645.45,1,1,0,111803.48,0
2025,15604494,Navarro,686,Spain,Male,45,5,140202.69,1,0,1,143162.61,0
2025,15602073,Wagner,524,France,Female,38,5,0.0,2,0,1,177368.77,0
2025,15609409,Diaz,649,France,Female,45,8,0.0,1,1,0,91744.71,0
2025,15600231,Hill,838,France,Male,25,4,0.0,1,0,1,99964.26,1
2025,15604952,Boni,718,Germany,Female,25,5,62918.95,1,1,1,34648.74,0
2025,15602939,Boni,644,Spain,Male,39,6,108783.68,1,1,0,181908.99,0
2025,15605912,Smith,537,Spain,Female,34,5,0.0,1,1,0,97597.11,0
2025,15603727,Schulz,677,Germany,Male,34,9,171186.64,1,1,0,127235.6,0
2025,15604853,Laurent,850,Germany,Male,41,1,131460.42,1,1,0,31794.1,1
2025,15603180,Sanchez,674,France,Female,30,3,85486.65,1,0,1,23043.22,0
2025,15601647,Mitchell,572,France,Male,37,6,0.0,1,1,1,70666.32,0
2025,15604636,Richter,801,Germany,Female,32,2,126899.47,1,1,1,10166.6,1
2025,15608595,Jimenez,738,France,Male,44,9,109363.0,2,1,1,149006.7,0
2025,15604530,Laurent,799,France,Male,31,5,76924.02,1,1,0,94772.69,0
2025,15607933,Bauer,750,Germany,Female,22,8,92052.8,1,0,0,64822.01,0
2025,15603545,Alvarez,741,France,Female,32,6,0.0,2,0,1,173969.98,0
2025,15603138,Richter,643,Spain,Male,32,10,0.0,2,1,1,127825.74,0
2025,15603033,Smith,569,France,Male,47,8,30885.04,1,1,1,178647.44,0
2025,15608779,Klein,542,Germany,Male,37,3,98894.16,2,1,0,155680.99,0
2025,15601958,Schwarz,695,Germany,Male,42,3,179202.1,1,1,0,99335.73,1
2025,15605169,Leroy,586,Germany,Male,45,6,174606.2,3,1,1,40880.47,1
2025,15603155,Boni,581,France,Female,46,1,0.0,2,1,1,19682.79,1
2025,15601976,Hill,599,Spain,Female,36,10,0.0,1,1,0,155369.76,0
2025,15603777,Munoz,660,Spain,Male,39,7,49195.97,2,0,1,26349.55,1
2025,15604118,Bartlett,634,France,Male,31,4,147624.41,1,1,1,130611.16,0
2025,15605023,Laurent,654,France,Male,43,8,0.0,1,1,0,155133.26,0
2025,15604438,Romero,557,Spain,Female,27,8,0.0,2,0,1,24960.83,0
2025,15607434,Thomas,716,France,Male,32,7,109411.58,2,1,1,56945.95,0
2025,15605764,Martin,674,Spain,Female,33,1,0.0,1,1,1,178225.76,0
2025,15605419,Bernard,559,Germany,Male,43,2,85326.18,1,0,1,96742.55,1
2025,15609017,Onio,631,Spain,Female,40,4,0.0,1,1,0,85715.66,0
2025,15606971,Schäfer,444,Germany,Male,49,0,123993.59,2,1,1,139256.22,1
2025,15605632,Schäfer,592,France,Male,39,10,0.0,1,1,1,198162.66,0
2025,15608698,Martin,719,France,Female,40,10,97232.29,1,1,0,89785.86,1
2025,15609068,Torres,608,Spain,Female,25,3,124144.57,2,0,0,154071.21,0
2025,15607753,Alonso,680,Spain,Male,51,2,0.0,2,1,1,39449.62,0
2025,15606046,Simon,671,Germany,Female,38,1,120837.35,2,1,1,193656.04,1
2025,15605016,Moreau,592,France,Male,37,5,0.0,1,1,0,73195.3,0
2025,15603986,Thomas,758,Germany,Female,19,3,90431.23,1,1,1,11212.56,0
2025,15606625,Torres,535,Spain,Female,23,1,166734.11,1,0,1,31717.99,0
2025,15603630,Mitchell,513,France,Female,47,1,0.0,3,1,0,110992.41,1
2025,15604820,Petit,566,France,Female,22,3,0.0,1,1,1,88334.96,0
2025,15601524,Martinez,709,France,Female,30,0,172879.16,2,1,0,164160.49,0
2025,15600282,Wagner,726,Spain,Female,33,1,0.0,1,1,0,173067.01,0
2025,15607342,Lefebvre,562,France,Female,36,9,188610.71,1,0,1,111695.23,0
2025,15608041,Boni,597,France,Male,23,8,105042.05,1,1,0,140849.01,0
2025,15607800,Hill,618,France,Female,37,0,0.0,2,0,1,143603.34,0
2025,15603937,Ruiz,793,Germany,Female,66,5,120213.21,1,1,0,195635.44,1
2025,15609096,Schulz,557,France,Male,38,8,80360.74,1,1,1,124512.78,1
2025,15609649,Gomez,683,Germany,Female,42,6,173112.01,1,1,1,61013.27,1
2025,15609611,Garcia,719,Spain,Male,42,9,117189.91,2,1,0,67498.51,0
2025,15603954,Lefebvre,660,Spain,Male,28,10,135225.65,1,0,0,192170.2,0
2025,15601402,Smith,607,Germany,Female,41,9,143056.6,2,1,0,105255.09,1
2025,15603130,Chidiebere,730,France,Female,50,10,0.0,2,1,1,107884.31,0
2025,15608464,Gomez,664,Germany,Female,63,5,120525.18,2,1,0,29127.47,1
2025,15600166,Rodriguez,554,France,Male,35,2,0.0,1,0,0,50083.99,0
2025,15609106,Hill,636,Spain,Male,19,3,128175.67,1,0,1,29994.48,0
2025,15604526,Torres,560,France,Female,25,3,0.0,1,1,0,57174.22,0
2025,15604581,Schneider,699,France,Female,37,8,0.0,2,1,0,63699.88,0
2025,15605576,Petit,633,Spain,Male,36,2,99924.46,2,0,0,114849.83,0
2025,15604232,Braun,513,France,Male,26,6,0.0,1,1,0,19683.27,0
2025,15605813,Braun,559,Spain,Female,34,8,0.0,2,1,0,107704.4,0
2025,15603475,Jimenez,739,Germany,Female,45,10,153744.51,2,1,0,52302.96,1
2025,15607988,Bernard,678,France,Male,22,7,0.0,1,1,1,84823.91,0
2025,15602979,Braun,697,France,Male,52,5,98843.06,2,1,0,65368.64,0
2025,15605325,Moreno,652,France,Male,50,2,0.0,1,0,0,192420.75,0
2025,15608098,Navarro,568,France,Male,40,0,0.0,1,1,1,102383.35,0
2025,15600470,Diaz,612,Spain,Female,56,3,158856.0,1,1,0,160302.88,0
2025,15605511,Gutierrez,625,France,Female,32,2,161110.33,1,1,0,166756.14,1
2025,15609741,Mitchell,604,France,Female,45,1,0.0,2,1,0,156010.45,0
2025,15607613,Torres,779,France,Female,22,3,99272.83,1,1,1,128457.24,0
2025,15603995,Richter,767,Spain,Female,43,8,0.0,1,1,1,90342.18,0
2025,15607385,Romero,665,France,Female,48,1,130291.42,2,1,1,133323.86,0
2025,15604569,Chu,562,France,Male,54,3,156228.33,2,1,0,132209.55,0
2025,15601419,Lopez,408,France,Female,31,8,0.0,2,1,0,197476.31,0
2025,15604022,Onio,552,France,Female,31,7,0.0,2,0,1,19898.64,0
2025,15605280,He,732,France,Male,48,3,0.0,1,0,1,100123.43,0
2025,15604397,Fischer,489,France,Female,44,1,0.0,1,1,0,135823.88,0
2025,15607136,Schröder,659,Germany,Female,28,3,163372.01,1,1,1,173434.82,0
2025,15607616,Alonso,621,Spain,Female,28,2,77329.5,3,0,0,64163.58,0
2025,15607921,Torres,850,Germany,Female,52,5,149447.79,1,1,0,150425.31,1
2025,15608817,Klein,585,France,Male,52,10,113656.86,3,1,1,46907.21,0
2025,15604425,Bartlett,718,Germany,Male,37,7,87466.34,1,1,1,172490.12,0
2025,15608548,Martin,723,France,Female,30,9,130710.85,2,1,1,122212.87,0
2025,15602885,Hill,427,France,Male,33,4,73519.59,1,1,0,106915.83,0
2025,15607135,Rodriguez,661,Spain,Male,52,0,0.0,1,1,1,55360.86,0
2025,15602506,Hoffmann,681,Germany,Female,23,2,58478.81,1,0,1,195755.72,0
2025,15607532,Weber,804,Spain,Female,38,4,0.0,2,1,0,79451.02,0
2025,15605934,Richard,723,France,Male,41,3,107284.48,2,1,0,181936.23,0
2025,15607102,Ruiz,514,Spain,Male,53,6,93370.6,3,1,0,81155.24,1
2025,15601729,Chidiebere,718,France,Female,32,6,165636.84,1,1,0,105955.71,0
2025,15608031,Perez,671,France,Male,49,1,157296.33,2,1,1,188644.01,1
2025,15606882,Moreno,695,France,Male,27,4,97531.73,1,0,0,186394.78,0
2025,15600207,Krüger,622,Spain,Female,36,1,0.0,1,0,0,140895.88,0
2025,15605590,Boni,794,Germany,Male,62,2,151805.79,2,1,1,35383.17,1
2025,15608289,Mitchell,719,Germany,Male,47,1,115421.93,1,0,0,99928.43,1
2025,15601129,Torres,741,Spain,Female,44,0,166882.33,2,1,1,12098.38,0
2025,15606071,Weber,550,France,Female,47,8,160146.63,2,1,0,79877.3,0
2025,15607018,Simon,554,Germany,Male,45,9,127024.11,2,1,0,165638.99,1
2025,15608728,Gomez,747,Spain,Female,44,6,0.0,2,1,0,14423.22,0
2025,15605688,Garcia,611,France,Female,34,2,101608.87,1,1,1,68470.68,0
2025,15600672,Moreno,709,France,Female,28,4,114921.03,1,1,0,147558.77,0
2025,15609272,Mitchell,612,Germany,Female,49,0,71288.67,1,1,0,57565.17,1
2025,15601983,Munoz,675,France,Female,34,2,0.0,2,1,0,13116.1,0
2025,15604941,Richter,451,France,Female,34,10,143762.44,1,1,1,146640.52,0
2025,15601669,Moreau,678,Germany,Female,31,8,169794.74,2,1,0,168825.62,0
2025,15603978,Dominguez,487,Germany,Male,18,6,165247.34,1,0,1,25655.04,0
2025,15601245,He,781,Spain,Male,50,2,109243.86,2,1,0,128813.88,0
2025,15603249,Richter,574,Spain,Female,29,6,0.0,1,1,0,16658.54,0
2025,15606498,Garcia,615,France,Female,43,7,0.0,2,1,1,17492.94,0
2025,15606149,Chu,609,Spain,Male,21,8,0.0,1,0,1,55137.59,0
2025,15605111,Neumann,689,Spain,Female,22,8,103832.41,1,0,1,10753.97,0
2025,15600420,Alonso,822,Spain,Male,45,6,30485.99,2,1,0,136836.38,0
2025,15609598,Alonso,757,Germany,Male,44,0,105181.23,4,1,0,151937.17,1
2025,15605096,Wolf,542,France,Male,43,2,101679.86,1,1,1,10763.12,0
2025,15602683,Dupont,702,Germany,Male,37,6,99338.45,2,1,1,172197.24,0
2025,15609872,Schwarz,623,France,Female,28,3,0.0,2,1,0,140550.64,0
2025,15602749,Gutierrez,638,Germany,Female,44,0,74923.1,2,1,0,178456.67,1
2025,15606043,Durand,582,France,Male,46,1,0.0,2,1,1,82598.58,0
2025,15604198,Simon,492,France,Male,51,6,0.0,1,0,0,88477.91,0
2025,15607619,Mitchell,713,France,Female,53,2,102160.68,2,0,1,94752.54,0
2025,15603571,Moreno,608,France,Male,42,6,0.0,1,1,0,143735.71,0
2025,15609240,Bartlett,754,Germany,Male,43,7,174461.24,1,0,1,36568.92,1
2025,15601874,Richter,523,Germany,Male,42,7,168745.3,1,1,1,56518.62,1
2025,15607758,Wolf,757,France,Female,61,6,115144.38,1,1,1,69955.19,0
2025,15602068,Muller,606,Germany,Male,21,5,133256.73,1,0,0,184000.25,0
2025,15603908,Koch,724,Germany,Male,42,7,125195.96,1,1,1,172891.65,1
2025,15602496,Hernandez,532,Germany,Female,18,6,134951.15,2,1,0,106305.89,0
2025,15600333,Hargrave,703,Spain,Male,38,1,98401.39,1,1,0,155250.64,1
2025,15603266,Gomez,691,Germany,Female,36,5,158437.26,1,1,1,75328.26,0
2025,15604051,Ruiz,706,Germany,Female,18,8,149103.17,1,1,1,27106.22,0
2025,15600508,Koch,594,Spain,Male,32,8,0.0,1,0,0,190028.27,0
2025,15600659,Moreau,766,France,Male,42,5,0.0,1,1,0,128282.03,0
2025,15601124,Michel,723,Spain,Female,43,3,0.0,1,1,0,34458.28,0
2025,15603673,Torres,644,France,Male,30,9,0.0,2,0,1,90651.09,0
2025,15605733,Wolf,604,France,Male,18,5,114363.17,2,0,1,180438.05,0
2025,15600853,Dupont,850,Spain,Female,21,0,0.0,2,0,1,147359.04,0
2025,15609851,Obinna,615,France,Male,45,6,112785.51,2,1,1,93902.78,0
2025,15600317,Ruiz,551,Germany,Male,32,1,66499.63,1,1,1,157124.74,0
2025,15607705,Gutierrez,619,France,Male,47,2,0.0,2,0,1,61951.48,0
2025,15601341,Wolf,686,Spain,Female,28,2,0.0,2,1,0,29850.82,0
2025,15604133,Simon,564,France,Male,20,1,95460.33,2,1,1,39804.69,0
2025,15606906,Torres,505,France,Female,45,5,0.0,2,1,1,87106.01,0
2025,15604558,Diaz,689,Germany,Male,26,3,139876.31,1,1,1,59940.4,0
2025,15609397,Alvarez,582,Spain,Female,32,6,0.0,1,1,1,152312.95,1
2025,15605529,Navarro,707,Germany,Female,35,9,134607.15,1,1,1,161717.83,0
2025,15605355,Becker,475,Germany,Male,49,8,128371.84,1,1,0,76883.85,1
2025,15607449,Munoz,602,Germany,Female,39,3,69147.15,2,1,1,56507.85,0
2025,15603467,Martinez,746,Germany,Male,36,3,195333.14,1,0,1,13548.74,1
2025,15605363,Smith,601,Germany,Female,45,3,123644.03,1,0,0,88486.17,1
2025,15609534,Krüger,592,Spain,Male,66,1,142531.43,2,1,0,159555.32,0
2025,15604262,Bauer,673,Germany,Female,18,9,105061.47,1,1,1,99781.48,0
2025,15600823,Onio,607,Germany,Male,40,3,105237.64,2,1,1,169411.9,0
2025,15602977,Alvarez,619,France,Male,60,8,0.0,1,1,1,198926.37,0
2025,15607564,Neumann,602,Germany,Female,40,4,104123.92,2,1,0,112952.92,0
2025,15602223,Smith,626,France,Female,49,5,96787.92,1,1,0,42507.75,0
2025,15607022,Chu,587,Germany,Female,44,10,111262.92,1,1,0,159057.78,1
2025,15601375,Schäfer,725,Germany,Female,22,10,192779.32,1,1,1,21393.75,0
2025,15600444,Richard,544,France,Male,25,4,0.0,2,0,0,33566.91,0
2025,15609246,Fischer,515,France,Male,42,4,0.0,1,1,1,172633.56,0
2025,15606455,Richard,724,Germany,Female,49,1,120222.96,2,1,1,78166.99,1
2025,15600441,Chidiebere,688,Germany,Male,43,3,131168.83,1,1,1,113565.22,1
2025,15609927,Laurent,744,Germany,Male,55,9,148314.49,1,1,0,10569.91,1
2025,15602091,Becker,667,Spain,Male,47,9,0.0,2,1,1,134166.11,0
2025,15607657,Schneider,690,Germany,Female,34,6,107030.83,1,1,0,76898.05,1
2025,15602704,Romero,678,Spain,Male,37,6,0.0,1,1,1,96158.77,0
2025,15606624,Wagner,427,Germany,Female,40,5,138135.71,1,0,1,53902.69,0
2025,15605507,Klein,642,France,Female,40,3,145026.58,1,1,1,79293.84,1
2025,15606371,Thomas,653,Spain,Male,36,10,105293.64,1,1,0,24022.51,0
2025,15600475,Hernandez,644,France,Male,38,7,0.0,1,1,0,115276.05,0
2025,15609747,Garcia,603,Spain,Male,41,7,170553.31,1,1,1,39978.96,0
2025,15607140,Jimenez,630,France,Female,58,9,0.0,2,1,1,140092.73,0
2025,15604471,Bauer,613,France,Female,50,5,0.0,1,1,1,87451.46,0
2025,15603595,Hoffmann,617,Spain,Male,37,9,0.0,1,1,0,134171.06,0
2025,15607999,Schmidt,627,France,Male,39,5,157521.5,2,1,1,140070.91,0
2025,15603613,Hernandez,777,France,Male,41,10,0.0,1,1,1,32326.8,0
2025,15608947,Chidiebere,717,Spain,Male,50,1,100834.18,1,1,0,61575.32,1
2025,15608818,Moreau,626,France,Male,50,5,79263.61,2,0,0,55980.41,0
2025,15606865,Moreno,659,France,Male,49,6,0.0,2,1,1,94168.48,0
2025,15606389,Hargrave,699,France,Female,52,0,149076.81,3,0,1,127494.01,0
2025,15604892,Martin,660,France,Male,20,2,78615.6,2,1,0,181398.16,0
2025,15605763,Wolf,645,France,Female,23,7,0.0,2,1,1,162168.54,0
2025,15600096,Zimmermann,772,France,Female,36,6,59997.68,2,1,1,33944.39,0
2025,15607814,Zimmermann,688,Germany,Male,24,10,152346.33,2,1,1,106786.3,0
2025,15606232,Wolf,668,Spain,Male,40,6,110359.91,1,1,0,122603.66,0
2025,15600320,Schwarz,624,France,Female,65,7,136392.46,1,1,0,164218.34,1
2025,15606381,Becker,498,France,Female,42,3,0.0,2,1,1,117607.43,0
2025,15606883,Dubois,556,France,Female,45,10,0.0,2,0,0,34551.36,0
2025,15603388,Gomez,802,Germany,Female,24,10,136809.18,1,1,0,122019.76,0
2025,15601020,Meyer,587,France,Male,31,5,0.0,4,0,1,79453.63,1
2025,15606812,Meyer,637,France,Male,41,4,0.0,2,0,1,182357.15,0
2025,15607633,Romero,673,Spain,Female,27,9,155765.76,2,0,1,70978.79,0
2025,15608890,Dominguez,667,France,Male,41,10,86002.05,2,1,1,198337.84,0
2025,15605421,Weber,702,France,Female,37,5,0.0,2,1,0,15342.6,0
2025,15606678,Schröder,734,Germany,Male,56,1,103040.52,1,1,0,79685.51,1
2025,15606797,Richard,652,France,Female,36,9,164135.84,1,0,1,160524.48,0
2025,15601052,Obinna,640,France,Female,37,6,0.0,2,1,1,143283.79,0
2025,15603505,Smith,433,France,Male,25,0,0.0,1,1,1,199757.48,0
2025,15602503,Fischer,661,Germany,Female,39,10,145763.95,2,1,1,138636.07,0
2025,15606275,Garcia,732,France,Female,32,1,0.0,1,1,1,89336.92,0
2025,15603788,Becker,571,Germany,Female,21,9,124381.51,1,1,1,127903.2,0
2025,15602471,Leroy,636,Spain,Male,46,2,120703.76,2,0,0,161103.47,0
2025,15602267,Gutierrez,744,France,Male,59,3,85473.45,2,0,1,66200.15,0
2025,15601320,Dominguez,642,France,Female,38,6,47077.37,1,1,0,77398.45,0
2025,15608849,Dominguez,604,Spain,Male,38,1,102830.58,1,1,0,84687.52,0
2025,15605238,Laurent,622,Germany,Female,27,10,194930.28,1,0,1,179603.65,0
2025,15605502,Laurent,630,Germany,Female,46,3,82388.6,1,1,0,80785.57,1
2025,15604451,Mitchell,666,Spain,Male,24,2,0.0,2,1,0,190748.97,0
2025,15603841,Boni,595,France,Female,36,8,129368.34,1,0,0,12235.38,0
2025,15604681,Ruiz,531,France,Female,46,6,121090.44,2,1,0,77138.65,0
2025,15601269,Gutierrez,649,Spain,Male,57,4,0.0,1,1,0,114986.43,0
2025,15607206,Dupont,551,France,Male,27,8,145129.79,1,1,1,54622.14,0
2025,15604499,Hargrave,614,France,Male,34,1,192976.38,1,1,1,101019.98,0
2025,15603919,Thomas,657,France,Male,32,10,0.0,1,1,0,158768.08,0
2025,15607939,Mitchell,678,France,Female,55,5,71621.4,1,1,1,190815.21,0
2025,15608540,Neumann,569,France,Male,51,7,0.0,1,1,1,133311.02,0
2025,15604543,Richter,646,Spain,Male,40,6,53252.64,1,0,1,95677.03,1
2025,15604050,Koch,619,France,Male,33,4,0.0,1,0,1,105252.08,0
2025,15604246,Hoffmann,567,France,Male,57,8,0.0,2,0,1,187600.83,0
2025,15607373,Moreau,634,Germany,Male,28,1,125762.31,1,0,1,79694.07,0
2025,15607777,Romero,621,Spain,Female,45,1,74273.35,2,1,0,29832.68,0
2025,15602607,Martin,556,Spain,Female,37,6,0.0,1,1,1,111857.48,0
2025,15607305,Neumann,552,France,Female,25,10,0.0,1,0,1,20855.1,0
2025,15608976,Richard,641,France,Female,28,8,0.0,2,1,1,149043.64,0
2025,15606991,Moreau,767,Germany,Female,64,10,146930.61,2,1,0,69230.26,1
2025,15608270,Thomas,667,Germany,Male,43,4,102170.5,1,1,1,72520.37,1
2025,15607251,Dupont,515,Spain,Male,45,9,48526.99,2,1,1,112911.35,0
2025,15605198,Martin,699,Spain,Male,43,7,0.0,1,1,0,70617.2,0
2025,15609157,Laurent,524,France,Male,24,8,0.0,2,1,1,182285.46,0
2025,15608702,Lefebvre,618,Spain,Female,25,9,0.0,2,0,1,142000.61,0
2025,15607612,Romero,620,Germany,Female,31,7,106834.06,1,1,0,147486.53,0
2025,15602184,Lefebvre,641,Germany,Male,41,3,140656.37,1,1,0,149084.68,1
2025,15607478,Michel,719,Germany,Female,47,6,105633.77,1,0,0,14108.43,1
2025,15601988,Jimenez,769,France,Female,47,2,141231.27,1,1,0,61085.52,0
2025,15604082,Mitchell,755,Germany,Male,27,9,138889.88,2,1,1,103809.58,0
2025,15609132,Richter,671,Germany,Male,35,3,54320.56,2,1,1,97038.51,0
2025,15600822,Alvarez,747,France,Male,23,5,0.0,1,1,0,155156.28,0
2025,15607611,Hargrave,530,France,Female,47,5,0.0,1,0,1,128274.54,0
2025,15608486,Onio,661,Spain,Male,31,4,136233.29,2,1,0,125440.83,0
2025,15602881,Alvarez,679,Germany,Female,32,9,131517.51,3,1,0,33124.98,1
2025,15603585,Neumann,734,France,Female,37,0,89647.46,1,1,1,58823.97,0
2025,15606965,He,836,Germany,Male,37,5,126866.23,2,1,0,196339.01,0
2025,15601746,Schmidt,566,Spain,Female,20,0,119069.05,2,1,0,21507.13,0
2025,15600090,Michel,621,Germany,Female,46,10,134681.57,2,1,0,140448.28,1
2025,15602417,Sanchez,728,France,Male,46,7,0.0,2,0,1,53507.6,0
2025,15603997,Moreno,613,Spain,Female,55,2,63994.72,3,1,0,117173.52,0
2025,15606547,Rodriguez,674,Spain,Female,20,3,106071.34,1,1,0,30253.6,0
2025,15608099,Zimmermann,631,Germany,Female,34,4,136859.33,2,1,0,103666.52,0
2025,15606291,Richard,725,France,Male,48,5,109580.69,2,1,0,127863.48,0
2025,15603185,Meyer,548,France,Male,33,1,0.0,1,0,0,171505.81,1
2025,15609431,Richard,740,France,Female,34,7,108131.55,2,1,0,127823.72,0
2025,15606790,Martin,749,France,Female,47,0,108112.32,1,1,0,43870.0,0
2025,15607461,Schneider,453,Spain,Male,34,2,0.0,1,1,0,144540.58,0
2025,15601193,Gomez,464,Germany,Female,37,4,155665.86,1,1,0,51465.35,0
2025,15607784,Munoz,693,France,Male,28,3,0.0,2,1,1,174823.77,0
2025,15604011,Obinna,602,Germany,Female,26,7,124524.46,2,1,1,186809.08,0
2025,15600757,Bauer,568,France,Male,38,0,0.0,1,1,1,81842.95,0
2025,15600400,Gomez,597,Spain,Male,35,9,0.0,1,1,0,135736.36,0
2025,15602414,Schmidt,680,Germany,Male,36,7,99984.31,1,0,1,33151.55,1
2025,15603262,Hernandez,510,France,Female,33,1,0.0,1,0,1,140970.0,0
2025,15603680,Lopez,564,Spain,Female,40,1,0.0,1,1,1,139537.96,0
2025,15605085,Koch,615,Spain,Female,46,1,98261.81,1,1,1,184567.43,1
2025,15603848,Leroy,696,France,Female,26,2,69902.46,1,1,1,142608.38,0
2025,15601530,Martin,793,Spain,Male,33,7,162179.78,2,1,0,20591.42,0
2025,15605491,Schulz,617,France,Male,35,2,191611.81,2,0,1,93513.6,0
2025,15608445,Koch,713,Spain,Male,28,7,0.0,2,0,1,40285.1,0
2025,15604649,Gutierrez,582,France,Female,31,8,145621.15,1,1,0,158141.65,0
2025,15601389,Lopez,719,Spain,Female,19,5,0.0,2,0,0,197290.16,0
2025,15602780,Torres,560,France,Female,29,1,105146.62,2,1,1,18580.67,0
2025,15607752,Becker,629,Spain,Male,23,10,182170.36,1,0,0,66287.25,0
2025,15608375,Schäfer,718,Spain,Male,41,9,99123.31,2,1,1,42288.19,0
2025,15603501,Schröder,808,France,Female,39,8,115638.23,2,0,1,143782.37,0
2025,15607244,Garcia,597,Spain,Female,50,9,0.0,2,0,1,177182.11,0
2025,15607238,Braun,690,France,Male,39,5,0.0,1,1,0,27835.36,0
2025,15607618,Richard,789,Germany,Male,51,10,138471.47,2,1,0,116893.99,1
2025,15605279,Perez,640,France,Male,32,10,108179.75,2,1,1,141161.04,0
2025,15609502,Richard,651,France,Male,42,0,0.0,2,1,1,174901.04,0
2025,15607043,Martin,506,France,Male,32,0,27637.84,1,1,1,107208.24,0
2025,15603443,Schmidt,437,France,Male,38,10,82513.55,2,1,1,94375.18,0
2025,15604700,Gutierrez,578,Spain,Male,35,4,72462.11,1,1,0,56811.32,0
2025,15604978,Hill,703,Spain,Male,47,1,0.0,1,1,0,116920.82,1
2025,15600006,Hernandez,674,France,Male,45,6,73911.48,4,1,1,135587.09,1
2025,15608977,Meyer,566,France,Female,46,9,116665.87,2,1,0,87526.52,0
2025,15606653,Jimenez,562,Spain,Male,53,3,0.0,2,1,0,182048.65,0
2025,15604930,Onio,606,France,Male,35,3,0.0,1,0,1,169725.7,0
2025,15609324,Boni,683,France,Male,30,7,0.0,1,1,0,198537.6,0
2025,15602851,Weber,615,Spain,Male,20,0,103423.57,2,0,1,26178.75,0
2025,15606211,Weber,744,Germany,Male,44,1,144714.35,2,1,0,189757.08,1
2025,15606888,Robert,552,Spain,Male,39,8,97519.88,1,1,0,31315.01,0
2025,15603143,Bernard,696,France,Male,32,10,83146.16,2,0,0,22535.11,0
2025,15602085,Sanchez,626,France,Female,34,1,98907.57,1,1,0,173532.2,1
2025,15609083,Schulz,444,Germany,Female,45,7,179123.27,1,1,0,192145.8,1
2025,15604844,Zimmermann,617,France,Male,39,10,126175.28,1,0,0,108211.13,0
2025,15606592,Chu,710,Germany,Female,43,10,170368.38,1,1,0,192526.14,1
2025,15605344,Wagner,609,Germany,Male,25,4,110300.5,1,1,0,153064.96,0
2025,15606691,Hoffmann,636,France,Female,31,3,76600.68,1,1,0,163971.74,0
2025,15605067,Onio,505,France,Male,52,2,166242.69,1,1,0,45074.03,1
2025,15608308,Moreau,613,France,Male,23,4,137747.05,1,1,0,91922.28,0
2025,15604920,Durand,432,Germany,Male,50,9,124041.03,2,0,1,11993.29,1
2025,15602041,Boni,565,Germany,Male,47,0,94011.79,3,0,0,104782.2,1
2025,15605143,Martin,387,Spain,Female,24,4,0.0,2,1,1,197947.67,0
2025,15605409,Gutierrez,624,Spain,Male,51,3,87719.32,1,1,0,70441.26,0
2025,15601146,Munoz,732,France,Female,39,0,0.0,2,1,1,125753.79,0
2025,15607066,Martin,680,France,Female,45,10,67619.35,1,1,0,139339.41,1
2025,15605967,Diaz,506,Spain,Female,45,8,0.0,1,1,0,80263.16,0
2025,15603228,Schulz,779,France,Male,43,1,0.0,2,1,1,171269.71,0
2025,15608821,Neumann,646,Spain,Male,31,6,104643.96,1,1,1,103571.01,0
2025,15608518,Diaz,737,Spain,Female,43,4,53377.15,2,1,1,151482.18,0
2025,15600027,Schulz,662,France,Female,20,8,0.0,2,0,1,144309.67,0
2025,15607144,Diaz,625,France,Female,48,6,0.0,1,1,0,106442.11,1
2025,15600727,Schmidt,666,France,Female,18,9,0.0,1,1,0,17892.52,0
2025,15604173,Schulz,597,Spain,Female,49,4,118269.07,1,1,1,130690.24,0
2025,15603114,Robert,602,France,Female,55,4,0.0,2,1,0,141716.7,0
2025,15609446,Braun,644,France,Female,22,4,0.0,1,1,1,183652.25,0
2025,15606311,Richter,562,Germany,Male,49,5,86086.15,1,0,1,197039.02,1
2025,15601894,Neumann,668,Spain,Male,38,1,0.0,2,0,1,129586.9,0
2025,15608379,Obinna,681,France,Male,43,1,0.0,2,1,1,82837.5,0
2025,15607149,Torres,666,France,Male,41,5,81380.65,1,0,1,195313.1,0
2025,15605139,Zimmermann,642,Germany,Male,41,10,158363.97,1,1,1,122099.4,1
2025,15605663,Hill,464,France,Female,25,4,88579.81,1,1,0,170833.11,0
2025,15607119,Schmidt,783,France,Male,29,8,0.0,2,1,1,186326.98,0
2025,15601776,Becker,725,France,Male,47,8,55836.56,1,1,0,103815.85,0
2025,15600626,Hill,610,Germany,Female,23,1,117734.45,2,1,0,146903.01,0
2025,15604349,Hernandez,665,France,Male,23,10,170343.18,1,1,1,122276.73,0
2025,15609512,Bernard,536,Spain,Male,18,7,64423.36,2,1,1,144923.66,0
2025,15602925,Alvarez,601,Spain,Female,30,7,175891.12,1,0,1,170844.54,0
2025,15604279,Navarro,692,France,Male,43,5,98293.83,1,1,1,106918.67,0
2025,15601889,Petit,572,Spain,Female,19,8,0.0,2,1,1,107306.82,0
2025,15600452,Weber,561,Germany,Female,30,0,123318.92,2,1,1,51441.8,0
2025,15605425,Klein,603,France,Male,62,10,157689.72,1,1,1,45534.34,0
2025,15609954,Lopez,541,France,Male,35,6,117789.08,2,1,0,84824.86,1
2025,15606548,He,746,Germany,Female,27,4,138355.86,1,1,1,37284.07,0
2025,15608346,Bernard,744,Spain,Female,44,4,138674.62,2,0,0,41451.18,0
2025,15605753,Thomas,711,Spain,Male,52,7,0.0,1,0,0,188189.72,0
2025,15604573,Jimenez,526,Spain,Male,45,9,158188.99,1,1,0,18947.51,0
2025,15601137,Klein,700,Spain,Female,36,0,0.0,2,0,1,147347.63,0
2025,15604564,Rodriguez,632,Spain,Female,43,5,134946.3,1,1,0,26822.95,1
2025,15605378,Robert,674,Germany,Female,26,1,157296.22,1,0,1,136898.99,0
2025,15606528,Gutierrez,694,France,Male,35,6,99463.62,2,1,0,55472.84,0
2025,15603164,Schäfer,662,France,Female,45,7,97623.14,1,1,0,33021.66,1
2025,15600387,Martin,703,Germany,Male,50,2,134541.79,1,1,1,197724.42,1
2025,15603652,Moreau,818,Germany,Male,51,10,124066.64,1,1,0,46752.98,1
2025,15603728,Gutierrez,518,Spain,Male,32,9,110079.73,2,1,0,90311.77,0
2025,15605000,Richter,515,France,Female,26,7,0.0,2,1,1,86368.91,0
2025,15605728,Perez,516,Spain,Female,30,10,105074.24,2,1,1,167671.24,0
2025,15607541,Torres,568,Germany,Female,39,5,129057.52,2,1,1,104360.55,0
2025,15603269,Fischer,627,France,Male,25,9,0.0,1,1,1,22244.1,0
2025,15603644,Chidiebere,723,France,Male,32,3,0.0,2,1,0,195116.63,0
2025,15607711,Bartlett,592,France,Female,20,2,0.0,1,0,1,194782.02,0
2025,15600634,Diaz,730,France,Female,35,6,101370.44,1,1,1,73589.62,0
2025,15606267,Romero,682,Germany,Female,33,8,125371.92,1,1,1,149409.3,0
2025,15601771,He,730,France,Male,32,5,0.0,2,0,1,102382.83,0
2025,15602608,Romero,557,France,Male,26,4,144436.74,1,0,1,166630.07,0
2025,15609870,Muller,503,France,Male,66,3,0.0,1,1,0,142866.97,0
2025,15604065,Bauer,669,France,Male,46,10,0.0,2,1,0,92146.94,0
2025,15606745,Onio,683,France,Female,30,0,136864.59,1,0,1,30432.64,0
2025,15605442,Robert,612,France,Male,37,2,84108.75,2,1,1,119418.92,0
2025,15602938,Laurent,759,Spain,Male,30,3,116097.29,1,0,0,79593.85,1
2025,15600406,Koch,768,Germany,Female,32,10,112995.29,2,1,1,147997.27,0
2025,15606755,Koch,409,France,Male,52,7,76955.5,2,1,1,38991.76,0
2025,15602900,Dominguez,850,France,Female,41,7,0.0,1,1,0,182172.0,1
2025,15602662,Meyer,769,France,Male,46,0,0.0,2,1,0,114349.25,0
2025,15603878,Boni,547,France,Female,55,8,0.0,2,1,0,185293.43,0
2025,15602532,Chidiebere,635,France,Female,40,8,0.0,2,1,0,102906.57,0
2025,15609748,Alvarez,771,France,Male,24,6,0.0,1,1,0,12458.25,0
2025,15609173,Garcia,679,France,Male,29,0,0.0,3,1,0,142243.46,1
2025,15605794,Krüger,593,Spain,Male,40,4,188753.1,1,0,0,99102.2,0
2025,15601684,Petit,572,Germany,Female,61,10,176291.43,1,0,1,133428.24,1
2025,15604088,Hernandez,697,Germany,Male,24,3,123223.45,2,1,0,166047.14,0
2025,15603441,Rodriguez,602,France,Male,47,6,137809.01,1,1,1,194798.53,1
2025,15605862,Torres,575,France,Male,41,5,80140.44,2,0,1,164599.1,0
2025,15600653,Moreau,622,Spain,Female,46,0,0.0,1,1,1,75706.95,0
2025,15605974,Lefebvre,695,Germany,Female,66,10,132609.09,1,1,0,156974.8,1
2025,15605050,Meyer,639,Germany,Female,47,1,115256.99,1,0,0,174007.9,1
2025,15600685,Rodriguez,579,France,Male,37,7,0.0,1,0,1,166746.05,0
2025,15602088,Lopez,666,Spain,Female,45,10,186697.01,1,1,1,109502.67,0
2025,15607041,Mitchell,660,Spain,Female,39,9,0.0,1,1,0,38998.52,0
2025,15602426,Hill,850,France,Male,34,9,0.0,2,1,0,27657.19,0
2025,15609052,Schmidt,826,France,Male,18,5,0.0,1,1,1,49319.72,0
2025,15609543,Martin,660,Spain,Female,36,8,0.0,1,1,1,189325.37,0
2025,15606049,Perez,647,France,Female,57,9,0.0,1,1,1,22100.23,1
2025,15600590,Thomas,570,France,Male,29,2,138408.51,2,0,0,149804.6,0
2025,15608938,Wolf,724,Germany,Female,65,3,88374.53,1,1,0,22452.54,1
2025,15602442,Dubois,675,France,Female,38,3,150241.14,2,1,0,102581.01,1
2025,15601232,Meyer,536,Germany,Male,24,3,171173.26,2,1,1,23679.77,0
2025,15609844,Meyer,494,Spain,Male,33,1,0.0,1,1,1,69949.08,0
2025,15600158,Michel,624,France,Female,39,5,0.0,2,1,0,166763.06,0
2025,15609189,Dupont,816,France,Male,18,2,0.0,2,1,1,71519.41,0
2025,15607007,Hoffmann,604,France,Male,40,8,0.0,1,0,1,180312.96,0
2025,15609038,Dupont,554,Spain,Female,60,8,0.0,2,0,0,59816.53,0
2025,15607239,Krüger,767,Spain,Female,33,7,135654.83,2,1,0,53581.51,0
2025,15602647,Wagner,517,Germany,Female,31,7,115919.14,1,1,1,93504.93,0
2025,15604291,Muller,498,France,Male,44,7,0.0,2,1,0,179151.73,0
2025,15602143,Meyer,766,Spain,Male,27,1,121494.38,2,1,1,59021.03,0
2025,15605464,Dupont,507,France,Female,47,7,0.0,2,1,0,184099.47,0
2025,15600058,Robert,632,Spain,Female,28,5,0.0,1,0,0,132105.02,0
2025,15600722,Durand,613,Spain,Male,46,3,146362.24,2,1,1,78324.85,0
2025,15604533,Torres,648,Germany,Male,42,7,132973.85,1,0,1,121245.65,1
2025,15609778,Martinez,556,Spain,Male,32,9,0.0,1,0,0,65054.5,0
2025,15601512,Koch,653,Spain,Female,38,1,144528.75,1,1,0,140658.76,0
2025,15600832,Jimenez,633,France,Female,26,3,125978.47,2,1,0,109949.73,0
2025,15604114,Diaz,518,Germany,Female,31,5,146856.84,1,1,0,70491.54,0
2025,15608004,Gutierrez,695,France,Male,45,2,0.0,3,1,0,152944.23,1
2025,15608280,Koch,730,France,Male,36,10,61443.96,2,1,1,35494.32,0
2025,15604325,Perez,742,Spain,Male,37,9,133713.82,1,1,0,109587.02,0
2025,15603335,Robert,625,Germany,Female,40,6,119849.44,1,1,1,113664.85,0
2025,15605617,Thomas,792,France,Male,26,6,149078.35,2,0,0,120194.54,0
2025,15603450,Schulz,673,Spain,Male,34,3,0.0,1,1,1,104305.0,0
2025,15604616,Martin,599,Germany,Female,25,2,120323.97,1,1,0,88700.86,0
2025,15604462,Laurent,615,France,Female,59,3,0.0,1,0,0,71849.77,1
2025,15602546,Schäfer,638,Germany,Female,30,3,144551.21,1,0,1,150007.04,0
2025,15609874,Moreno,628,Germany,Female,39,2,133511.56,2,0,0,167717.33,0
2025,15601753,Mitchell,655,Germany,Female,31,10,106464.11,1,1,1,87573.65,0
2025,15601891,Thomas,707,Germany,Male,40,6,90491.35,1,1,1,199801.89,0
2025,15609957,Bernard,744,Germany,Female,34,0,91069.85,2,0,1,139534.43,0
2025,15602200,Laurent,753,France,Female,34,4,99465.44,1,1,1,90591.69,0
2025,15601697,Bernard,570,France,Male,39,1,94437.79,1,1,1,81776.43,0
2025,15604905,Schmidt,657,Germany,Female,49,3,89682.12,1,0,1,113565.66,1
2025,15609086,Michel,757,Spain,Male,43,4,19652.66,1,1,0,145595.38,0
2025,15600128,Hargrave,649,France,Female,56,1,0.0,2,0,0,52323.93,0
2025,15608666,Laurent,666,France,Female,18,10,133860.23,2,0,0,83622.82,0
2025,15604956,Schäfer,696,Germany,Female,33,5,76460.22,2,1,1,153517.75,0
2025,15608900,Jimenez,512,France,Female,40,8,0.0,2,1,0,163273.99,0
2025,15607179,Klein,646,France,Female,33,8,117071.33,2,0,1,81320.09,0
2025,15602584,Alonso,760,Spain,Female,38,9,0.0,1,1,1,20952.34,0
2025,15604669,Neumann,715,Spain,Female,36,9,0.0,2,1,0,48964.23,0
2025,15606054,Richter,780,Spain,Female,33,9,0.0,3,0,0,186932.17,1
2025,15604002,Dubois,714,France,Male,33,1,133482.82,1,0,1,65927.63,0
2025,15601127,Schwarz,671,Spain,Male,35,6,0.0,2,1,1,175708.12,0
2025,15605718,Martin,489,France,Female,38,3,0.0,1,1,1,170692.93,0
2025,15602170,Sanchez,689,France,Male,52,10,0.0,1,1,1,125936.05,0
2025,15609738,Jimenez,639,France,Male,18,1,0.0,2,0,1,130653.17,0
2025,15608288,Perez,615,France,Female,30,4,97705.52,1,1,1,82176.14,0
2025,15603492,Richard,594,Spain,Male,49,6,64029.79,1,0,0,77439.71,0
2025,15608808,Thomas,721,Spain,Male,44,10,83755.91,1,1,1,133209.06,0
2025,15601200,Jimenez,780,France,Female,42,10,140783.94,2,1,0,95611.28,0
2025,15601638,Diaz,565,France,Male,37,1,0.0,2,0,1,165458.22,0
2025,15609224,Richard,560,Germany,Male,21,8,116081.73,2,0,0,199607.18,0
2025,15607508,Krüger,746,France,Male,37,8,85006.84,2,1,1,42142.69,0
2025,15600152,Rodriguez,600,Germany,Male,63,10,208281.96,2,0,1,130276.97,1
2025,15601188,Ruiz,538,Spain,Female,39,1,133729.33,2,0,1,150928.04,0
2025,15605180,Sanchez,576,France,Male,48,8,0.0,2,1,0,140355.42,0
2025,15607491,Ruiz,492,Spain,Male,40,9,145912.94,2,1,0,84137.16,0
2025,15604915,Michel,529,Spain,Female,51,3,105445.92,2,1,0,43113.03,0
2025,15602144,Durand,664,Germany,Female,56,3,127603.87,2,1,1,11597.71,1
2025,15606484,Weber,503,France,Male,46,0,88592.42,2,0,0,80635.88,1
2025,15604351,Garcia,627,France,Female,35,0,0.0,2,0,1,142060.69,0
2025,15603910,Chu,600,France,Female,32,0,0.0,1,0,1,52668.95,0
2025,15605147,Gutierrez,675,France,Male,38,7,0.0,1,0,1,137523.33,0
2025,15603346,Perez,459,Spain,Female,44,10,0.0,2,1,0,156706.4,0
2025,15604272,Dubois,773,Germany,Female,55,2,78283.25,2,1,1,19808.61,1
2025,15605183,Koch,791,Spain,Male,31,4,153815.73,2,1,1,12450.18,0
2025,15608565,Zimmermann,612,Spain,Female,52,2,84764.56,2,1,0,180469.34,0
2025,15609260,Richter,767,Spain,Male,27,7,0.0,1,0,1,170753.94,0
2025,15609562,Schulz,700,France,Female,38,6,123413.33,2,1,0,12784.39,0
2025,15606868,Fischer,646,Germany,Female,37,7,161226.96,2,1,1,101715.42,0
2025,15601343,Alonso,602,Germany,Male,35,1,131737.8,1,0,1,145688.84,1
2025,15600651,Lefebvre,620,Germany,Male,42,2,134835.64,3,0,0,59188.98,1
2025,15609485,Rodriguez,658,France,Male,25,6,130412.2,1,1,0,125116.52,0
2025,15604033,Braun,818,France,Female,43,5,0.0,2,1,1,161973.17,0
2025,15609333,Dubois,790,France,Female,39,3,0.0,1,1,1,180684.73,0
2025,15601964,Garcia,698,Spain,Male,56,2,72002.87,1,1,0,113923.17,0
2025,15606615,Hargrave,498,Spain,Male,41,7,50038.95,3,0,1,77407.9,0
2025,15603853,Fischer,476,France,Female,40,5,0.0,1,1,1,91034.27,0
2025,15601113,Thomas,715,Germany,Female,28,9,104143.17,1,1,0,75011.08,1
2025,15601122,Fischer,446,France,Female,48,9,102165.21,1,1,1,48466.46,1
2025,15603044,Moreau,850,Spain,Female,42,1,159624.42,2,0,0,16943.31,0
2025,15601312,Hargrave,659,Germany,Male,33,3,96529.7,1,0,1,98962.55,0
2025,15608320,Martin,614,France,Female,33,6,0.0,1,0,1,50027.75,0
2025,15600931,Hargrave,776,France,Male,24,9,133373.55,2,1,0,52382.66,0
2025,15602579,Perez,804,Germany,Female,55,7,54349.37,1,1,0,151270.41,1
2025,15608701,Boni,520,Spain,Female,38,9,105981.4,2,1,1,107131.93,0
2025,15608238,Wolf,467,France,Female,44,4,0.0,2,1,0,47805.85,1
2025,15607811,Bauer,691,France,Female,27,10,0.0,1,1,1,22893.79,0
2025,15609571,Bartlett,682,France,Female,31,10,70323.55,1,1,1,62110.74,0
2025,15600821,Hoffmann,619,France,Male,40,10,0.0,2,1,1,88804.6,0
2025,15600936,Boni,596,Germany,Male,30,0,85943.49,2,1,0,131943.45,0
2025,15605138,Leroy,445,Spain,Female,18,2,0.0,1,1,0,198382.95,0
2025,15600998,Dominguez,733,Spain,Male,33,7,0.0,2,1,1,75402.46,0
2025,15608883,Martin,639,Spain,Male,31,6,0.0,1,1,1,28323.04,0
2025,15609489,Dubois,528,Spain,Male,61,7,0.0,1,1,0,136055.54,0
2025,15600958,Lefebvre,727,France,Male,43,5,118782.35,1,1,1,95128.94,0
2025,15603566,Chidiebere,696,Germany,Male,24,3,134723.45,2,1,0,77419.54,0
2025,15604861,Ruiz,709,Germany,Male,44,0,137421.86,2,1,0,75020.24,1
2025,15603111,Braun,640,Germany,Male,33,7,122313.82,2,1,0,44688.12,1
2025,15602536,Bauer,609,France,Female,34,6,0.0,1,1,0,197560.56,0
2025,15607973,Dupont,546,Spain,Male,38,3,0.0,2,0,0,124458.72,0
2025,15609105,Braun,635,Spain,Female,20,8,143871.38,1,0,1,160375.17,0
2025,15606930,Lopez,668,France,Female,30,3,0.0,2,1,0,91903.71,0
2025,15604673,Klein,622,France,Male,36,7,0.0,2,0,1,165007.64,0
2025,15607454,Dubois,677,France,Female,28,8,116886.21,1,1,1,124662.76,0
2025,15604345,Rodriguez,458,Germany,Male,41,2,133804.97,2,1,1,175184.53,1
2025,15606396,Schulz,527,Germany,Male,70,6,117503.76,2,0,0,176885.99,1
2025,15600035,Hill,618,France,Female,50,0,0.0,2,1,1,195274.3,0
2025,15606209,Zimmermann,600,Germany,Male,29,1,151214.2,1,1,1,28607.5,0
2025,15602697,Schäfer,614,France,Male,34,2,0.0,1,1,0,166480.04,0
2025,15600960,Schäfer,477,France,Male,39,3,103167.95,1,1,0,152367.17,0
2025,15606570,Hargrave,726,France,Male,22,1,0.0,1,1,1,163400.23,0
2025,15603502,Simon,724,Germany,Female,37,8,104450.92,2,0,1,95518.93,0
2025,15607886,Gomez,717,France,Male,39,9,0.0,1,1,0,195992.85,0
2025,15607956,Bernard,729,France,Female,20,10,86020.4,2,0,0,26296.67,0
2025,15606658,Gutierrez,813,Spain,Female,47,7,91685.27,1,0,1,119096.48,0
2025,15602724,Wolf,598,Germany,Male,41,8,104629.08,1,1,1,114064.15,1
2025,15603872,Thomas,454,France,Male,29,2,130133.38,1,0,1,34312.79,0
2025,15601528,Moreau,611,France,Female,44,7,0.0,2,1,0,84771.73,0
2025,15600241,Alonso,826,Germany,Male,38,4,182362.27,2,1,0,61008.93,0
2025,15608856,Smith,637,France,Male,42,6,135048.55,1,1,1,18937.7,0
2025,15600828,Muller,850,France,Female,27,2,0.0,2,1,0,90985.11,0
2025,15601604,Bartlett,509,France,Male,41,0,0.0,2,0,1,152071.45,0
2025,15609016,Ruiz,707,France,Male,49,0,0.0,1,1,0,188972.18,1
2025,15607260,Rodriguez,713,Germany,Male,50,9,113403.39,1,1,1,29916.72,1
2025,15601235,Boni,778,France,Male,19,10,157887.88,2,0,0,121848.48,0
2025,15604092,Richter,564,France,Female,35,1,197120.63,2,0,0,176881.34,0
2025,15607579,Rodriguez,697,France,Male,49,0,105997.53,4,0,1,39237.16,1
2025,15604563,Simon,625,Spain,Female,49,0,0.0,2,0,0,129370.69,0
2025,15603006,Alonso,762,Spain,Male,56,1,0.0,1,1,1,21694.59,0
2025,15609989,Fischer,716,France,Male,46,2,122483.92,1,0,1,26392.59,0
2025,15602296,Wolf,659,France,Male,47,9,107653.41,1,0,1,106866.74,0
2025,15607350,Bartlett,582,Germany,Female,32,0,161205.84,1,1,0,196187.48,1
2025,15608786,Garcia,667,Spain,Female,43,10,0.0,2,1,1,182836.23,0
2025,15603116,Ruiz,683,France,Male,39,4,0.0,1,1,1,43615.22,0
2025,15603139,Dominguez,446,France,Male,52,7,165200.24,2,0,0,55325.56,0
2025,15604073,Wolf,672,Spain,Male,29,4,118621.63,2,1,1,86804.72,0
2025,15601790,Wolf,721,France,Female,44,1,0.0,2,0,1,49301.64,0
2025,15605559,Alonso,689,Germany,Female,42,4,78837.57,1,1,1,38893.54,1
2025,15606596,Garcia,739,France,Male,21,1,0.0,2,0,1,134562.7,0
2025,15600993,Onio,673,France,Female,36,7,0.0,2,0,1,166506.08,0
2025,15601612,Hill,592,Spain,Female,47,0,0.0,1,1,0,155609.88,1
2025,15600887,Becker,619,France,Male,22,0,0.0,2,1,1,197951.29,0
2025,15607651,Torres,676,France,Male,40,10,0.0,2,1,0,130633.97,0
2025,15606735,He,564,France,Female,37,8,0.0,2,1,1,42283.9,0
2025,15606939,Bernard,610,Germany,Female,40,7,112952.43,1,1,1,186973.7,0
2025,15605804,Weber,637,Spain,Male,26,6,85436.79,2,1,0,44447.93,0
2025,15607062,Lopez,569,Spain,Male,56,3,0.0,2,1,0,186385.55,0
2025,15601588,Onio,556,France,Female,48,6,84391.2,1,0,0,103789.92,1
2025,15601545,Petit,657,Spain,Male,40,7,156253.61,2,1,0,110548.7,0
2025,15603119,Ruiz,812,France,Female,36,10,114050.42,1,1,1,131282.12,0
2025,15606669,Weber,590,France,Male,39,8,130585.91,2,1,0,58497.91,0
2025,15607749,Obinna,777,Spain,Female,30,10,0.0,1,0,1,85183.77,0
2025,15603981,Diaz,762,France,Male,33,4,0.0,1,1,1,84115.83,0
2025,15607744,Perez,829,Germany,Female,26,4,156054.27,2,1,0,198018.14,0
2025,15609440,Martin,594,Spain,Male,29,3,0.0,2,0,1,193304.53,0
2025,15609355,Meyer,789,France,Female,30,8,0.0,2,1,1,117052.89,0
2025,15602167,He,719,Spain,Male,23,10,64307.13,1,0,0,68976.6,0
2025,15608834,He,670,France,Male,45,0,0.0,4,1,1,134597.62,1
2025,15603510,Martinez,520,Spain,Male,40,4,75404.15,1,0,0,54240.14,0
2025,15607953,Becker,559,France,Female,40,7,0.0,2,1,1,177167.92,0
2025,15604562,Fischer,648,France,Female,40,7,0.0,2,1,1,158030.04,0
2025,15603899,Muller,739,France,Male,50,2,56178.64,2,1,1,73298.45,0
2025,15608423,Krüger,519,Germany,Female,34,6,148297.61,2,1,1,51807.58,0
2025,15601160,Gutierrez,699,Spain,Female,30,10,80980.5,2,0,1,125958.43,0
2025,15605413,Schäfer,702,Germany,Female,32,9,106459.55,2,1,0,73476.66,0
2025,15600514,Smith,751,Spain,Male,54,9,0.0,2,1,0,36699.6,0
2025,15601104,Durand,706,Germany,Female,53,8,156469.46,2,0,0,10673.7,1
2025,15603750,Schwarz,687,Germany,Female,53,7,107105.8,1,1,1,148301.78,1
2025,15600964,Schneider,551,Germany,Female,39,3,152659.44,1,1,0,77894.39,0
2025,15601163,Hernandez,582,France,Male,25,4,142127.58,1,1,1,78213.06,0
2025,15600117,Laurent,832,Germany,Male,41,8,81613.31,2,1,1,33639.29,1
2025,15603608,Rodriguez,826,France,Male,49,8,0.0,1,1,0,136756.85,0
2025,15609641,Obinna,599,Germany,Female,53,4,149287.62,1,1,0,98799.43,1
2025,15603770,Schneider,702,France,Male,29,8,99100.32,3,1,0,185425.22,0
2025,15609075,Gomez,768,France,Male,39,10,0.0,2,0,0,10451.81,0
2025,15609638,Moreau,733,Germany,Female,39,1,118514.22,4,1,0,56380.57,1
2025,15600344,Petit,591,Spain,Female,45,1,0.0,2,1,0,30469.76,0
2025,15605539,Schneider,717,Germany,Female,37,1,151834.84,1,0,0,146777.24,1
2025,15601049,Garcia,625,France,Female,36,4,107219.34,2,1,1,199897.95,0
2025,15603681,Martinez,583,Spain,Female,46,6,0.0,2,0,1,73531.92,0
2025,15604061,Wagner,617,Spain,Male,44,7,0.0,1,0,1,51083.72,0
2025,15601982,Boni,413,Spain,Male,29,1,126335.08,1,0,1,14044.2,0
2025,15607397,Martin,712,France,Male,45,8,0.0,2,0,0,72760.11,0
2025,15608479,Zimmermann,582,Germany,Male,40,3,161066.4,1,1,0,69085.19,0
2025,15607177,Simon,812,Spain,Female,40,3,0.0,2,0,1,154307.21,0
2025,15606118,Martinez,701,Spain,Male,56,0,153392.45,2,1,1,72260.42,0
2025,15606537,Leroy,820,Germany,Female,33,7,114861.57,1,1,1,59204.2,1
2025,15605107,Lopez,534,France,Female,42,0,0.0,2,1,0,21921.71,0
2025,15603295,Ruiz,532,Germany,Male,55,4,99776.65,1,1,0,36748.32,1
2025,15608835,Richard,587,Germany,Female,35,5,152115.9,1,0,1,86951.91,0
2025,15603470,Perez,609,France,Male,40,2,0.0,2,1,0,34877.88,0
2025,15606932,Laurent,672,Spain,Male,56,8,154159.58,1,1,0,150496.28,0
2025,15608645,Moreno,711,France,Male,45,6,87279.49,1,1,0,81575.91,1
2025,15604342,Smith,395,France,Female,45,5,136412.14,1,1,1,16943.14,0
2025,15602705,Michel,497,Germany,Female,38,1,109989.2,2,1,0,157031.01,0
2025,15609007,Braun,559,Germany,Female,19,0,82951.74,2,1,1,197487.79,0
2025,15607787,Dupont,726,France,Female,30,2,70794.02,2,1,0,63225.57,0
2025,15602103,Petit,737,France,Male,50,5,0.0,2,1,1,57210.38,0
2025,15602060,Chidiebere,604,Germany,Male,48,4,99035.54,2,0,1,149986.94,1
2025,15608727,Moreno,559,France,Female,41,3,136520.02,2,1,1,94323.29,0
2025,15601133,Hill,575,Germany,Male,49,5,96184.57,2,0,1,174257.5,1
2025,15607962,Gomez,680,Germany,Male,42,0,111021.86,2,0,1,116718.95,1
2025,15601403,Moreno,537,France,Female,44,6,131805.01,2,1,0,80835.98,0
2025,15601290,Leroy,733,Germany,Female,36,5,140967.75,1,1,1,47795.5,0
2025,15609295,Muller,727,France,Male,61,8,105035.89,2,1,1,198199.25,0
2025,15603946,Lopez,671,Germany,Male,28,5,92416.19,2,1,1,59746.09,0
2025,15600949,Dubois,653,Germany,Male,47,2,162165.84,1,1,1,152070.98,1
2025,15603923,Meyer,518,France,Male,37,4,142934.32,2,1,1,107522.6,0
2025,15605038,Alonso,678,Spain,Female,31,9,122228.92,2,1,0,132990.8,0
2025,15605947,Martinez,841,Germany,Male,26,5,140549.49,2,1,1,133738.14,0
2025,15601832,Martinez,451,France,Female,47,10,87410.47,1,1,0,186661.16,0
2025,15600319,Koch,565,Spain,Female,26,6,0.0,1,1,1,19055.57,0
2025,15608005,Schulz,766,France,Male,18,4,156477.43,2,0,0,98938.11,0
2025,15605310,Alonso,689,Germany,Female,35,8,173207.53,1,1,0,130325.56,0
2025,15609813,Gomez,535,Spain,Female,42,9,0.0,2,0,1,46603.9,0
2025,15600009,Boni,620,Germany,Male,39,9,89959.17,1,0,0,56103.06,0
2025,15608689,Bauer,725,France,Male,48,7,0.0,1,1,0,32399.66,0
2025,15608837,Chu,765,Germany,Male,50,6,114523.16,4,1,1,125666.19,1
2025,15602646,Lopez,743,France,Female,51,9,0.0,1,1,0,197435.29,0
2025,15606126,Schulz,837,Spain,Male,27,3,105213.0,2,1,1,57477.88,0
2025,15609885,Chu,671,France,Female,38,1,0.0,2,1,0,158940.66,0
2025,15603258,Robert,672,France,Female,47,7,0.0,1,1,0,89480.5,0
2025,15609859,Hargrave,543,France,Female,42,1,0.0,1,1,1,110418.09,0
2025,15604889,Robert,796,France,Male,27,2,98285.99,1,1,1,57026.58,0
2025,15601743,Muller,573,Spain,Female,59,10,0.0,2,0,0,118466.87,1
2025,15608317,Petit,680,France,Male,40,10,96570.94,1,1,0,157918.47,0
2025,15602927,Klein,608,Spain,Female,39,5,106341.8,2,1,0,136237.6,0
2025,15608201,Obinna,591,Germany,Female,37,4,113766.4,2,1,1,109753.36,0
2025,15604315,Durand,639,France,Female,32,2,110139.53,1,0,1,197428.48,0
2025,15600053,Koch,577,France,Female,41,5,111364.71,1,1,1,122108.07,0
2025,15607433,Chidiebere,612,Germany,Male,37,7,68681.26,1,1,0,30466.52,0
2025,15602591,Garcia,519,Spain,Male,38,4,0.0,2,1,1,51318.7,0
2025,15607123,Wolf,664,Spain,Male,22,8,162202.23,1,1,1,144218.71,0
2025,15604808,Onio,652,France,Male,19,9,0.0,2,0,0,84983.48,0
2025,15601827,Ruiz,691,France,Male,33,3,58720.12,2,1,1,193998.23,0
2025,15605573,Garcia,766,Germany,Female,62,6,143311.69,1,0,0,108471.08,1
2025,15604371,Garcia,644,France,Male,25,5,0.0,2,1,1,141837.63,0
2025,15608797,Michel,629,Germany,Male,47,4,131996.35,2,1,0,180263.9,1
2025,15601876,Klein,620,Spain,Female,25,9,0.0,2,1,1,131498.32,0
2025,15600188,Thomas,591,France,Female,30,3,99316.01,1,1,1,165874.51,0
2025,15609064,Muller,622,Germany,Female,22,7,147542.37,2,1,1,13695.72,0
2025,15604119,Robert,581,Spain,Male,42,9,0.0,2,0,1,38552.42,0
2025,15608669,Meyer,685,France,Female,40,5,85227.94,1,1,1,86752.81,0
2025,15607668,Torres,724,Germany,Male,18,8,153994.59,1,1,1,51707.43,0
2025,15609763,Smith,597,France,Male,50,2,130777.26,1,0,0,194005.82,0
2025,15606252,Braun,666,Spain,Male,31,6,117710.02,1,1,0,50251.21,0
2025,15606304,Chidiebere,672,Spain,Male,31,1,0.0,1,1,1,25867.96,0
2025,15601040,Lopez,687,Spain,Male,32,8,98725.17,2,1,0,58470.42,0
2025,15609771,Dubois,663,France,Female,28,0,95794.93,2,1,0,186012.25,0
2025,15606916,Alonso,559,France,Male,27,10,0.0,2,0,0,119580.74,1
2025,15602621,Wagner,793,Germany,Female,49,0,124167.54,2,0,0,167424.95,1
2025,15602504,He,608,France,Male,22,2,93253.84,1,1,1,189834.07,0
2025,15601796,Garcia,684,Germany,Female,35,2,124018.71,1,1,1,79983.45,0
2025,15600771,Lopez,558,France,Male,34,1,181030.78,2,1,0,14948.49,0
2025,15601489,Rodriguez,581,Spain,Female,46,0,79387.94,1,0,1,28090.16,0
2025,15608085,Hill,594,France,Male,39,2,0.0,2,0,1,47797.84,0
2025,15608348,Gomez,680,Germany,Male,23,7,152149.16,2,0,0,120297.96,0
2025,15602266,Perez,597,France,Female,47,4,0.0,2,0,1,10827.27,0
2025,15603593,Dupont,611,France,Male,35,7,147850.52,4,0,0,63259.67,1
2025,15605930,Wolf,756,France,Female,40,0,149842.66,2,1,0,76271.84,0
2025,15606543,Petit,841,Germany,Female,26,10,162263.74,1,0,0,142347.61,0
2025,15609560,Wolf,631,France,Male,53,5,0.0,3,0,1,71416.9,0
2025,15607019,Durand,559,Spain,Male,43,2,0.0,1,1,0,89192.17,1
2025,15609577,Alvarez,686,Spain,Male,26,9,0.0,1,0,1,12247.96,0
2025,15604304,Richard,830,Germany,Female,27,8,166616.21,1,0,0,155895.39,0
2025,15608830,Boni,628,Spain,Female,48,3,71833.5,1,1,1,147627.99,0
2025,15609197,Koch,579,Spain,Male,21,0,0.0,1,1,0,64450.18,0
2025,15604040,Klein,442,France,Female,41,4,145489.59,2,0,0,49625.9,0
2025,15602287,Gomez,765,Spain,Female,30,4,123663.18,1,1,0,69253.34,0
2025,15604339,Munoz,508,France,Male,34,6,0.0,1,0,1,169451.06,0
2025,15602340,Simon,756,France,Female,35,2,0.0,2,1,0,114302.58,0
2025,15607517,Hoffmann,614,France,Female,27,5,0.0,1,1,0,129865.9,1
2025,15606482,Laurent,699,France,Male,42,2,0.0,1,1,1,90026.63,0
2025,15608179,Bartlett,552,France,Female,40,4,0.0,1,0,1,170383.23,0
2025,15603483,Dupont,739,France,Female,40,7,64441.57,1,1,0,26883.17,1
2025,15605155,Robert,744,France,Male,38,2,0.0,2,0,0,189587.58,0
2025,15609292,Munoz,551,Germany,Female,52,1,186013.84,2,1,1,119664.25,1
2025,15603456,Diaz,659,France,Female,44,10,26710.84,1,0,0,34008.87,1
2025,15601084,Bartlett,672,Germany,Male,33,0,110395.51,2,1,0,117620.27,0
2025,15604386,Wolf,494,France,Male,23,0,113147.39,1,0,1,106069.13,0
2025,15606572,Rodriguez,547,France,Female,48,10,0.0,1,1,0,95018.82,1
2025,15605168,Krüger,587,Spain,Female,48,10,0.0,1,1,1,167934.27,0
2025,15600525,Martin,696,Spain,Female,50,6,0.0,1,1,1,94741.03,0
2025,15603752,Fischer,551,Spain,Female,41,5,0.0,2,1,1,167166.02,0
2025,15600916,Martin,548,France,Male,25,3,127129.73,1,0,1,70843.05,0
2025,15605313,Schneider,537,Spain,Male,40,7,0.0,2,1,0,85349.2,0
2025,15603598,Moreau,571,Spain,Female,48,8,0.0,1,1,1,137661.02,0
2025,15609125,Ruiz,672,Spain,Male,42,8,0.0,2,1,1,54967.52,0
2025,15604422,Becker,699,France,Female,20,9,147046.16,1,1,1,94028.71,0
2025,15606216,Schwarz,668,Spain,Male,36,0,0.0,2,1,0,132580.97,0
2025,15607573,Schwarz,526,Germany,Male,42,6,139622.55,1,1,0,74245.71,1
2025,15602677,Schneider,800,Spain,Male,31,5,60717.07,2,1,1,124501.82,0
2025,15604010,Munoz,695,Germany,Male,27,7,129687.09,1,1,0,191017.5,0
2025,15608751,Laurent,559,France,Male,33,9,0.0,1,1,1,55471.81,0
2025,15602803,Braun,817,Spain,Female,36,0,0.0,2,1,1,60370.77,0
2025,15601169,Chidiebere,683,France,Male,47,8,163795.77,1,1,1,124204.71,0
2025,15604374,Alvarez,350,Germany,Female,41,3,123816.04,2,0,1,117280.33,1
2025,15603432,Robert,586,France,Male,38,10,0.0,1,1,1,175392.88,0
2025,15605820,Jimenez,544,France,Female,31,7,71953.99,2,1,0,116231.39,0
2025,15606065,Moreau,772,France,Female,21,10,0.0,1,0,0,149351.99,1
2025,15602664,Zimmermann,514,France,Female,33,9,0.0,2,0,0,171972.02,0
2025,15605977,Onio,647,France,Male,47,8,0.0,2,1,1,94190.31,0
2025,15607428,Lefebvre,642,France,Male,50,6,143632.21,1,1,1,88079.41,0
2025,15604554,Romero,847,France,Female,31,4,0.0,2,1,1,39959.43,0
2025,15606227,Wagner,644,Germany,Male,34,5,124917.96,2,0,1,83683.75,0
2025,15601654,Obinna,608,France,Male,32,5,0.0,1,1,1,24491.41,0
2025,15603814,Boni,742,France,Male,48,3,0.0,1,0,0,134872.51,0
2025,15601307,Bauer,735,France,Male,44,7,0.0,2,1,1,128768.18,0
2025,15604741,Gutierrez,584,France,Male,59,5,99020.78,1,1,1,24304.11,0
2025,15603733,Becker,641,France,Male,31,8,82223.64,1,1,1,17419.36,0
2025,15600750,Robert,605,France,Male,33,6,0.0,1,1,0,79865.63,0
2025,15601139,Neumann,600,Germany,Female,35,3,126509.66,2,1,1,48827.71,0
2025,15603150,Chidiebere,756,France,Male,66,1,0.0,1,0,0,138525.21,0
2025,15609459,Schröder,588,Spain,Female,41,9,0.0,1,1,0,187701.4,0
2025,15605925,Schwarz,702,France,Female,33,6,170506.49,2,0,0,68142.5,0
2025,15604803,Fischer,694,France,Male,44,10,110116.24,2,1,1,153961.61,0
2025,15609044,Wolf,799,Germany,Male,21,4,124484.9,1,0,0,121088.77,0
2025,15601291,Durand,679,France,Female,47,5,0.0,1,0,0,52370.47,0
2025,15606201,Leroy,632,Germany,Male,26,6,80211.76,1,1,1,42682.56,0
2025,15602045,Jimenez,574,Germany,Male,34,8,130940.24,1,0,1,25208.35,0
2025,15608785,Lefebvre,568,France,Male,50,0,119232.82,1,0,1,26550.49,0
2025,15607527,Rodriguez,639,France,Female,40,8,105029.23,1,1,1,80996.0,0
2025,15600711,Meyer,597,France,Female,22,7,121365.41,2,1,1,27239.17,0
2025,15604333,Robert,712,Spain,Female,49,3,0.0,1,1,0,15103.19,0
2025,15609891,Hoffmann,685,France,Female,41,3,0.0,2,0,1,157544.23,0
2025,15605635,Meyer,731,Germany,Female,26,10,130848.27,2,0,1,98392.17,0
2025,15605881,Durand,698,France,Female,54,9,90975.94,1,1,1,108484.7,0
2025,15601584,Koch,602,Germany,Male,25,2,79265.58,1,0,1,116149.35,1
2025,15606224,Ruiz,577,France,Female,39,9,0.0,2,1,1,68942.28,0
2025,15601519,Fischer,633,France,Male,37,8,114576.51,2,0,1,110955.16,0
2025,15601674,Robert,580,France,Male,40,9,0.0,2,0,1,199056.62,0
2025,15605514,Onio,763,France,Female,46,4,0.0,1,1,1,153399.04,0
2025,15603527,Dupont,546,France,Male,53,6,0.0,2,1,0,198612.91,0
2025,15602547,Jimenez,626,Spain,Female,41,9,74320.46,1,1,1,127201.9,0
2025,15604552,Muller,746,Germany,Male,41,10,79442.58,1,1,1,122703.03,1
2025,15605574,Laurent,784,France,Male,51,5,0.0,2,1,1,95146.68,0
2025,15606924,Bauer,638,France,Male,42,5,140271.13,1,1,1,162258.39,0
2025,15602615,Neumann,762,Spain,Male,30,6,114194.32,2,1,0,73195.75,0
2025,15600106,Richter,694,Germany,Female,39,3,97793.42,2,1,0,10271.51,0
2025,15604557,Braun,850,Germany,Female,45,9,88722.02,2,0,1,20192.32,1
2025,15609654,He,813,France,Female,47,8,0.0,2,1,0,118148.65,0
2025,15607359,Dominguez,745,Spain,Male,29,3,0.0,2,0,1,79532.65,0
2025,15603611,Dubois,776,France,Male,38,0,34142.95,2,0,0,24084.56,0
2025,15606873,Hargrave,819,Germany,Male,41,10,95964.37,2,1,1,24056.81,1
2025,15608928,Diaz,484,Germany,Male,46,4,102856.49,1,1,1,23340.01,1
2025,15603257,Michel,719,Spain,Male,35,7,0.0,2,1,1,156669.62,0
2025,15609195,Martin,564,Spain,Female,40,1,75660.29,1,1,1,80504.65,0
2025,15600434,Klein,756,France,Female,28,1,116436.85,1,1,0,191410.74,0
2025,15609863,Weber,755,France,Female,27,1,79331.8,2,0,1,149779.58,0
2025,15608279,Jimenez,685,France,Male,46,2,0.0,2,1,0,192136.22,0
2025,15603811,Chu,542,Spain,Female,43,5,0.0,1,1,1,195796.87,1
2025,15603582,Alonso,683,Spain,Male,23,1,97718.48,1,0,0,124509.42,0
2025,15601535,Braun,653,Spain,Male,33,8,0.0,1,1,0,11739.03,0
2025,15600488,Navarro,641,Spain,Male,36,3,82108.37,1,1,1,73682.61,0
2025,15600520,Martin,588,Germany,Male,30,9,110172.48,1,0,0,23756.73,0
2025,15606912,Hill,519,France,Male,48,10,87941.9,2,1,0,20377.16,0
2025,15609674,Dominguez,571,Germany,Male,42,4,134887.58,1,0,0,46532.16,1
2025,15601424,Diaz,774,France,Male,33,1,0.0,2,1,1,131921.49,0
2025,15608935,Diaz,768,France,Male,52,3,137029.78,1,1,0,132491.7,0
2025,15601679,Diaz,695,France,Male,28,4,0.0,1,1,1,104592.79,1
2025,15602286,Schneider,637,France,Female,32,2,0.0,1,0,1,159871.37,0
2025,15603657,Martin,760,Germany,Male,34,5,130052.07,2,0,1,37157.06,0
2025,15604012,He,628,Spain,Male,34,9,92311.92,1,0,0,130959.9,0
2025,15604506,Bartlett,612,Spain,Male,35,1,80778.11,2,1,1,191574.64,0
2025,15600409,Zimmermann,598,France,Male,28,7,140080.73,1,0,0,50323.98,0
2025,15601824,Wagner,850,France,Male,39,7,0.0,2,0,1,82428.72,0
